0,-110.6496,0.0000,0.0994,0.9436
0,-110.6496,0.0000,0.0500,0.9436
0,-110.6496,0.0000,0.0801,0.9436
0,-110.6496,0.0000,0.0926,0.9436
0,-110.6496,0.0000,-0.0340,0.9436
0,-110.6496,0.0000,0.2414,0.9436
0,-110.6496,0.0000,0.3003,0.9436
0,-110.6496,0.0000,0.0000,0.9436
1,-1.1302,0.0000,0.0000,0.9427
1,-1.1302,0.0000,0.0000,0.9427
1,-1.1302,0.0000,0.2781,0.9427
1,-1.1302,0.0000,0.0000,0.9427
1,-1.1302,0.0000,0.0000,0.9427
1,-1.1302,0.0000,0.0000,0.9427
1,-1.1302,0.0000,0.0000,0.9427
1,-1.1302,0.0000,0.0000,0.9427
2,-91.4452,0.3522,-0.0400,0.8294
2,-91.4452,0.4007,-0.4986,0.8294
2,-91.4452,0.4224,-0.7215,0.8294
2,-91.4452,0.3711,-0.2767,0.8294
2,-91.4452,0.4559,0.1217,0.8294
2,-91.4452,0.3567,-0.2902,0.8294
2,-91.4452,0.3649,0.5211,0.8294
2,-91.4452,0.4586,0.2197,0.8294
3,-1.1551,0.0000,0.0000,0.8285
3,-1.1551,0.0000,0.0000,0.8285
3,-1.1551,0.0000,0.0000,0.8285
3,-1.1551,0.0000,0.0000,0.8285
3,-1.1551,0.0000,0.1281,0.8285
3,-1.1551,0.0000,0.0000,0.8285
3,-1.1551,0.0000,0.0000,0.8285
3,-1.1551,0.0000,0.0000,0.8285
4,-124.4312,0.2158,-0.2367,0.6913
4,-124.4312,0.2488,-0.2188,0.6913
4,-124.4312,0.1791,-0.3503,0.6913
4,-124.4312,0.1834,-0.1825,0.6913
4,-124.4312,0.2453,-0.2971,0.6913
4,-124.4312,0.1630,-0.3232,0.6913
4,-124.4312,0.1964,-0.0350,0.6913
4,-124.4312,0.2158,-0.2997,0.6913
5,-1.1224,0.0000,0.0000,0.6906
5,-1.1224,0.0000,-0.2913,0.6906
5,-1.1224,0.0000,-0.5000,0.6906
5,-1.1224,0.0000,-0.4539,0.6906
5,-1.1224,0.0000,-0.5639,0.6906
5,-1.1224,0.0000,0.0000,0.6906
5,-1.1224,0.0000,0.0000,0.6906
5,-1.1224,0.0000,0.0000,0.6906
6,-120.5669,0.2080,-1.4810,0.5843
6,-120.5669,0.2271,-0.9588,0.5843
6,-120.5669,0.3051,-2.2772,0.5843
6,-120.5669,0.3588,-1.5087,0.5843
6,-120.5669,0.3430,-0.3572,0.5843
6,-120.5669,0.1535,-1.3082,0.5843
6,-120.5669,0.2422,-0.3761,0.5843
6,-120.5669,0.4407,-1.6351,0.5843
7,-1.1805,0.0000,-1.3333,0.5838
7,-1.1805,0.0000,0.0000,0.5838
7,-1.1805,0.0000,-2.3315,0.5838
7,-1.1805,0.0000,-1.3035,0.5838
7,-1.1805,0.0000,0.1224,0.5838
7,-1.1805,0.0000,0.0000,0.5838
7,-1.1805,0.0000,0.0000,0.5838
7,-1.1805,0.0000,-1.1592,0.5838
8,-129.1463,0.1281,-0.6183,0.4803
8,-129.1463,0.1165,-0.3548,0.4803
8,-129.1463,0.1893,-0.9812,0.4803
8,-129.1463,0.1013,-0.5283,0.4803
8,-129.1463,0.2302,-0.0516,0.4803
8,-129.1463,0.1133,-0.4019,0.4803
8,-129.1463,0.1299,-0.3425,0.4803
8,-129.1463,0.2413,-0.6013,0.4803
9,-1.1474,0.0000,0.0000,0.4798
9,-1.1474,0.0000,0.0000,0.4798
9,-1.1474,0.0000,0.0000,0.4798
9,-1.1474,0.0000,-0.6716,0.4798
9,-1.1474,0.0000,-0.0192,0.4798
9,-1.1474,0.0000,-0.4458,0.4798
9,-1.1474,0.0000,0.0000,0.4798
9,-1.1474,0.0000,0.0000,0.4798
10,-133.6293,0.0580,-0.7322,0.3869
10,-133.6293,0.0951,-0.2536,0.3869
10,-133.6293,0.0759,-1.1735,0.3869
10,-133.6293,0.1181,-0.2241,0.3869
10,-133.6293,0.1341,0.3222,0.3869
10,-133.6293,0.0363,-0.5043,0.3869
10,-133.6293,0.1015,-0.0173,0.3869
10,-133.6293,0.1451,-0.3957,0.3869
11,-1.0789,0.0000,-0.8333,0.3866
11,-1.0789,0.0000,0.0000,0.3866
11,-1.0789,0.0000,-1.6647,0.3866
11,-1.0789,0.0000,0.0000,0.3866
11,-1.0789,0.0000,0.0000,0.3866
11,-1.0789,0.0000,-0.4259,0.3866
11,-1.0789,0.0000,0.0000,0.3866
11,-1.0789,0.0000,0.0000,0.3866
12,-228.4395,0.2659,-0.5960,0.2721
12,-228.4395,0.2142,-0.5831,0.2721
12,-228.4395,0.2367,-0.9391,0.2721
12,-228.4395,0.2459,-0.4688,0.2721
12,-228.4395,0.2348,-0.5028,0.2721
12,-228.4395,0.2433,-0.5927,0.2721
12,-228.4395,0.2160,-0.1222,0.2721
12,-228.4395,0.2607,-0.5368,0.2721
13,-1.1124,0.0000,-1.0905,0.2718
13,-1.1124,0.0000,-1.3454,0.2718
13,-1.1124,0.0000,0.0000,0.2718
13,-1.1124,0.0000,-1.1412,0.2718
13,-1.1124,0.0000,-1.1110,0.2718
13,-1.1124,0.0000,-1.1807,0.2718
13,-1.1124,0.0000,-0.4044,0.2718
13,-1.1124,0.0000,0.0000,0.2718
14,-76.0544,0.1482,-1.0757,0.2447
14,-76.0544,0.1390,-1.5713,0.2447
14,-76.0544,0.1561,-1.2944,0.2447
14,-76.0544,0.0948,-1.2542,0.2447
14,-76.0544,0.1550,-0.8581,0.2447
14,-76.0544,0.1468,-1.0543,0.2447
14,-76.0544,0.1284,-0.0024,0.2447
14,-76.0544,0.2142,-0.1192,0.2447
15,-1.1635,0.0000,-1.4355,0.2445
15,-1.1635,0.0000,0.0000,0.2445
15,-1.1635,0.0000,0.0000,0.2445
15,-1.1635,0.0000,-1.7313,0.2445
15,-1.1635,0.0000,-1.3891,0.2445
15,-1.1635,0.0000,-1.5775,0.2445
15,-1.1635,0.0000,-0.3597,0.2445
15,-1.1635,0.0000,-0.6638,0.2445
16,-171.4700,0.0767,-1.1941,0.1913
16,-171.4700,0.1375,-1.1215,0.1913
16,-171.4700,0.1026,-1.3818,0.1913
16,-171.4700,0.0980,-1.0253,0.1913
16,-171.4700,0.1163,-0.4357,0.1913
16,-171.4700,0.0647,-1.1426,0.1913
16,-171.4700,0.1196,-0.4808,0.1913
16,-171.4700,0.1193,-0.8843,0.1913
17,-1.1309,0.0000,0.0000,0.1911
17,-1.1309,0.0000,-1.1484,0.1911
17,-1.1309,0.0000,-1.5183,0.1911
17,-1.1309,0.0000,-1.1281,0.1911
17,-1.1309,0.0000,-0.2089,0.1911
17,-1.1309,0.0000,0.0000,0.1911
17,-1.1309,0.0000,-0.4764,0.1911
17,-1.1309,0.0000,-1.2176,0.1911
18,-190.5278,0.1069,-1.5624,0.1491
18,-190.5278,0.1057,-1.0293,0.1491
18,-190.5278,0.1225,-1.5941,0.1491
18,-190.5278,0.1492,-1.1867,0.1491
18,-190.5278,0.0944,-0.3652,0.1491
18,-190.5278,0.1050,-1.3833,0.1491
18,-190.5278,0.1248,-0.5933,0.1491
18,-190.5278,0.1768,-1.2874,0.1491
19,-1.1698,0.0000,-1.5123,0.1490
19,-1.1698,0.0000,-1.3176,0.1490
19,-1.1698,0.0000,-1.7790,0.1490
19,-1.1698,0.0000,0.0000,0.1490
19,-1.1698,0.0000,0.2100,0.1490
19,-1.1698,0.0000,-1.5455,0.1490
19,-1.1698,0.0000,-0.3975,0.1490
19,-1.1698,0.0000,-1.4595,0.1490
20,-215.9525,0.2328,-1.1594,0.1133
20,-215.9525,0.3426,-1.2003,0.1133
20,-215.9525,0.2925,-1.1761,0.1133
20,-215.9525,0.2661,-1.0535,0.1133
20,-215.9525,0.3321,-0.7157,0.1133
20,-215.9525,0.2830,-1.0781,0.1133
20,-215.9525,0.2169,-0.7586,0.1133
21,-1.1573,0.0000,-2.0157,0.1131
21,-1.1573,0.0000,-1.8581,0.1131
21,-1.1573,0.0000,-1.9794,0.1131
21,-1.1573,0.0000,-2.2188,0.1131
21,-1.1573,0.0000,0.0000,0.1131
21,-1.1573,0.0000,-2.1581,0.1131
21,-1.1573,0.0000,-1.3187,0.1131
21,-1.1573,0.0000,-1.9054,0.1131
22,-106.9130,0.3571,-1.8905,0.0961
22,-106.9130,0.2763,-1.7136,0.0961
22,-106.9130,0.3694,-1.6345,0.0961
22,-106.9130,0.3475,-1.5915,0.0961
22,-106.9130,0.3391,-0.8964,0.0961
22,-106.9130,0.3601,-1.5499,0.0961
22,-106.9130,0.3257,-1.0184,0.0961
22,-106.9130,0.3451,-1.3036,0.0961
23,-1.1196,0.0000,-2.3775,0.0960
23,-1.1196,0.0000,-2.3177,0.0960
23,-1.1196,0.0000,-2.3058,0.0960
23,-1.1196,0.0000,-2.1012,0.0960
23,-1.1196,0.0000,-1.4820,0.0960
23,-1.1196,0.0000,-2.1863,0.0960
23,-1.1196,0.0000,-1.4509,0.0960
23,-1.1196,0.0000,-1.8287,0.0960
24,-123.4892,0.2116,-1.7376,0.0803
24,-123.4892,0.1871,-1.5072,0.0803
24,-123.4892,0.1598,-1.9369,0.0803
24,-123.4892,0.1183,-1.3925,0.0803
24,-123.4892,0.1191,-1.3822,0.0803
24,-123.4892,0.1219,-1.8488,0.0803
24,-123.4892,0.1618,-0.7418,0.0803
24,-123.4892,0.1852,-1.3335,0.0803
25,-1.1250,0.0000,-2.1039,0.0802
25,-1.1250,0.0000,-2.0394,0.0802
25,-1.1250,0.0000,-2.2558,0.0802
25,-1.1250,0.0000,-1.6770,0.0802
25,-1.1250,0.0000,-1.3810,0.0802
25,-1.1250,0.0000,-2.2475,0.0802
25,-1.1250,0.0000,-0.6686,0.0802
25,-1.1250,0.0000,-1.5613,0.0802
26,-146.6945,0.1056,-1.9299,0.0653
26,-146.6945,0.1915,-1.8268,0.0653
26,-146.6945,0.0694,-2.1503,0.0653
26,-146.6945,0.1286,-1.6905,0.0653
26,-146.6945,0.1233,-1.8757,0.0653
26,-146.6945,0.0669,-1.6666,0.0653
26,-146.6945,0.1438,-1.1673,0.0653
26,-146.6945,0.1082,-1.5164,0.0653
27,-1.1285,0.0000,-2.7387,0.0652
27,-1.1285,0.0000,-2.5101,0.0652
27,-1.1285,0.0000,-3.2331,0.0652
27,-1.1285,0.0000,-2.7160,0.0652
27,-1.1285,0.0000,0.0000,0.0652
27,-1.1285,0.0000,-2.4138,0.0652
27,-1.1285,0.0000,-1.5782,0.0652
27,-1.1285,0.0000,-2.0802,0.0652
28,-143.4044,0.1168,-2.0544,0.0526
28,-143.4044,0.0794,-2.0059,0.0526
28,-143.4044,0.1727,-2.5314,0.0526
28,-143.4044,0.0870,-1.8441,0.0526
28,-143.4044,0.1349,-2.0040,0.0526
28,-143.4044,0.1916,-1.9476,0.0526
28,-143.4044,0.1058,-1.4158,0.0526
28,-143.4044,0.1319,-1.6194,0.0526
29,-1.1072,0.0000,-3.0277,0.0526
29,-1.1072,0.0000,-3.0319,0.0526
29,-1.1072,0.0000,-3.5426,0.0526
29,-1.1072,0.0000,-2.9189,0.0526
29,-1.1072,0.0000,-3.0420,0.0526
29,-1.1072,0.0000,-2.9414,0.0526
29,-1.1072,0.0000,-2.0362,0.0526
29,-1.1072,0.0000,-2.2780,0.0526
30,-109.3433,0.2611,-2.8828,0.0454
30,-109.3433,0.1138,-2.1418,0.0454
30,-109.3433,0.2992,-3.0538,0.0454
30,-109.3433,0.1637,-2.2658,0.0454
30,-109.3433,0.0634,-1.2625,0.0454
30,-109.3433,0.1987,-2.7041,0.0454
30,-109.3433,0.1880,-1.5864,0.0454
30,-109.3433,0.2036,-2.7424,0.0454
31,-1.1979,0.0000,-3.1718,0.0453
31,-1.1979,0.0000,-2.8080,0.0453
31,-1.1979,0.0000,-3.6118,0.0453
31,-1.1979,0.0000,-2.9494,0.0453
31,-1.1979,0.0000,-1.4136,0.0453
31,-1.1979,0.0000,-2.9925,0.0453
31,-1.1979,0.0000,-1.7313,0.0453
31,-1.1979,0.0000,-3.0643,0.0453
32,-151.7345,0.4045,-2.3386,0.0369
32,-151.7345,0.4269,-1.8054,0.0369
32,-151.7345,0.5316,-2.6879,0.0369
32,-151.7345,0.4667,-2.0180,0.0369
32,-151.7345,0.3935,-1.5652,0.0369
32,-151.7345,0.4612,-2.4380,0.0369
32,-151.7345,0.4002,-1.2127,0.0369
32,-151.7345,0.4230,-2.5291,0.0369
33,-1.1547,0.0000,0.0000,0.0369
33,-1.1547,0.0000,-2.3577,0.0369
33,-1.1547,0.0000,-3.3984,0.0369
33,-1.1547,0.0000,-2.6184,0.0369
33,-1.1547,0.0000,0.0000,0.0369
33,-1.1547,0.0000,-2.8142,0.0369
33,-1.1547,0.0000,-1.4145,0.0369
33,-1.1547,0.0000,-3.1577,0.0369
34,-165.3191,0.1909,-2.7750,0.0285
34,-165.3191,0.2195,-2.2110,0.0285
34,-165.3191,0.2285,-2.9449,0.0285
34,-165.3191,0.1444,-2.2769,0.0285
34,-165.3191,0.1582,-1.5973,0.0285
34,-165.3191,0.1594,-2.5066,0.0285
34,-165.3191,0.2074,-1.4462,0.0285
34,-165.3191,0.1193,-2.5735,0.0285
35,-1.1656,0.0000,-3.8286,0.0285
35,-1.1656,0.0000,-3.8364,0.0285
35,-1.1656,0.0000,-4.2378,0.0285
35,-1.1656,0.0000,-3.9089,0.0285
35,-1.1656,0.0000,-1.9212,0.0285
35,-1.1656,0.0000,-3.6140,0.0285
35,-1.1656,0.0000,-2.3962,0.0285
35,-1.1656,0.0000,-3.7766,0.0285
36,-94.6840,0.2306,-3.1192,0.0251
36,-94.6840,0.1957,-3.0700,0.0251
36,-94.6840,0.0967,-3.2215,0.0251
36,-94.6840,0.1944,-2.9871,0.0251
36,-94.6840,0.1892,-2.0998,0.0251
36,-94.6840,0.1874,-2.8517,0.0251
36,-94.6840,0.1076,-2.0226,0.0251
36,-94.6840,0.2688,-2.6316,0.0251
37,-1.1951,0.0000,-4.8201,0.0250
37,-1.1951,0.0000,0.0000,0.0250
37,-1.1951,0.0000,-4.7894,0.0250
37,-1.1951,0.0000,-4.9090,0.0250
37,-1.1951,0.0000,-3.6840,0.0250
37,-1.1951,0.0000,-4.4243,0.0250
37,-1.1951,0.0000,-2.9691,0.0250
37,-1.1951,0.0000,-3.7675,0.0250
38,-106.8274,0.2218,-2.1521,0.0217
38,-106.8274,0.2902,-1.9300,0.0217
38,-106.8274,0.3321,-2.5192,0.0217
38,-106.8274,0.3052,-2.1852,0.0217
38,-106.8274,0.1508,-1.4039,0.0217
38,-106.8274,0.1846,-1.7831,0.0217
38,-106.8274,0.1541,-1.3771,0.0217
38,-106.8274,0.2685,-1.7963,0.0217
39,-1.2347,0.0000,-4.1580,0.0217
39,-1.2347,0.0000,-2.9799,0.0217
39,-1.2347,0.0000,-3.8514,0.0217
39,-1.2347,0.0000,-4.1756,0.0217
39,-1.2347,0.0000,-2.7101,0.0217
39,-1.2347,0.0000,-3.2783,0.0217
39,-1.2347,0.0000,-2.4927,0.0217
39,-1.2347,0.0000,-3.0101,0.0217
40,-134.8561,0.0888,-3.8197,0.0184
40,-134.8561,0.3110,-3.3548,0.0184
40,-134.8561,0.2968,-3.9831,0.0184
40,-134.8561,0.3825,-3.3977,0.0184
40,-134.8561,0.0986,-2.0880,0.0184
40,-134.8561,0.1323,-3.8023,0.0184
40,-134.8561,0.3216,-2.7777,0.0184
40,-134.8561,0.1455,-3.6070,0.0184
41,-1.3034,0.0000,-3.4443,0.0184
41,-1.3034,0.0000,-3.7426,0.0184
41,-1.3034,0.0000,-4.0043,0.0184
41,-1.3034,0.0000,-3.8915,0.0184
41,-1.3034,0.0000,-2.0222,0.0184
41,-1.3034,0.0000,-3.9968,0.0184
41,-1.3034,0.0000,-2.7338,0.0184
41,-1.3034,0.0000,0.0000,0.0184
42,-263.3220,0.2938,-2.6963,0.0119
42,-263.3220,0.3200,-2.5216,0.0119
42,-263.3220,0.3669,-2.7626,0.0119
42,-263.3220,0.3433,-2.4391,0.0119
42,-263.3220,0.2940,-1.5817,0.0119
42,-263.3220,0.4281,-2.4914,0.0119
42,-263.3220,0.3181,-1.8786,0.0119
42,-263.3220,0.4001,-2.3769,0.0119
43,-1.1823,0.0000,-4.4897,0.0118
43,-1.1823,0.0000,-4.8794,0.0118
43,-1.1823,0.0000,-4.5863,0.0118
43,-1.1823,0.0000,-4.9359,0.0118
43,-1.1823,0.0000,-3.0192,0.0118
43,-1.1823,0.0000,-4.4954,0.0118
43,-1.1823,0.0000,-3.5900,0.0118
43,-1.1823,0.0000,-4.2222,0.0118
44,-99.4539,0.2529,-2.4281,0.0103
44,-99.4539,0.1036,-2.0286,0.0103
44,-99.4539,0.4359,-1.9584,0.0103
44,-99.4539,0.1619,-1.7997,0.0103
44,-99.4539,0.0979,-1.4326,0.0103
44,-99.4539,0.3443,-1.7293,0.0103
44,-99.4539,0.0957,-1.4299,0.0103
44,-99.4539,0.4953,-1.6631,0.0103
45,-1.1744,0.0000,-4.2077,0.0103
45,-1.1744,0.0000,-3.1991,0.0103
45,-1.1744,0.0000,-2.8829,0.0103
45,-1.1744,0.0000,-3.5281,0.0103
45,-1.1744,0.0000,-2.5413,0.0103
45,-1.1744,0.0000,-2.9483,0.0103
45,-1.1744,0.0000,-2.3937,0.0103
45,-1.1744,0.0000,-2.4189,0.0103
46,-101.5447,0.1432,-5.3103,0.0100
46,-101.5447,0.4535,-4.7359,0.0100
46,-101.5447,0.6811,-4.6536,0.0100
46,-101.5447,0.1916,-5.1917,0.0100
46,-101.5447,0.1583,-3.2075,0.0100
46,-101.5447,0.3464,-4.5688,0.0100
46,-101.5447,0.1992,-3.8764,0.0100
46,-101.5447,0.3009,-4.0070,0.0100
47,-1.2789,0.4569,-5.2436,0.0100
47,-1.2789,0.3503,-5.6143,0.0100
47,-1.2789,0.1553,-5.2834,0.0100
47,-1.2789,0.1816,-5.7192,0.0100
47,-1.2789,0.1874,-3.6466,0.0100
47,-1.2789,0.2553,-5.2391,0.0100
47,-1.2789,0.2772,-4.1016,0.0100
47,-1.2789,0.2885,-4.7913,0.0100
48,-185.0970,0.2551,-2.3475,0.0100
48,-185.0970,0.2448,-1.9932,0.0100
48,-185.0970,0.2311,-2.3769,0.0100
48,-185.0970,0.3327,-2.0777,0.0100
48,-185.0970,0.2329,-1.2313,0.0100
48,-185.0970,0.2029,-1.9717,0.0100
48,-185.0970,0.2183,-1.6135,0.0100
48,-185.0970,0.1896,-1.7772,0.0100
49,-1.1840,0.0000,-3.2915,0.0100
49,-1.1840,0.0000,-2.8884,0.0100
49,-1.1840,0.0000,-3.4502,0.0100
49,-1.1840,0.0000,-2.9165,0.0100
49,-1.1840,0.0000,-1.9239,0.0100
49,-1.1840,0.0000,-3.4146,0.0100
49,-1.1840,0.0000,-2.3465,0.0100
49,-1.1840,0.0000,-3.0902,0.0100
50,-131.0311,0.3372,-3.8835,0.0100
50,-131.0311,0.4334,-3.3769,0.0100
50,-131.0311,0.3233,-4.2824,0.0100
50,-131.0311,0.5061,-3.6162,0.0100
50,-131.0311,0.2672,-2.1635,0.0100
50,-131.0311,0.3389,-3.9930,0.0100
50,-131.0311,0.3321,-2.8557,0.0100
50,-131.0311,0.3663,-3.6979,0.0100
51,-1.1912,0.0000,-3.9360,0.0100
51,-1.1912,0.0000,-4.1970,0.0100
51,-1.1912,0.0000,-4.8243,0.0100
51,-1.1912,0.0000,-4.1527,0.0100
51,-1.1912,0.0000,-2.8007,0.0100
51,-1.1912,0.0000,-4.5869,0.0100
51,-1.1912,0.0000,-3.3363,0.0100
51,-1.1912,0.0000,-4.5066,0.0100
52,-161.2818,0.4797,-2.7320,0.0100
52,-161.2818,0.7241,-2.3215,0.0100
52,-161.2818,0.6986,-3.1217,0.0100
52,-161.2818,0.3975,-2.3446,0.0100
52,-161.2818,0.3643,-1.9915,0.0100
52,-161.2818,0.3916,-2.8445,0.0100
52,-161.2818,0.4279,-2.0696,0.0100
52,-161.2818,0.3547,-2.9234,0.0100
53,-1.1300,0.0000,-3.8825,0.0100
53,-1.1300,0.0000,-3.7490,0.0100
53,-1.1300,0.0000,-4.4599,0.0100
53,-1.1300,0.0000,-3.7906,0.0100
53,-1.1300,0.0000,-3.2079,0.0100
53,-1.1300,0.0000,-4.1990,0.0100
53,-1.1300,0.0000,-3.2282,0.0100
53,-1.1300,0.0000,-4.2650,0.0100
54,-90.6665,0.1730,-4.6159,0.0100
54,-90.6665,0.3167,-4.2127,0.0100
54,-90.6665,0.1833,-5.1106,0.0100
54,-90.6665,0.1739,-3.9610,0.0100
54,-90.6665,0.2021,-3.8871,0.0100
54,-90.6665,0.3714,-5.4050,0.0100
54,-90.6665,0.1838,-4.0009,0.0100
54,-90.6665,0.2045,-5.3896,0.0100
55,-1.1402,0.0000,0.0000,0.0100
55,-1.1402,0.0000,-5.1416,0.0100
55,-1.1402,0.0000,-5.3349,0.0100
55,-1.1402,0.0000,-4.0786,0.0100
55,-1.1402,0.0000,-3.9367,0.0100
55,-1.1402,0.0000,-5.7526,0.0100
55,-1.1402,0.0000,-4.0168,0.0100
55,-1.1402,0.0000,-5.7518,0.0100
56,-176.0254,0.3266,-3.2240,0.0100
56,-176.0254,0.0748,-2.7646,0.0100
56,-176.0254,0.3268,-3.1814,0.0100
56,-176.0254,0.3212,-2.7567,0.0100
56,-176.0254,0.2778,-2.5885,0.0100
56,-176.0254,0.3303,-2.4884,0.0100
56,-176.0254,0.2189,-2.5991,0.0100
56,-176.0254,0.3406,-3.1053,0.0100
57,-1.2083,0.0000,-5.9245,0.0100
57,-1.2083,0.0000,-4.6872,0.0100
57,-1.2083,0.0000,-4.9812,0.0100
57,-1.2083,0.0000,-5.2730,0.0100
57,-1.2083,0.0000,-5.4671,0.0100
57,-1.2083,0.0000,-4.6125,0.0100
57,-1.2083,0.0000,-4.3245,0.0100
57,-1.2083,0.0000,-5.0719,0.0100
58,-375.0995,0.3370,-3.1344,0.0100
58,-375.0995,0.3044,-3.3471,0.0100
58,-375.0995,0.4879,-3.5334,0.0100
58,-375.0995,0.2735,-2.6254,0.0100
58,-375.0995,0.3299,-2.3735,0.0100
58,-375.0995,0.3939,-3.6370,0.0100
58,-375.0995,0.2613,-2.6569,0.0100
58,-375.0995,0.3787,-3.1538,0.0100
59,-1.1392,0.0000,-4.5916,0.0100
59,-1.1392,0.0000,-5.2651,0.0100
59,-1.1392,0.0000,-5.4272,0.0100
59,-1.1392,0.0000,-4.1255,0.0100
59,-1.1392,0.0000,-3.3479,0.0100
59,-1.1392,0.0000,-5.3001,0.0100
59,-1.1392,0.0000,-4.0031,0.0100
59,-1.1392,0.0000,-4.3407,0.0100
60,-160.9420,0.1148,-3.9954,0.0100
60,-160.9420,0.3825,-4.1254,0.0100
60,-160.9420,0.1406,-4.3093,0.0100
60,-160.9420,0.3258,-3.4012,0.0100
60,-160.9420,0.0768,-2.5316,0.0100
60,-160.9420,0.1608,-3.9721,0.0100
60,-160.9420,0.1411,-3.2513,0.0100
60,-160.9420,0.2154,-3.3856,0.0100
0,491.8821,0.2199,2.1038,0.3733
0,491.8821,0.1887,0.9763,0.3733
0,491.8821,0.2432,1.5754,0.3733
0,491.8821,0.3098,2.0787,0.3733
0,491.8821,0.2638,1.5860,0.3733
0,491.8821,0.2478,1.3049,0.3733
0,491.8821,0.2045,2.1283,0.3733
0,491.8821,0.2112,1.2004,0.3733
1,0.0714,0.0000,4.2296,0.3729
1,0.0714,0.0000,0.0000,0.3729
1,0.0714,0.0000,3.6041,0.3729
1,0.0714,0.0000,2.6736,0.3729
1,0.0714,0.0000,4.5654,0.3729
1,0.0714,0.0000,0.0000,0.3729
1,0.0714,0.0000,3.6006,0.3729
1,0.0714,0.0000,0.0000,0.3729
2,53.5620,0.4390,2.2710,0.3245
2,53.5620,0.4234,1.3373,0.3245
2,53.5620,0.4559,2.7545,0.3245
2,53.5620,0.6324,4.2204,0.3245
2,53.5620,0.8887,1.4493,0.3245
2,53.5620,0.3070,2.3009,0.3245
2,53.5620,0.3816,1.7354,0.3245
2,53.5620,0.3371,2.4606,0.3245
3,0.0215,0.0000,1.3528,0.3241
3,0.0215,0.0000,0.5486,0.3241
3,0.0215,0.0000,0.0000,0.3241
3,0.0215,0.0000,4.7985,0.3241
3,0.0215,0.0000,1.1884,0.3241
3,0.0215,0.0000,2.2282,0.3241
3,0.0215,0.0000,1.6239,0.3241
3,0.0215,0.0000,0.0000,0.3241
4,374.5337,0.1887,2.8070,0.1526
4,374.5337,0.2190,1.7458,0.1526
4,374.5337,0.2016,1.9037,0.1526
4,374.5337,0.3477,2.5578,0.1526
4,374.5337,0.2983,2.3806,0.1526
4,374.5337,0.1247,1.9530,0.1526
4,374.5337,0.1932,2.6728,0.1526
4,374.5337,0.1795,2.2609,0.1526
5,0.1204,0.0000,0.0000,0.1524
5,0.1204,0.0000,3.3119,0.1524
5,0.1204,0.0000,4.1069,0.1524
5,0.1204,0.0000,4.6130,0.1524
5,0.1204,0.0000,5.9667,0.1524
5,0.1204,0.0000,2.6469,0.1524
5,0.1204,0.0000,4.7652,0.1524
5,0.1204,0.0000,4.6986,0.1524
6,58.9561,0.1999,2.5396,0.1315
6,58.9561,0.0851,1.5844,0.1315
6,58.9561,0.2308,2.9883,0.1315
6,58.9561,0.3306,4.5122,0.1315
6,58.9561,0.2111,2.0306,0.1315
6,58.9561,0.0594,2.4770,0.1315
6,58.9561,0.1537,2.0185,0.1315
6,58.9561,0.0924,2.5459,0.1315
7,0.0327,0.0000,0.0000,0.1313
7,0.0327,0.0000,0.8524,0.1313
7,0.0327,0.0000,2.6056,0.1313
7,0.0327,0.0000,4.6030,0.1313
7,0.0327,0.0000,1.8971,0.1313
7,0.0327,0.0000,2.2276,0.1313
7,0.0327,0.0000,1.7833,0.1313
7,0.0327,0.0000,2.3932,0.1313
8,57.8248,0.8555,5.5926,0.1126
8,57.8248,0.6438,3.3702,0.1126
8,57.8248,0.3296,3.5128,0.1126
8,57.8248,0.7393,3.4954,0.1126
8,57.8248,0.7229,5.0253,0.1126
8,57.8248,0.3122,3.1076,0.1126
8,57.8248,0.4659,4.1826,0.1126
8,57.8248,0.4838,2.8208,0.1126
9,0.0491,0.0000,5.4764,0.1125
9,0.0491,0.0000,3.7992,0.1125
9,0.0491,0.0000,3.7580,0.1125
9,0.0491,0.0000,3.6940,0.1125
9,0.0491,0.0000,0.0000,0.1125
9,0.0491,0.0000,4.1299,0.1125
9,0.0491,0.0000,4.2055,0.1125
9,0.0491,0.0000,3.3383,0.1125
10,67.8282,0.7030,5.6505,0.0951
10,67.8282,0.5972,3.6219,0.0951
10,67.8282,0.2608,3.6953,0.0951
10,67.8282,0.2655,3.6750,0.0951
10,67.8282,0.2060,5.3168,0.0951
10,67.8282,0.1487,3.9052,0.0951
10,67.8282,0.3387,4.3393,0.0951
10,67.8282,0.3500,3.0766,0.0951
11,0.0459,0.0000,4.9308,0.0950
11,0.0459,0.0000,3.6581,0.0950
11,0.0459,0.0000,3.5987,0.0950
11,0.0459,0.0000,4.1221,0.0950
11,0.0459,0.0000,6.7523,0.0950
11,0.0459,0.0000,4.5508,0.0950
11,0.0459,0.0000,4.0040,0.0950
11,0.0459,0.0000,3.4422,0.0950
12,49.7829,0.2350,7.1519,0.0826
12,49.7829,0.2015,4.3626,0.0826
12,49.7829,0.0968,4.8477,0.0826
12,49.7829,0.2153,4.8080,0.0826
12,49.7829,0.1168,6.5264,0.0826
12,49.7829,0.1575,4.5851,0.0826
12,49.7829,0.0924,5.6421,0.0826
12,49.7829,0.2607,4.0601,0.0826
13,-0.0631,0.0000,7.3458,0.0825
13,-0.0631,0.0000,4.7370,0.0825
13,-0.0631,0.0000,5.1793,0.0825
13,-0.0631,0.0000,5.3684,0.0825
13,-0.0631,0.0000,7.7959,0.0825
13,-0.0631,0.0000,4.9874,0.0825
13,-0.0631,0.0000,5.6463,0.0825
13,-0.0631,0.0000,5.0736,0.0825
14,285.1591,0.4507,3.0698,0.0447
14,285.1591,0.2986,2.5653,0.0447
14,285.1591,0.2611,2.1708,0.0447
14,285.1591,0.2916,2.8062,0.0447
14,285.1591,0.3955,2.5794,0.0447
14,285.1591,0.2135,2.4474,0.0447
14,285.1591,0.3311,2.8380,0.0447
14,285.1591,0.2874,2.4263,0.0447
15,0.0980,0.0000,0.0000,0.0447
15,0.0980,0.0000,5.9823,0.0447
15,0.0980,0.0000,5.3237,0.0447
15,0.0980,0.0000,6.0030,0.0447
15,0.0980,0.0000,8.1448,0.0447
15,0.0980,0.0000,5.9877,0.0447
15,0.0980,0.0000,6.9190,0.0447
15,0.0980,0.0000,6.2614,0.0447
16,92.7711,0.8394,3.4753,0.0359
16,92.7711,0.6975,2.3372,0.0359
16,92.7711,0.3144,2.6298,0.0359
16,92.7711,0.3010,4.8483,0.0359
16,92.7711,0.4830,3.7081,0.0359
16,92.7711,0.1225,2.3659,0.0359
16,92.7711,0.5753,3.6357,0.0359
16,92.7711,0.1950,3.5924,0.0359
17,0.0704,0.0000,5.0332,0.0358
17,0.0704,0.0000,3.1628,0.0358
17,0.0704,0.0000,3.3490,0.0358
17,0.0704,0.0000,6.9236,0.0358
17,0.0704,0.0000,4.8071,0.0358
17,0.0704,0.0000,2.9713,0.0358
17,0.0704,0.0000,4.8169,0.0358
17,0.0704,0.0000,4.3498,0.0358
18,104.7906,0.7092,4.8606,0.0280
18,104.7906,0.0920,3.5654,0.0280
18,104.7906,0.1229,2.9565,0.0280
18,104.7906,0.3816,3.9533,0.0280
18,104.7906,0.2170,4.8094,0.0280
18,104.7906,0.3416,3.0527,0.0280
18,104.7906,0.0719,4.4200,0.0280
18,104.7906,0.1187,3.0968,0.0280
19,0.0801,0.0000,6.0587,0.0280
19,0.0801,0.0000,4.4851,0.0280
19,0.0801,0.0000,3.9457,0.0280
19,0.0801,0.0000,0.0000,0.0280
19,0.0801,0.0000,4.9005,0.0280
19,0.0801,0.0000,3.2735,0.0280
19,0.0801,0.0000,4.8592,0.0280
19,0.0801,0.0000,3.5349,0.0280
20,48.4268,0.4575,4.5160,0.0246
20,48.4268,0.2551,4.6436,0.0246
20,48.4268,0.1812,4.5363,0.0246
20,48.4268,0.2780,6.5108,0.0246
20,48.4268,0.5405,3.9856,0.0246
20,48.4268,0.3009,4.5083,0.0246
20,48.4268,0.3626,3.6724,0.0246
20,48.4268,0.3359,4.4766,0.0246
21,-0.0199,0.0000,2.9893,0.0246
21,-0.0199,0.0000,4.1680,0.0246
21,-0.0199,0.0000,3.9370,0.0246
21,-0.0199,0.0000,0.0000,0.0246
21,-0.0199,0.0000,4.1216,0.0246
21,-0.0199,0.0000,4.7740,0.0246
21,-0.0199,0.0000,3.4682,0.0246
21,-0.0199,0.0000,4.0434,0.0246
22,75.5893,0.7322,7.2816,0.0206
22,75.5893,0.7727,6.0002,0.0206
22,75.5893,0.2675,4.5684,0.0206
22,75.5893,0.4630,4.5340,0.0206
22,75.5893,0.0959,5.8543,0.0206
22,75.5893,0.3023,4.3911,0.0206
22,75.5893,0.2981,6.0668,0.0206
22,75.5893,0.5261,3.3050,0.0206
23,0.0736,0.0000,6.8560,0.0206
23,0.0736,0.0000,6.0259,0.0206
23,0.0736,0.0000,4.4141,0.0206
23,0.0736,0.0000,0.0000,0.0206
23,0.0736,0.0000,5.9743,0.0206
23,0.0736,0.0000,4.4570,0.0206
23,0.0736,0.0000,5.9195,0.0206
23,0.0736,0.0000,3.0121,0.0206
24,45.9827,0.6032,5.3392,0.0178
24,45.9827,0.6061,5.2842,0.0178
24,45.9827,0.1636,5.3562,0.0178
24,45.9827,0.1205,5.8813,0.0178
24,45.9827,0.4883,6.8984,0.0178
24,45.9827,0.3515,5.7458,0.0178
24,45.9827,0.3976,5.1477,0.0178
24,45.9827,0.4521,6.8694,0.0178
25,-0.0348,0.0000,5.6410,0.0178
25,-0.0348,0.0000,5.1669,0.0178
25,-0.0348,0.0000,5.7920,0.0178
25,-0.0348,0.0000,5.5618,0.0178
25,-0.0348,0.0000,7.4027,0.0178
25,-0.0348,0.0000,5.6339,0.0178
25,-0.0348,0.0000,5.3784,0.0178
25,-0.0348,0.0000,0.0000,0.0178
26,1124.6986,0.2092,3.0129,0.0100
26,1124.6986,0.2936,2.4663,0.0100
26,1124.6986,0.2795,2.2147,0.0100
26,1124.6986,0.2901,2.4949,0.0100
26,1124.6986,0.2973,2.8692,0.0100
26,1124.6986,0.1742,2.4711,0.0100
26,1124.6986,0.2289,3.1193,0.0100
26,1124.6986,0.2787,2.2322,0.0100
27,0.0779,0.0000,6.7584,0.0100
27,0.0779,0.0000,5.9063,0.0100
27,0.0779,0.0000,4.7231,0.0100
27,0.0779,0.0000,6.3331,0.0100
27,0.0779,0.0000,7.1858,0.0100
27,0.0779,0.0000,6.8256,0.0100
27,0.0779,0.0000,7.0327,0.0100
27,0.0779,0.0000,5.1207,0.0100
28,45.8585,0.1519,9.6731,0.0100
28,45.8585,0.1756,8.1031,0.0100
28,45.8585,0.1330,7.3987,0.0100
28,45.8585,0.1456,12.1376,0.0100
28,45.8585,0.6041,14.7134,0.0100
28,45.8585,0.1658,8.5789,0.0100
28,45.8585,0.2374,13.9508,0.0100
28,45.8585,0.1747,10.7938,0.0100
29,0.0430,0.0000,9.6202,0.0100
29,0.0430,0.0000,7.6092,0.0100
29,0.0430,0.0000,7.5140,0.0100
29,0.0430,0.0000,11.1041,0.0100
29,0.0430,0.0000,15.3772,0.0100
29,0.0430,0.0000,7.2985,0.0100
29,0.0430,0.0000,13.3481,0.0100
29,0.0430,0.0000,10.7007,0.0100
30,60.6671,0.0635,10.4671,0.0100
30,60.6671,0.0757,9.0282,0.0100
30,60.6671,0.0903,9.4553,0.0100
30,60.6671,0.0562,8.1690,0.0100
30,60.6671,2.7910,11.1174,0.0100
30,60.6671,0.3806,8.5878,0.0100
30,60.6671,0.6927,11.2740,0.0100
30,60.6671,0.3734,8.0387,0.0100
31,0.0597,0.0000,10.3142,0.0100
31,0.0597,0.0000,9.4857,0.0100
31,0.0597,0.0000,8.0109,0.0100
31,0.0597,0.0000,8.5423,0.0100
31,0.0597,0.0000,10.8871,0.0100
31,0.0597,0.0000,7.8748,0.0100
31,0.0597,0.0000,10.8460,0.0100
31,0.0597,0.0000,7.8202,0.0100
32,78.7348,1.6629,7.0383,0.0100
32,78.7348,0.5227,6.2747,0.0100
32,78.7348,0.1136,5.8763,0.0100
32,78.7348,0.0965,8.0651,0.0100
32,78.7348,0.1325,9.4572,0.0100
32,78.7348,0.2377,5.8273,0.0100
32,78.7348,0.2422,9.3348,0.0100
32,78.7348,0.1624,7.5361,0.0100
33,0.0713,0.0000,7.3988,0.0100
33,0.0713,0.0000,6.6434,0.0100
33,0.0713,0.0000,6.4092,0.0100
33,0.0713,0.0000,7.9077,0.0100
33,0.0713,0.0000,10.5550,0.0100
33,0.0713,0.0000,5.1640,0.0100
33,0.0713,0.0000,9.4632,0.0100
33,0.0713,0.0000,8.0040,0.0100
34,84.8968,0.7095,7.0029,0.0100
34,84.8968,0.0692,6.6216,0.0100
34,84.8968,0.3346,5.8067,0.0100
34,84.8968,0.6513,7.5595,0.0100
34,84.8968,1.4701,8.9816,0.0100
34,84.8968,1.0300,5.8020,0.0100
34,84.8968,0.1352,8.7522,0.0100
34,84.8968,0.5663,6.8585,0.0100
35,0.0738,0.0000,7.1963,0.0100
35,0.0738,0.0000,7.0342,0.0100
35,0.0738,0.0000,5.9084,0.0100
35,0.0738,0.0000,7.2030,0.0100
35,0.0738,0.0000,10.4663,0.0100
35,0.0738,0.0000,5.0301,0.0100
35,0.0738,0.0000,9.0635,0.0100
35,0.0738,0.0000,7.1178,0.0100
36,180.3980,0.7303,1.5057,0.0100
36,180.3980,1.3247,1.3955,0.0100
36,180.3980,0.5508,1.7195,0.0100
36,180.3980,0.5928,2.7184,0.0100
36,180.3980,1.8659,2.5648,0.0100
36,180.3980,0.6263,2.4878,0.0100
36,180.3980,1.5395,2.8049,0.0100
36,180.3980,0.8020,2.2629,0.0100
37,0.0827,0.0000,1.5914,0.0100
37,0.0827,0.0000,1.4134,0.0100
37,0.0827,0.0000,2.5528,0.0100
37,0.0827,0.0000,4.9044,0.0100
37,0.0827,0.0000,0.0000,0.0100
37,0.0827,0.0000,4.0446,0.0100
37,0.0827,0.0000,4.0188,0.0100
37,0.0827,0.0000,3.9490,0.0100
38,49.8564,1.1135,10.3518,0.0100
38,49.8564,0.2013,7.4037,0.0100
38,49.8564,0.1636,7.7870,0.0100
38,49.8564,1.4270,11.8659,0.0100
38,49.8564,2.5733,14.0666,0.0100
38,49.8564,0.2360,9.0597,0.0100
38,49.8564,2.2770,13.9724,0.0100
38,49.8564,1.1699,11.6905,0.0100
39,0.0503,0.0000,10.1930,0.0100
39,0.0503,0.0000,6.6907,0.0100
39,0.0503,0.0000,7.7694,0.0100
39,0.0503,0.0000,10.9155,0.0100
39,0.0503,0.0000,14.1555,0.0100
39,0.0503,0.0000,7.4924,0.0100
39,0.0503,0.0000,13.0288,0.0100
39,0.0503,0.0000,11.4558,0.0100
40,85.6187,1.9345,4.7396,0.0100
40,85.6187,0.4351,4.5818,0.0100
40,85.6187,0.4653,3.7327,0.0100
40,85.6187,1.2875,5.4559,0.0100
40,85.6187,3.8631,5.2369,0.0100
40,85.6187,0.8177,5.3652,0.0100
40,85.6187,1.9238,5.5867,0.0100
40,85.6187,1.9888,6.0479,0.0100
41,0.0692,0.0000,4.4139,0.0100
41,0.0692,0.0000,3.7642,0.0100
41,0.0692,0.0000,3.8864,0.0100
41,0.0692,0.0000,4.9405,0.0100
41,0.0692,0.0000,4.5951,0.0100
41,0.0692,0.0000,4.3043,0.0100
41,0.0692,0.0000,4.5595,0.0100
41,0.0692,0.0000,5.3817,0.0100
42,46.1364,1.4026,7.0159,0.0100
42,46.1364,0.7969,5.9839,0.0100
42,46.1364,0.4133,6.0027,0.0100
42,46.1364,1.4991,9.2491,0.0100
42,46.1364,0.2121,8.0436,0.0100
42,46.1364,0.2434,7.9896,0.0100
42,46.1364,1.6127,8.5597,0.0100
42,46.1364,0.7815,10.5470,0.0100
43,0.0404,0.0000,6.8905,0.0100
43,0.0404,0.0000,5.3619,0.0100
43,0.0404,0.0000,5.7590,0.0100
43,0.0404,0.0000,8.6389,0.0100
43,0.0404,0.0000,7.8267,0.0100
43,0.0404,0.0000,7.4255,0.0100
43,0.0404,0.0000,7.7641,0.0100
43,0.0404,0.0000,9.4237,0.0100
44,64.4404,0.2278,8.2792,0.0100
44,64.4404,0.5603,7.4260,0.0100
44,64.4404,0.7448,6.7783,0.0100
44,64.4404,1.1669,9.5481,0.0100
44,64.4404,1.2090,12.0261,0.0100
44,64.4404,0.4654,7.2758,0.0100
44,64.4404,1.3478,11.2998,0.0100
44,64.4404,0.8444,8.1180,0.0100
45,0.0664,0.0000,7.6371,0.0100
45,0.0664,0.0000,7.0147,0.0100
45,0.0664,0.0000,6.2391,0.0100
45,0.0664,0.0000,8.1526,0.0100
45,0.0664,0.0000,12.0871,0.0100
45,0.0664,0.0000,5.3749,0.0100
45,0.0664,0.0000,10.0733,0.0100
45,0.0664,0.0000,7.5049,0.0100
46,355.2212,0.8561,3.7658,0.0100
46,355.2212,0.5177,3.3531,0.0100
46,355.2212,0.2768,3.2743,0.0100
46,355.2212,0.8510,3.6959,0.0100
46,355.2212,1.2864,4.7194,0.0100
46,355.2212,0.5393,2.9528,0.0100
46,355.2212,1.0227,4.3604,0.0100
46,355.2212,1.1172,3.5957,0.0100
47,0.0809,0.0000,5.0904,0.0100
47,0.0809,0.0000,3.5495,0.0100
47,0.0809,0.0000,4.7661,0.0100
47,0.0809,0.0000,5.6675,0.0100
47,0.0809,0.0000,7.6270,0.0100
47,0.0809,0.0000,2.6196,0.0100
47,0.0809,0.0000,5.4257,0.0100
47,0.0809,0.0000,5.9471,0.0100
48,122.3105,0.3570,2.7122,0.0100
48,122.3105,0.1293,1.6394,0.0100
48,122.3105,0.3926,2.3219,0.0100
48,122.3105,0.3093,3.9128,0.0100
48,122.3105,0.9136,3.6954,0.0100
48,122.3105,0.2780,2.4575,0.0100
48,122.3105,0.1679,4.4561,0.0100
48,122.3105,0.2750,3.8878,0.0100
49,0.1053,0.0000,5.6441,0.0100
49,0.1053,0.0000,3.2375,0.0100
49,0.1053,0.0000,4.9876,0.0100
49,0.1053,0.0000,8.3096,0.0100
49,0.1053,0.0000,9.3788,0.0100
49,0.1053,0.0000,4.6975,0.0100
49,0.1053,0.0000,9.9451,0.0100
49,0.1053,0.0000,8.0724,0.0100
50,79.6703,0.1705,6.5196,0.0100
50,79.6703,0.1470,4.6020,0.0100
50,79.6703,0.0689,5.3143,0.0100
50,79.6703,0.4461,7.3688,0.0100
50,79.6703,0.6546,9.1013,0.0100
50,79.6703,0.2965,4.9114,0.0100
50,79.6703,0.1870,8.0768,0.0100
50,79.6703,0.5113,6.9121,0.0100
51,0.0770,0.0000,4.2169,0.0100
51,0.0770,0.0000,3.2100,0.0100
51,0.0770,0.0000,4.2983,0.0100
51,0.0770,0.0000,4.6435,0.0100
51,0.0770,0.0000,6.1681,0.0100
51,0.0770,0.0000,2.3057,0.0100
51,0.0770,0.0000,4.5943,0.0100
51,0.0770,0.0000,4.6474,0.0100
52,40.1478,0.4051,3.8711,0.0100
52,40.1478,0.1737,2.8646,0.0100
52,40.1478,0.1071,5.7791,0.0100
52,40.1478,0.1306,7.0598,0.0100
52,40.1478,0.1700,4.7609,0.0100
52,40.1478,0.1934,4.1099,0.0100
52,40.1478,0.1461,4.7645,0.0100
52,40.1478,0.1386,6.2138,0.0100
53,-0.0675,0.0000,2.5807,0.0100
53,-0.0675,0.0000,0.9223,0.0100
53,-0.0675,0.0000,3.6513,0.0100
53,-0.0675,0.0000,7.1436,0.0100
53,-0.0675,0.0000,4.6568,0.0100
53,-0.0675,0.0000,3.0126,0.0100
53,-0.0675,0.0000,4.7579,0.0100
53,-0.0675,0.0000,4.7405,0.0100
54,146.0635,0.3898,2.8774,0.0100
54,146.0635,0.3316,2.7638,0.0100
54,146.0635,0.4943,2.1609,0.0100
54,146.0635,0.6370,3.6639,0.0100
54,146.0635,0.6490,3.1125,0.0100
54,146.0635,0.2824,3.5628,0.0100
54,146.0635,0.7985,3.2222,0.0100
54,146.0635,0.5350,3.3003,0.0100
55,0.0811,0.0000,3.2662,0.0100
55,0.0811,0.0000,3.1609,0.0100
55,0.0811,0.0000,2.5069,0.0100
55,0.0811,0.0000,4.7725,0.0100
55,0.0811,0.0000,3.2971,0.0100
55,0.0811,0.0000,4.5732,0.0100
55,0.0811,0.0000,4.0057,0.0100
55,0.0811,0.0000,3.6845,0.0100
56,117.9543,0.2794,4.9684,0.0100
56,117.9543,0.1977,4.8645,0.0100
56,117.9543,0.3177,3.7606,0.0100
56,117.9543,0.8475,5.6224,0.0100
56,117.9543,0.6435,5.4872,0.0100
56,117.9543,0.4195,5.5680,0.0100
56,117.9543,0.3640,5.1442,0.0100
56,117.9543,0.3755,5.8130,0.0100
57,0.0812,0.0000,5.4889,0.0100
57,0.0812,0.0000,5.4111,0.0100
57,0.0812,0.0000,3.8016,0.0100
57,0.0812,0.0000,6.2712,0.0100
57,0.0812,0.0000,5.9842,0.0100
57,0.0812,0.0000,5.5058,0.0100
57,0.0812,0.0000,5.5538,0.0100
57,0.0812,0.0000,5.7187,0.0100
58,71.5828,0.1164,12.2316,0.0100
58,71.5828,0.8396,11.9927,0.0100
58,71.5828,0.2996,10.0221,0.0100
58,71.5828,0.1405,11.0289,0.0100
58,71.5828,0.5275,13.2233,0.0100
58,71.5828,0.8186,11.9078,0.0100
58,71.5828,0.2709,11.5535,0.0100
58,71.5828,0.1418,10.0456,0.0100
59,0.0731,0.0000,12.2304,0.0100
59,0.0731,0.0000,11.9011,0.0100
59,0.0731,0.0000,10.1118,0.0100
59,0.0731,0.0000,10.9079,0.0100
59,0.0731,0.0000,13.6971,0.0100
59,0.0731,0.0000,11.2224,0.0100
59,0.0731,0.0000,11.2884,0.0100
59,0.0731,0.0000,10.1039,0.0100
60,380.1776,0.7020,2.4679,0.0100
60,380.1776,0.5817,2.5558,0.0100
60,380.1776,0.6178,2.4013,0.0100
60,380.1776,0.8019,3.2074,0.0100
60,380.1776,0.6576,2.7236,0.0100
60,380.1776,0.6288,3.7359,0.0100
60,380.1776,0.5915,3.6153,0.0100
60,380.1776,0.4733,2.5203,0.0100
61,0.0823,0.0000,2.1060,0.0100
61,0.0823,0.0000,1.8613,0.0100
61,0.0823,0.0000,2.5320,0.0100
61,0.0823,0.0000,4.5100,0.0100
61,0.0823,0.0000,2.3814,0.0100
61,0.0823,0.0000,4.0381,0.0100
61,0.0823,0.0000,4.1426,0.0100
61,0.0823,0.0000,3.1501,0.0100
62,69.9705,1.8463,11.0151,0.0100
62,69.9705,0.7123,10.7977,0.0100
62,69.9705,0.1388,9.1344,0.0100
62,69.9705,0.5709,10.6852,0.0100
62,69.9705,1.1395,13.1752,0.0100
62,69.9705,0.3671,9.2163,0.0100
62,69.9705,0.8746,12.5513,0.0100
62,69.9705,0.6674,9.5153,0.0100
63,0.0686,0.0000,10.1398,0.0100
63,0.0686,0.0000,10.8627,0.0100
63,0.0686,0.0000,8.0325,0.0100
63,0.0686,0.0000,8.9300,0.0100
63,0.0686,0.0000,12.3141,0.0100
63,0.0686,0.0000,7.2969,0.0100
63,0.0686,0.0000,11.9686,0.0100
63,0.0686,0.0000,8.6392,0.0100
64,51.4929,0.5899,9.0098,0.0100
64,51.4929,0.3682,9.0764,0.0100
64,51.4929,0.4516,7.7224,0.0100
64,51.4929,0.3181,10.1636,0.0100
64,51.4929,0.1290,7.8189,0.0100
64,51.4929,0.2130,7.4624,0.0100
64,51.4929,0.4373,8.4484,0.0100
64,51.4929,0.8247,11.5491,0.0100
65,0.0471,0.0000,7.2468,0.0100
65,0.0471,0.0000,5.7655,0.0100
65,0.0471,0.0000,7.2218,0.0100
65,0.0471,0.0000,8.1233,0.0100
65,0.0471,0.0000,6.1567,0.0100
65,0.0471,0.0000,5.9595,0.0100
65,0.0471,0.0000,6.3176,0.0100
65,0.0471,0.0000,8.7753,0.0100
66,66.3626,0.8165,7.0259,0.0100
66,66.3626,0.3346,5.8493,0.0100
66,66.3626,1.2116,6.8451,0.0100
66,66.3626,0.2034,8.0068,0.0100
66,66.3626,0.1148,6.6784,0.0100
66,66.3626,0.2225,6.1996,0.0100
66,66.3626,1.5638,6.3998,0.0100
66,66.3626,0.4347,9.0315,0.0100
67,0.0707,0.0000,6.1506,0.0100
67,0.0707,0.0000,5.6667,0.0100
67,0.0707,0.0000,4.5769,0.0100
67,0.0707,0.0000,6.6904,0.0100
67,0.0707,0.0000,5.7234,0.0100
67,0.0707,0.0000,5.2490,0.0100
67,0.0707,0.0000,4.9338,0.0100
67,0.0707,0.0000,7.0353,0.0100
68,90.0244,1.7427,9.5473,0.0100
68,90.0244,0.5103,10.0454,0.0100
68,90.0244,0.2190,8.0622,0.0100
68,90.0244,0.6285,8.9214,0.0100
68,90.0244,0.6155,10.8600,0.0100
68,90.0244,0.3597,8.8061,0.0100
68,90.0244,1.0248,10.3211,0.0100
68,90.0244,0.5068,8.3840,0.0100
69,0.0797,0.0000,8.8223,0.0100
69,0.0797,0.0000,10.4931,0.0100
69,0.0797,0.0000,7.3441,0.0100
69,0.0797,0.0000,7.6670,0.0100
69,0.0797,0.0000,10.6863,0.0100
69,0.0797,0.0000,7.7609,0.0100
69,0.0797,0.0000,10.0753,0.0100
69,0.0797,0.0000,8.0402,0.0100
70,50.4509,2.4603,4.6342,0.0100
70,50.4509,0.7247,2.7410,0.0100
70,50.4509,0.6914,4.1845,0.0100
70,50.4509,0.8417,5.8931,0.0100
70,50.4509,1.2104,3.7604,0.0100
70,50.4509,0.5375,4.1257,0.0100
70,50.4509,0.9843,3.6721,0.0100
70,50.4509,0.8985,6.0024,0.0100
71,-0.0313,0.0000,2.6865,0.0100
71,-0.0313,0.0000,1.4064,0.0100
71,-0.0313,0.0000,2.4608,0.0100
71,-0.0313,0.0000,4.7755,0.0100
71,-0.0313,0.0000,2.7449,0.0100
71,-0.0313,0.0000,2.5515,0.0100
71,-0.0313,0.0000,3.5157,0.0100
71,-0.0313,0.0000,4.1805,0.0100
72,80.7259,0.6445,5.6215,0.0100
72,80.7259,0.7811,3.9284,0.0100
72,80.7259,1.0122,4.7947,0.0100
72,80.7259,1.5435,5.8413,0.0100
72,80.7259,1.7806,7.3451,0.0100
72,80.7259,0.4583,3.8632,0.0100
72,80.7259,0.4165,6.4756,0.0100
72,80.7259,1.5132,5.4744,0.0100
73,0.0189,0.0000,5.5315,0.0100
73,0.0189,0.0000,3.7861,0.0100
73,0.0189,0.0000,5.4807,0.0100
73,0.0189,0.0000,5.5440,0.0100
73,0.0189,0.0000,8.3089,0.0100
73,0.0189,0.0000,3.6719,0.0100
73,0.0189,0.0000,5.9776,0.0100
73,0.0189,0.0000,5.7732,0.0100
74,89.1220,1.2159,6.9768,0.0100
74,89.1220,0.7576,7.1312,0.0100
74,89.1220,0.5365,6.0478,0.0100
74,89.1220,0.7110,8.1268,0.0100
74,89.1220,2.3561,9.2530,0.0100
74,89.1220,0.8651,5.7139,0.0100
74,89.1220,0.2987,8.6958,0.0100
74,89.1220,1.4034,7.0611,0.0100
75,0.0224,0.0000,6.8538,0.0100
75,0.0224,0.0000,6.6938,0.0100
75,0.0224,0.0000,5.3220,0.0100
75,0.0224,0.0000,7.4620,0.0100
75,0.0224,0.0000,9.5752,0.0100
75,0.0224,0.0000,4.8834,0.0100
75,0.0224,0.0000,8.5162,0.0100
75,0.0224,0.0000,6.4215,0.0100
76,48.7228,0.6655,13.5112,0.0100
76,48.7228,0.3806,13.8939,0.0100
76,48.7228,0.4692,11.3638,0.0100
76,48.7228,0.4683,14.2109,0.0100
76,48.7228,0.7266,16.0808,0.0100
76,48.7228,0.5733,11.4482,0.0100
76,48.7228,1.3929,15.5412,0.0100
76,48.7228,0.7167,12.1002,0.0100
77,0.0435,0.0000,11.1485,0.0100
77,0.0435,0.0000,12.6998,0.0100
77,0.0435,0.0000,9.3811,0.0100
77,0.0435,0.0000,12.5651,0.0100
77,0.0435,0.0000,14.6395,0.0100
77,0.0435,0.0000,9.4470,0.0100
77,0.0435,0.0000,13.9854,0.0100
77,0.0435,0.0000,10.1848,0.0100
78,86.9865,0.4756,3.9377,0.0100
78,86.9865,1.4473,3.8098,0.0100
78,86.9865,1.4801,3.1669,0.0100
78,86.9865,2.2904,4.5777,0.0100
78,86.9865,0.1710,3.5250,0.0100
78,86.9865,0.2868,3.0887,0.0100
78,86.9865,0.8884,3.4700,0.0100
78,86.9865,0.8617,4.7341,0.0100
79,0.0123,0.0000,2.8342,0.0100
79,0.0123,0.0000,3.0855,0.0100
79,0.0123,0.0000,2.8049,0.0100
79,0.0123,0.0000,3.3006,0.0100
79,0.0123,0.0000,2.2580,0.0100
79,0.0123,0.0000,1.6494,0.0100
79,0.0123,0.0000,3.4519,0.0100
79,0.0123,0.0000,2.8628,0.0100
80,79.4830,0.4801,8.7412,0.0100
80,79.4830,0.5982,8.7526,0.0100
80,79.4830,0.6328,7.0661,0.0100
80,79.4830,0.9494,8.9516,0.0100
80,79.4830,0.3742,8.4496,0.0100
80,79.4830,0.2901,8.4957,0.0100
80,79.4830,0.3516,7.5970,0.0100
80,79.4830,0.4561,9.2876,0.0100
81,0.0375,0.0000,6.6241,0.0100
81,0.0375,0.0000,6.3570,0.0100
81,0.0375,0.0000,4.6435,0.0100
81,0.0375,0.0000,6.1423,0.0100
81,0.0375,0.0000,5.4152,0.0100
81,0.0375,0.0000,4.1207,0.0100
81,0.0375,0.0000,4.8304,0.0100
81,0.0375,0.0000,6.5490,0.0100
82,58.7134,0.3339,10.5771,0.0100
82,58.7134,2.0012,9.8176,0.0100
82,58.7134,1.0002,9.5942,0.0100
82,58.7134,0.5966,11.4797,0.0100
82,58.7134,0.3827,14.2460,0.0100
82,58.7134,0.0949,8.8627,0.0100
82,58.7134,1.5118,13.2766,0.0100
82,58.7134,0.0912,9.8578,0.0100
83,0.0346,0.0000,8.7128,0.0100
83,0.0346,0.0000,8.0583,0.0100
83,0.0346,0.0000,7.8836,0.0100
83,0.0346,0.0000,9.3505,0.0100
83,0.0346,0.0000,12.2667,0.0100
83,0.0346,0.0000,6.2374,0.0100
83,0.0346,0.0000,10.8163,0.0100
83,0.0346,0.0000,8.6439,0.0100
84,61.7953,1.2942,11.7795,0.0100
84,61.7953,0.4100,11.6892,0.0100
84,61.7953,1.2718,10.3190,0.0100
84,61.7953,1.2371,12.0119,0.0100
84,61.7953,2.6151,14.3514,0.0100
84,61.7953,0.4291,11.4763,0.0100
84,61.7953,3.2176,12.9851,0.0100
84,61.7953,0.3550,10.1787,0.0100
85,0.0625,0.0000,9.7657,0.0100
85,0.0625,0.0000,10.9283,0.0100
85,0.0625,0.0000,7.7649,0.0100
85,0.0625,0.0000,9.0512,0.0100
85,0.0625,0.0000,12.0726,0.0100
85,0.0625,0.0000,8.2686,0.0100
85,0.0625,0.0000,10.9519,0.0100
85,0.0625,0.0000,8.1816,0.0100
86,311.2659,0.8482,2.7394,0.0100
86,311.2659,1.1234,2.8722,0.0100
86,311.2659,1.0107,3.4042,0.0100
86,311.2659,1.1805,3.5098,0.0100
86,311.2659,0.8675,4.3679,0.0100
86,311.2659,0.7499,4.0651,0.0100
86,311.2659,0.7012,4.1555,0.0100
86,311.2659,0.6515,3.3522,0.0100
87,0.0823,0.0000,2.1891,0.0100
87,0.0823,0.0000,2.3746,0.0100
87,0.0823,0.0000,3.4164,0.0100
87,0.0823,0.0000,5.1116,0.0100
87,0.0823,0.0000,6.0926,0.0100
87,0.0823,0.0000,4.3152,0.0100
87,0.0823,0.0000,6.2634,0.0100
87,0.0823,0.0000,4.3987,0.0100
88,82.0143,0.5574,9.8997,0.0100
88,82.0143,0.4211,9.4682,0.0100
88,82.0143,0.7602,8.2427,0.0100
88,82.0143,0.7241,9.7661,0.0100
88,82.0143,1.4621,9.4333,0.0100
88,82.0143,0.8279,8.2667,0.0100
88,82.0143,0.7937,8.1338,0.0100
88,82.0143,0.3393,9.8659,0.0100
89,0.0775,0.0000,9.8573,0.0100
89,0.0775,0.0000,9.3412,0.0100
89,0.0775,0.0000,8.6776,0.0100
89,0.0775,0.0000,7.2484,0.0100
89,0.0775,0.0000,8.6956,0.0100
89,0.0775,0.0000,6.5627,0.0100
89,0.0775,0.0000,6.8836,0.0100
89,0.0775,0.0000,7.8980,0.0100
90,86.3744,0.1834,5.4031,0.0100
90,86.3744,0.1495,4.2318,0.0100
90,86.3744,0.5168,5.3256,0.0100
90,86.3744,0.5475,6.2428,0.0100
90,86.3744,1.2768,7.8241,0.0100
90,86.3744,0.1285,5.0781,0.0100
90,86.3744,0.7945,7.6721,0.0100
90,86.3744,0.6935,5.6207,0.0100
91,0.0822,0.0000,5.1358,0.0100
91,0.0822,0.0000,3.8506,0.0100
91,0.0822,0.0000,5.9636,0.0100
91,0.0822,0.0000,5.7638,0.0100
91,0.0822,0.0000,8.1575,0.0100
91,0.0822,0.0000,4.8561,0.0100
91,0.0822,0.0000,7.3082,0.0100
91,0.0822,0.0000,5.7287,0.0100
92,73.8589,0.5991,10.8433,0.0100
92,73.8589,0.6333,10.4399,0.0100
92,73.8589,0.9801,8.7319,0.0100
92,73.8589,0.1977,10.3723,0.0100
92,73.8589,0.7460,10.1554,0.0100
92,73.8589,0.3121,9.0942,0.0100
92,73.8589,0.7600,9.0003,0.0100
92,73.8589,0.1054,10.9897,0.0100
93,0.0723,0.0000,10.0794,0.0100
93,0.0723,0.0000,9.3751,0.0100
93,0.0723,0.0000,7.1045,0.0100
93,0.0723,0.0000,8.7359,0.0100
93,0.0723,0.0000,9.0501,0.0100
93,0.0723,0.0000,6.6745,0.0100
93,0.0723,0.0000,7.3525,0.0100
93,0.0723,0.0000,8.2991,0.0100
94,94.2359,0.4833,9.8373,0.0100
94,94.2359,0.1086,10.2375,0.0100
94,94.2359,0.1061,7.5223,0.0100
94,94.2359,1.0975,8.8584,0.0100
94,94.2359,0.7240,10.7113,0.0100
94,94.2359,0.0478,8.3195,0.0100
94,94.2359,0.1461,9.6725,0.0100
94,94.2359,0.4744,7.9084,0.0100
95,0.0756,0.0000,7.6481,0.0100
95,0.0756,0.0000,9.6401,0.0100
95,0.0756,0.0000,5.4352,0.0100
95,0.0756,0.0000,6.2314,0.0100
95,0.0756,0.0000,9.1984,0.0100
95,0.0756,0.0000,6.1111,0.0100
95,0.0756,0.0000,8.2142,0.0100
95,0.0756,0.0000,6.2115,0.0100
96,72.5438,0.6080,10.0271,0.0100
96,72.5438,0.7623,10.8953,0.0100
96,72.5438,0.0985,8.2555,0.0100
96,72.5438,0.7632,10.4921,0.0100
96,72.5438,0.9023,12.4194,0.0100
96,72.5438,0.5418,8.6244,0.0100
96,72.5438,0.9493,11.7299,0.0100
96,72.5438,0.4896,9.0326,0.0100
97,0.0486,0.0000,8.1371,0.0100
97,0.0486,0.0000,9.9798,0.0100
97,0.0486,0.0000,6.4241,0.0100
97,0.0486,0.0000,6.1544,0.0100
97,0.0486,0.0000,9.2684,0.0100
97,0.0486,0.0000,5.9699,0.0100
97,0.0486,0.0000,8.2692,0.0100
97,0.0486,0.0000,6.9859,0.0100
98,80.2254,0.8292,12.0029,0.0100
98,80.2254,1.8117,11.9720,0.0100
98,80.2254,0.7115,10.5197,0.0100
98,80.2254,1.7822,11.0012,0.0100
98,80.2254,0.2533,12.3636,0.0100
98,80.2254,1.5492,11.2594,0.0100
98,80.2254,2.1517,11.3928,0.0100
98,80.2254,0.3858,11.5412,0.0100
99,0.0769,0.0000,11.7490,0.0100
99,0.0769,0.0000,11.9845,0.0100
99,0.0769,0.0000,9.6668,0.0100
99,0.0769,0.0000,10.0917,0.0100
99,0.0769,0.0000,13.0402,0.0100
99,0.0769,0.0000,9.3533,0.0100
99,0.0769,0.0000,10.2397,0.0100
99,0.0769,0.0000,10.2564,0.0100
100,73.5053,0.3506,2.3593,0.0100
100,73.5053,1.6229,1.7700,0.0100
100,73.5053,0.5854,3.0222,0.0100
100,73.5053,1.2982,4.0387,0.0100
100,73.5053,1.5184,2.4082,0.0100
100,73.5053,1.2151,2.1228,0.0100
100,73.5053,0.9911,2.5878,0.0100
100,73.5053,0.8469,2.6732,0.0100
101,0.0113,0.0000,1.0012,0.0100
101,0.0113,0.0000,0.6662,0.0100
101,0.0113,0.0000,2.9315,0.0100
101,0.0113,0.0000,3.4078,0.0100
101,0.0113,0.0000,1.8022,0.0100
101,0.0113,0.0000,1.6287,0.0100
101,0.0113,0.0000,3.2586,0.0100
101,0.0113,0.0000,1.4426,0.0100
102,69.5878,0.2494,13.8257,0.0100
102,69.5878,1.3627,13.7299,0.0100
102,69.5878,0.0552,10.4384,0.0100
102,69.5878,1.2777,10.7022,0.0100
102,69.5878,0.2152,13.1075,0.0100
102,69.5878,0.1860,12.2163,0.0100
102,69.5878,0.6427,12.5098,0.0100
102,69.5878,1.9224,10.3747,0.0100
103,0.0725,0.0000,11.5849,0.0100
103,0.0725,0.0000,12.9095,0.0100
103,0.0725,0.0000,8.2801,0.0100
103,0.0725,0.0000,8.5742,0.0100
103,0.0725,0.0000,11.6860,0.0100
103,0.0725,0.0000,9.2643,0.0100
103,0.0725,0.0000,10.5483,0.0100
103,0.0725,0.0000,8.5318,0.0100
104,98.8791,2.0423,2.6381,0.0100
104,98.8791,1.3263,1.2185,0.0100
104,98.8791,1.2828,2.4197,0.0100
104,98.8791,0.9578,2.9011,0.0100
104,98.8791,2.2905,2.1318,0.0100
104,98.8791,1.2597,2.3632,0.0100
104,98.8791,1.4494,2.5483,0.0100
104,98.8791,0.7319,2.8167,0.0100
105,0.0297,0.0000,2.0973,0.0100
105,0.0297,0.0000,1.1718,0.0100
105,0.0297,0.0000,3.0656,0.0100
105,0.0297,0.0000,3.7653,0.0100
105,0.0297,0.0000,2.7017,0.0100
105,0.0297,0.0000,2.6444,0.0100
105,0.0297,0.0000,3.1174,0.0100
105,0.0297,0.0000,2.8785,0.0100
106,42.2729,0.8689,14.5523,0.0100
106,42.2729,2.1908,10.6994,0.0100
106,42.2729,0.2109,10.1396,0.0100
106,42.2729,0.5614,15.3530,0.0100
106,42.2729,0.1862,16.7895,0.0100
106,42.2729,2.4610,12.2615,0.0100
106,42.2729,5.5088,15.9232,0.0100
106,42.2729,1.0452,14.2023,0.0100
107,-0.0525,0.0000,10.7949,0.0100
107,-0.0525,0.0000,6.7024,0.0100
107,-0.0525,0.0000,7.5462,0.0100
107,-0.0525,0.0000,10.0533,0.0100
107,-0.0525,0.0000,13.9520,0.0100
107,-0.0525,0.0000,8.1502,0.0100
107,-0.0525,0.0000,10.6011,0.0100
107,-0.0525,0.0000,12.6258,0.0100
108,172.5495,1.7258,7.9965,0.0100
108,172.5495,1.0134,8.4381,0.0100
108,172.5495,0.8536,6.1491,0.0100
108,172.5495,1.5765,7.0767,0.0100
108,172.5495,0.6897,8.2091,0.0100
108,172.5495,1.5993,6.8976,0.0100
108,172.5495,1.3358,7.4732,0.0100
108,172.5495,1.1356,7.0201,0.0100
109,0.0808,0.0000,9.3617,0.0100
109,0.0808,0.0000,10.1523,0.0100
109,0.0808,0.0000,6.3181,0.0100
109,0.0808,0.0000,7.7189,0.0100
109,0.0808,0.0000,9.2102,0.0100
109,0.0808,0.0000,7.0248,0.0100
109,0.0808,0.0000,7.9001,0.0100
109,0.0808,0.0000,7.1643,0.0100
110,42.6102,1.2017,7.6268,0.0100
110,42.6102,0.4271,6.8828,0.0100
110,42.6102,1.3117,8.3139,0.0100
110,42.6102,0.3939,11.3636,0.0100
110,42.6102,0.1901,8.3406,0.0100
110,42.6102,0.5893,7.0929,0.0100
110,42.6102,2.0242,8.1157,0.0100
110,42.6102,0.4981,9.8410,0.0100
111,-0.0577,0.0000,4.4767,0.0100
111,-0.0577,0.0000,3.4745,0.0100
111,-0.0577,0.0000,4.5289,0.0100
111,-0.0577,0.0000,6.7684,0.0100
111,-0.0577,0.0000,5.1515,0.0100
111,-0.0577,0.0000,4.0237,0.0100
111,-0.0577,0.0000,5.7119,0.0100
111,-0.0577,0.0000,5.9740,0.0100
112,52.6089,0.3813,12.7501,0.0100
112,52.6089,0.2532,13.8018,0.0100
112,52.6089,0.4270,10.5886,0.0100
112,52.6089,2.7304,14.3536,0.0100
112,52.6089,0.2151,15.9489,0.0100
112,52.6089,0.9726,12.4979,0.0100
112,52.6089,2.2464,15.6521,0.0100
112,52.6089,2.0506,12.9934,0.0100
113,0.0331,0.0000,8.4762,0.0100
113,0.0331,0.0000,10.3626,0.0100
113,0.0331,0.0000,6.1085,0.0100
113,0.0331,0.0000,7.9156,0.0100
113,0.0331,0.0000,10.8078,0.0100
113,0.0331,0.0000,7.0986,0.0100
113,0.0331,0.0000,8.9222,0.0100
113,0.0331,0.0000,8.4254,0.0100
114,78.7421,0.5031,3.2656,0.0100
114,78.7421,0.5085,3.3463,0.0100
114,78.7421,0.3198,3.3218,0.0100
114,78.7421,2.3013,5.2162,0.0100
114,78.7421,1.6788,3.9598,0.0100
114,78.7421,1.6202,2.8577,0.0100
114,78.7421,0.5134,3.6534,0.0100
114,78.7421,0.5718,3.8185,0.0100
115,0.0143,0.0000,2.4729,0.0100
115,0.0143,0.0000,1.5054,0.0100
115,0.0143,0.0000,2.9635,0.0100
115,0.0143,0.0000,3.9198,0.0100
115,0.0143,0.0000,2.3691,0.0100
115,0.0143,0.0000,1.8941,0.0100
115,0.0143,0.0000,4.7412,0.0100
115,0.0143,0.0000,2.2406,0.0100
116,129.5085,0.6069,1.8200,0.0100
116,129.5085,1.7134,1.3642,0.0100
116,129.5085,0.5304,1.9185,0.0100
116,129.5085,0.3429,2.6466,0.0100
116,129.5085,0.8517,1.8364,0.0100
116,129.5085,0.7457,1.9646,0.0100
116,129.5085,1.1368,2.4059,0.0100
116,129.5085,1.7813,2.3920,0.0100
117,0.0099,0.0000,2.2900,0.0100
117,0.0099,0.0000,0.9066,0.0100
117,0.0099,0.0000,3.0269,0.0100
117,0.0099,0.0000,4.5584,0.0100
117,0.0099,0.0000,1.4819,0.0100
117,0.0099,0.0000,2.2477,0.0100
117,0.0099,0.0000,5.1406,0.0100
117,0.0099,0.0000,3.8554,0.0100
118,53.8558,1.7238,5.6736,0.0100
118,53.8558,1.8905,4.5306,0.0100
118,53.8558,0.7884,5.6894,0.0100
118,53.8558,1.4116,7.5827,0.0100
118,53.8558,0.7894,5.1775,0.0100
118,53.8558,0.5338,4.6607,0.0100
118,53.8558,1.2188,5.1803,0.0100
118,53.8558,1.1717,6.6700,0.0100
119,-0.0211,0.0000,3.1727,0.0100
119,-0.0211,0.0000,2.0027,0.0100
119,-0.0211,0.0000,3.7071,0.0100
119,-0.0211,0.0000,5.4635,0.0100
119,-0.0211,0.0000,2.4510,0.0100
119,-0.0211,0.0000,2.1824,0.0100
119,-0.0211,0.0000,5.2647,0.0100
119,-0.0211,0.0000,3.6199,0.0100
120,87.2038,1.1913,13.2994,0.0100
120,87.2038,1.1069,12.9836,0.0100
120,87.2038,0.4744,11.3155,0.0100
120,87.2038,0.5487,12.1740,0.0100
120,87.2038,2.2613,13.2340,0.0100
120,87.2038,1.4621,12.5775,0.0100
120,87.2038,0.2726,12.6950,0.0100
120,87.2038,1.1151,12.2607,0.0100
121,0.0772,0.0000,12.1686,0.0100
121,0.0772,0.0000,12.5454,0.0100
121,0.0772,0.0000,9.4823,0.0100
121,0.0772,0.0000,10.6584,0.0100
121,0.0772,0.0000,12.9993,0.0100
121,0.0772,0.0000,9.0200,0.0100
121,0.0772,0.0000,10.9493,0.0100
121,0.0772,0.0000,10.3726,0.0100
122,118.3249,0.1287,9.3565,0.0100
122,118.3249,0.1244,10.0457,0.0100
122,118.3249,0.3313,7.4632,0.0100
122,118.3249,0.7682,8.0473,0.0100
122,118.3249,0.8732,9.5979,0.0100
122,118.3249,0.1002,9.1952,0.0100
122,118.3249,0.3427,9.2713,0.0100
122,118.3249,0.5428,7.8383,0.0100
123,0.0800,0.0000,8.6307,0.0100
123,0.0800,0.0000,9.4467,0.0100
123,0.0800,0.0000,7.1429,0.0100
123,0.0800,0.0000,8.3741,0.0100
123,0.0800,0.0000,10.0443,0.0100
123,0.0800,0.0000,6.8944,0.0100
123,0.0800,0.0000,7.6302,0.0100
123,0.0800,0.0000,9.1898,0.0100
124,476.8467,1.2454,4.6751,0.0100
124,476.8467,0.4797,4.3544,0.0100
124,476.8467,0.2935,4.9433,0.0100
124,476.8467,0.9612,5.1611,0.0100
124,476.8467,0.7357,6.3230,0.0100
124,476.8467,0.4274,6.1790,0.0100
124,476.8467,0.9648,5.5096,0.0100
124,476.8467,1.0867,5.2585,0.0100
125,0.0543,0.0000,5.6910,0.0100
125,0.0543,0.0000,0.9480,0.0100
125,0.0543,0.0000,2.8270,0.0100
125,0.0543,0.0000,4.8446,0.0100
125,0.0543,0.0000,4.9974,0.0100
125,0.0543,0.0000,4.7949,0.0100
125,0.0543,0.0000,5.5259,0.0100
125,0.0543,0.0000,6.2115,0.0100
126,131.0173,0.3558,7.6145,0.0100
126,131.0173,0.1433,7.7451,0.0100
126,131.0173,0.1661,5.4484,0.0100
126,131.0173,0.2426,7.0686,0.0100
126,131.0173,0.2469,8.6995,0.0100
126,131.0173,0.3158,6.1685,0.0100
126,131.0173,0.2402,8.3308,0.0100
126,131.0173,0.1554,8.2392,0.0100
127,0.0769,0.0000,6.4282,0.0100
127,0.0769,0.0000,6.2663,0.0100
127,0.0769,0.0000,3.4005,0.0100
127,0.0769,0.0000,4.1230,0.0100
127,0.0769,0.0000,6.7742,0.0100
127,0.0769,0.0000,3.4301,0.0100
127,0.0769,0.0000,6.5416,0.0100
127,0.0769,0.0000,8.6263,0.0100
128,45.6642,0.1271,11.4631,0.0100
128,45.6642,0.0937,9.9940,0.0100
128,45.6642,0.1547,7.4421,0.0100
128,45.6642,0.3008,14.2645,0.0100
128,45.6642,0.2855,10.1431,0.0100
128,45.6642,0.2834,6.4619,0.0100
128,45.6642,0.5158,9.1623,0.0100
128,45.6642,0.0967,13.3390,0.0100
129,-0.0476,0.0000,10.2407,0.0100
129,-0.0476,0.0000,6.3546,0.0100
129,-0.0476,0.0000,4.5851,0.0100
129,-0.0476,0.0000,10.4779,0.0100
129,-0.0476,0.0000,6.7874,0.0100
129,-0.0476,0.0000,3.2182,0.0100
129,-0.0476,0.0000,9.4214,0.0100
129,-0.0476,0.0000,9.1983,0.0100
130,154.7758,0.5045,7.8405,0.0100
130,154.7758,0.5465,8.2200,0.0100
130,154.7758,0.3398,5.4681,0.0100
130,154.7758,0.4984,6.7469,0.0100
130,154.7758,0.3912,8.2653,0.0100
130,154.7758,0.3685,6.3622,0.0100
130,154.7758,0.6660,7.8796,0.0100
130,154.7758,0.7336,7.6089,0.0100
131,0.0398,0.0000,5.5264,0.0100
131,0.0398,0.0000,5.5916,0.0100
131,0.0398,0.0000,2.1616,0.0100
131,0.0398,0.0000,2.6089,0.0100
131,0.0398,0.0000,4.6029,0.0100
131,0.0398,0.0000,1.8383,0.0100
131,0.0398,0.0000,5.5478,0.0100
131,0.0398,0.0000,6.5299,0.0100
132,44.3284,0.7721,9.3981,0.0100
132,44.3284,0.8389,4.6074,0.0100
132,44.3284,0.0240,7.1492,0.0100
132,44.3284,0.2421,9.0996,0.0100
132,44.3284,0.2973,5.3139,0.0100
132,44.3284,0.1342,7.2790,0.0100
132,44.3284,0.8916,8.0786,0.0100
132,44.3284,1.3117,8.7847,0.0100
133,-0.0517,0.0000,7.6835,0.0100
133,-0.0517,0.0000,3.3352,0.0100
133,-0.0517,0.0000,-0.1280,0.0100
133,-0.0517,0.0000,6.6478,0.0100
133,-0.0517,0.0000,2.3142,0.0100
133,-0.0517,0.0000,3.2549,0.0100
133,-0.0517,0.0000,7.6480,0.0100
133,-0.0517,0.0000,6.4308,0.0100
134,81.8357,0.8090,11.9338,0.0100
134,81.8357,0.4036,12.4551,0.0100
134,81.8357,0.7978,9.4360,0.0100
134,81.8357,0.0464,10.8710,0.0100
134,81.8357,0.8292,12.5077,0.0100
134,81.8357,0.8928,11.4196,0.0100
134,81.8357,0.2727,11.9422,0.0100
134,81.8357,0.9538,10.8099,0.0100
135,0.0703,0.0000,8.3851,0.0100
135,0.0703,0.0000,6.4475,0.0100
135,0.0703,0.0000,5.1003,0.0100
135,0.0703,0.0000,10.1986,0.0100
135,0.0703,0.0000,8.8229,0.0100
135,0.0703,0.0000,6.5156,0.0100
135,0.0703,0.0000,8.3290,0.0100
135,0.0703,0.0000,8.0629,0.0100
136,71.7058,0.7795,5.9215,0.0100
136,71.7058,1.2884,2.0391,0.0100
136,71.7058,1.1172,3.6797,0.0100
136,71.7058,3.3775,5.8351,0.0100
136,71.7058,0.7274,2.7517,0.0100
136,71.7058,0.4456,3.7458,0.0100
136,71.7058,1.4126,4.6338,0.0100
136,71.7058,2.1887,5.0819,0.0100
137,0.0120,0.0000,6.5017,0.0100
137,0.0120,0.0000,-0.2796,0.0100
137,0.0120,0.0000,1.7004,0.0100
137,0.0120,0.0000,5.1977,0.0100
137,0.0120,0.0000,1.6289,0.0100
137,0.0120,0.0000,2.5200,0.0100
137,0.0120,0.0000,5.4754,0.0100
137,0.0120,0.0000,5.1796,0.0100
138,118.4904,0.8233,6.6330,0.0100
138,118.4904,0.7286,4.8004,0.0100
138,118.4904,0.2733,4.5508,0.0100
138,118.4904,2.0039,6.6075,0.0100
138,118.4904,0.8577,4.2035,0.0100
138,118.4904,1.1352,4.2004,0.0100
138,118.4904,0.9203,5.3626,0.0100
138,118.4904,0.7610,4.6778,0.0100
139,0.0186,0.0000,7.4262,0.0100
139,0.0186,0.0000,5.9740,0.0100
139,0.0186,0.0000,3.5045,0.0100
139,0.0186,0.0000,0.6883,0.0100
139,0.0186,0.0000,2.1091,0.0100
139,0.0186,0.0000,3.5909,0.0100
139,0.0186,0.0000,7.1078,0.0100
139,0.0186,0.0000,4.9411,0.0100
140,56.0647,0.9050,7.5567,0.0100
140,56.0647,0.0513,4.3514,0.0100
140,56.0647,0.5485,5.8320,0.0100
140,56.0647,2.0877,9.1349,0.0100
140,56.0647,0.4940,5.7708,0.0100
140,56.0647,0.2560,5.3733,0.0100
140,56.0647,0.2072,6.7681,0.0100
140,56.0647,1.0715,6.8294,0.0100
141,-0.0142,0.0000,7.3402,0.0100
141,-0.0142,0.0000,1.0852,0.0100
141,-0.0142,0.0000,2.3433,0.0100
141,-0.0142,0.0000,5.7254,0.0100
141,-0.0142,0.0000,2.7269,0.0100
141,-0.0142,0.0000,2.1510,0.0100
141,-0.0142,0.0000,6.5994,0.0100
141,-0.0142,0.0000,4.7715,0.0100
142,49.1450,0.6275,17.6530,0.0100
142,49.1450,3.0656,18.3424,0.0100
142,49.1450,0.3583,14.3351,0.0100
142,49.1450,1.7808,17.9691,0.0100
142,49.1450,3.7411,19.7573,0.0100
142,49.1450,0.3317,16.7828,0.0100
142,49.1450,1.0921,19.3804,0.0100
142,49.1450,0.6695,17.2028,0.0100
143,0.0512,0.0000,12.3323,0.0100
143,0.0512,0.0000,13.2119,0.0100
143,0.0512,0.0000,8.1605,0.0100
143,0.0512,0.0000,14.0867,0.0100
143,0.0512,0.0000,10.2334,0.0100
143,0.0512,0.0000,13.2188,0.0100
143,0.0512,0.0000,12.9462,0.0100
144,93.7094,1.2706,6.9172,0.0100
144,93.7094,2.1096,2.4250,0.0100
144,93.7094,0.4687,4.6330,0.0100
144,93.7094,1.8196,5.4335,0.0100
144,93.7094,3.3338,4.3501,0.0100
144,93.7094,0.4641,4.8719,0.0100
144,93.7094,2.9094,4.9329,0.0100
144,93.7094,0.3501,7.2175,0.0100
145,0.0237,0.0000,6.2516,0.0100
145,0.0237,0.0000,0.6853,0.0100
145,0.0237,0.0000,2.6400,0.0100
145,0.0237,0.0000,4.4920,0.0100
145,0.0237,0.0000,4.1857,0.0100
145,0.0237,0.0000,3.9008,0.0100
145,0.0237,0.0000,4.5594,0.0100
145,0.0237,0.0000,7.2526,0.0100
146,77.2968,1.1871,11.3648,0.0100
146,77.2968,0.1344,6.7198,0.0100
146,77.2968,2.4701,7.1723,0.0100
146,77.2968,0.1343,10.4095,0.0100
146,77.2968,0.3857,10.0194,0.0100
146,77.2968,3.5586,7.5931,0.0100
146,77.2968,0.1469,9.4424,0.0100
146,77.2968,2.6481,12.3731,0.0100
147,0.0252,0.0000,7.0179,0.0100
147,0.0252,0.0000,3.6429,0.0100
147,0.0252,0.0000,4.8532,0.0100
147,0.0252,0.0000,4.1351,0.0100
147,0.0252,0.0000,4.6587,0.0100
147,0.0252,0.0000,2.6775,0.0100
147,0.0252,0.0000,4.3501,0.0100
147,0.0252,0.0000,9.6176,0.0100
148,57.1149,1.4918,15.1010,0.0100
148,57.1149,0.1302,15.8008,0.0100
148,57.1149,1.1735,13.4725,0.0100
148,57.1149,2.5980,16.9168,0.0100
148,57.1149,1.3083,17.6357,0.0100
148,57.1149,0.1099,15.5298,0.0100
148,57.1149,2.2137,15.6521,0.0100
148,57.1149,0.3014,14.2440,0.0100
149,0.0633,0.0000,9.6363,0.0100
149,0.0633,0.0000,11.9279,0.0100
149,0.0633,0.0000,7.2051,0.0100
149,0.0633,0.0000,11.8218,0.0100
149,0.0633,0.0000,0.0000,0.0100
149,0.0633,0.0000,8.7039,0.0100
149,0.0633,0.0000,10.1652,0.0100
149,0.0633,0.0000,10.8673,0.0100
150,70.7652,0.7732,10.3956,0.0100
150,70.7652,2.8685,4.0763,0.0100
150,70.7652,2.0988,6.9933,0.0100
150,70.7652,1.0249,7.4874,0.0100
150,70.7652,3.5253,6.1052,0.0100
150,70.7652,1.9168,7.1605,0.0100
150,70.7652,3.2664,7.7660,0.0100
150,70.7652,1.2605,10.0783,0.0100
151,0.0192,0.0000,8.0213,0.0100
151,0.0192,0.0000,0.8786,0.0100
151,0.0192,0.0000,3.4443,0.0100
151,0.0192,0.0000,4.8013,0.0100
151,0.0192,0.0000,4.6644,0.0100
151,0.0192,0.0000,4.9367,0.0100
151,0.0192,0.0000,5.4792,0.0100
151,0.0192,0.0000,8.7920,0.0100
152,41.3247,1.6101,15.0122,0.0100
152,41.3247,2.8050,15.2492,0.0100
152,41.3247,1.0771,10.8829,0.0100
152,41.3247,1.8134,17.7832,0.0100
152,41.3247,0.7623,15.4891,0.0100
152,41.3247,2.5567,9.6369,0.0100
152,41.3247,2.8104,12.6448,0.0100
152,41.3247,2.4079,17.4209,0.0100
153,-0.0624,0.0000,12.8492,0.0100
153,-0.0624,0.0000,10.1669,0.0100
153,-0.0624,0.0000,8.4401,0.0100
153,-0.0624,0.0000,12.5510,0.0100
153,-0.0624,0.0000,12.0727,0.0100
153,-0.0624,0.0000,4.6449,0.0100
153,-0.0624,0.0000,9.9504,0.0100
153,-0.0624,0.0000,10.8512,0.0100
154,66.4770,4.4733,9.5554,0.0100
154,66.4770,0.8363,10.2805,0.0100
154,66.4770,1.9074,7.2081,0.0100
154,66.4770,2.0339,11.0310,0.0100
154,66.4770,0.5146,9.3608,0.0100
154,66.4770,1.6661,6.5669,0.0100
154,66.4770,3.3853,8.2823,0.0100
154,66.4770,1.6893,9.3703,0.0100
155,0.0169,0.0000,5.9725,0.0100
155,0.0169,0.0000,4.0237,0.0100
155,0.0169,0.0000,4.8547,0.0100
155,0.0169,0.0000,5.9760,0.0100
155,0.0169,0.0000,5.2815,0.0100
155,0.0169,0.0000,0.8095,0.0100
155,0.0169,0.0000,6.5322,0.0100
155,0.0169,0.0000,3.4238,0.0100
156,99.8046,1.8674,9.5996,0.0100
156,99.8046,1.0513,6.8223,0.0100
156,99.8046,1.4281,6.4424,0.0100
156,99.8046,1.2130,9.5727,0.0100
156,99.8046,3.2135,9.4620,0.0100
156,99.8046,0.8932,6.9519,0.0100
156,99.8046,1.4542,8.4239,0.0100
156,99.8046,3.7938,10.4776,0.0100
157,0.0296,0.0000,0.0000,0.0100
157,0.0296,0.0000,5.2588,0.0100
157,0.0296,0.0000,6.3456,0.0100
157,0.0296,0.0000,7.8206,0.0100
157,0.0296,0.0000,9.3682,0.0100
157,0.0296,0.0000,6.5272,0.0100
157,0.0296,0.0000,5.7664,0.0100
157,0.0296,0.0000,10.4437,0.0100
158,55.4332,3.3919,15.6453,0.0100
158,55.4332,3.2308,16.5642,0.0100
158,55.4332,2.3683,14.0259,0.0100
158,55.4332,4.8415,17.9693,0.0100
158,55.4332,4.1698,18.8550,0.0100
158,55.4332,1.1797,16.7845,0.0100
158,55.4332,0.4362,17.4343,0.0100
158,55.4332,1.2236,16.0937,0.0100
159,0.0552,0.0000,9.7286,0.0100
159,0.0552,0.0000,11.0129,0.0100
159,0.0552,0.0000,6.6162,0.0100
159,0.0552,0.0000,12.6471,0.0100
159,0.0552,0.0000,12.4253,0.0100
159,0.0552,0.0000,8.8214,0.0100
159,0.0552,0.0000,10.3489,0.0100
159,0.0552,0.0000,11.3294,0.0100
160,45.5249,3.4870,12.4576,0.0100
160,45.5249,0.1213,12.5899,0.0100
160,45.5249,2.3874,8.8758,0.0100
160,45.5249,2.6711,16.2806,0.0100
160,45.5249,0.4728,11.5060,0.0100
160,45.5249,1.9233,7.9501,0.0100
160,45.5249,0.7497,10.1476,0.0100
160,45.5249,2.6275,13.6052,0.0100
161,-0.0474,0.0000,10.3116,0.0100
161,-0.0474,0.0000,8.2905,0.0100
161,-0.0474,0.0000,6.2992,0.0100
161,-0.0474,0.0000,10.8785,0.0100
161,-0.0474,0.0000,9.2828,0.0100
161,-0.0474,0.0000,4.2581,0.0100
161,-0.0474,0.0000,9.6055,0.0100
161,-0.0474,0.0000,8.4534,0.0100
162,47.7576,0.6996,18.8701,0.0100
162,47.7576,1.3988,18.0864,0.0100
162,47.7576,3.2494,15.7246,0.0100
162,47.7576,0.2692,16.3707,0.0100
162,47.7576,1.2031,17.9936,0.0100
162,47.7576,3.0148,20.3560,0.0100
162,47.7576,0.1839,17.3158,0.0100
162,47.7576,4.0834,16.7530,0.0100
163,0.0047,0.0000,12.7175,0.0100
163,0.0047,0.0000,14.7599,0.0100
163,0.0047,0.0000,10.6965,0.0100
163,0.0047,0.0000,7.6787,0.0100
163,0.0047,0.0000,13.7379,0.0100
163,0.0047,0.0000,11.1383,0.0100
163,0.0047,0.0000,9.7857,0.0100
163,0.0047,0.0000,11.4206,0.0100
164,209.7761,1.1870,9.8778,0.0100
164,209.7761,2.4468,9.7814,0.0100
164,209.7761,1.8410,7.2152,0.0100
164,209.7761,2.0015,9.5887,0.0100
164,209.7761,2.7904,9.0716,0.0100
164,209.7761,2.2553,9.2688,0.0100
164,209.7761,3.2499,9.9384,0.0100
164,209.7761,1.4290,9.1289,0.0100
165,0.3638,0.0000,16.8902,0.0100
165,0.3638,0.0000,10.0828,0.0100
165,0.3638,0.0000,10.4328,0.0100
165,0.3638,0.0000,15.2541,0.0100
165,0.3638,0.0000,14.1385,0.0100
165,0.3638,0.0000,11.0791,0.0100
165,0.3638,0.0000,15.2989,0.0100
165,0.3638,0.0000,16.6841,0.0100
166,55.9486,0.2969,13.2228,0.0100
166,55.9486,7.8611,14.4019,0.0100
166,55.9486,0.9947,8.7319,0.0100
166,55.9486,1.8086,14.7979,0.0100
166,55.9486,8.2544,10.9719,0.0100
166,55.9486,1.3882,10.0123,0.0100
166,55.9486,3.5901,9.9894,0.0100
166,55.9486,2.3623,12.1124,0.0100
167,0.0098,0.0000,8.8275,0.0100
167,0.0098,0.0000,7.3020,0.0100
167,0.0098,0.0000,5.1159,0.0100
167,0.0098,0.0000,8.0906,0.0100
167,0.0098,0.0000,6.9462,0.0100
167,0.0098,0.0000,3.1824,0.0100
167,0.0098,0.0000,7.1113,0.0100
167,0.0098,0.0000,5.9927,0.0100
168,70.0670,1.8033,5.8397,0.0100
168,70.0670,2.1062,4.9131,0.0100
168,70.0670,2.5765,4.1901,0.0100
168,70.0670,2.3606,5.1997,0.0100
168,70.0670,1.3376,7.3660,0.0100
168,70.0670,0.6279,3.5506,0.0100
168,70.0670,2.7917,5.9895,0.0100
168,70.0670,2.1690,5.4947,0.0100
169,0.0097,0.0000,4.6566,0.0100
169,0.0097,0.0000,2.3665,0.0100
169,0.0097,0.0000,2.8169,0.0100
169,0.0097,0.0000,3.7064,0.0100
169,0.0097,0.0000,3.7103,0.0100
169,0.0097,0.0000,1.3990,0.0100
169,0.0097,0.0000,7.3597,0.0100
169,0.0097,0.0000,3.1709,0.0100
170,42.4006,0.0877,18.9126,0.0100
170,42.4006,2.3903,16.8444,0.0100
170,42.4006,0.2443,13.9036,0.0100
170,42.4006,1.9651,20.7863,0.0100
170,42.4006,2.6147,21.0334,0.0100
170,42.4006,2.2587,16.4908,0.0100
170,42.4006,6.6973,19.4036,0.0100
170,42.4006,0.2525,21.2104,0.0100
171,-0.0440,0.0000,11.8493,0.0100
171,-0.0440,0.0000,9.7140,0.0100
171,-0.0440,0.0000,7.7758,0.0100
171,-0.0440,0.0000,12.7474,0.0100
171,-0.0440,0.0000,14.9858,0.0100
171,-0.0440,0.0000,8.1343,0.0100
171,-0.0440,0.0000,10.4946,0.0100
171,-0.0440,0.0000,16.7525,0.0100
172,49.2933,1.5246,17.7114,0.0100
172,49.2933,1.4303,13.0579,0.0100
172,49.2933,0.1793,11.8427,0.0100
172,49.2933,4.2850,17.3657,0.0100
172,49.2933,0.1222,16.9569,0.0100
172,49.2933,2.5929,13.3559,0.0100
172,49.2933,0.2251,16.0640,0.0100
172,49.2933,3.0574,18.6555,0.0100
173,-0.0366,0.0000,11.8413,0.0100
173,-0.0366,0.0000,6.8546,0.0100
173,-0.0366,0.0000,7.3212,0.0100
173,-0.0366,0.0000,9.8258,0.0100
173,-0.0366,0.0000,12.5886,0.0100
173,-0.0366,0.0000,6.6083,0.0100
173,-0.0366,0.0000,8.1188,0.0100
173,-0.0366,0.0000,14.9293,0.0100
174,52.6787,1.8111,17.3593,0.0100
174,52.6787,2.8888,15.5762,0.0100
174,52.6787,0.3083,13.7685,0.0100
174,52.6787,1.4261,19.2425,0.0100
174,52.6787,2.7058,19.0578,0.0100
174,52.6787,4.7016,14.8112,0.0100
174,52.6787,7.2685,18.8772,0.0100
174,52.6787,7.7901,18.8490,0.0100
175,-0.0164,0.0000,11.9559,0.0100
175,-0.0164,0.0000,9.5156,0.0100
175,-0.0164,0.0000,7.9933,0.0100
175,-0.0164,0.0000,11.4218,0.0100
175,-0.0164,0.0000,13.5217,0.0100
175,-0.0164,0.0000,7.2424,0.0100
175,-0.0164,0.0000,9.8344,0.0100
175,-0.0164,0.0000,15.8706,0.0100
176,67.9126,0.9119,11.3340,0.0100
176,67.9126,4.8669,11.8163,0.0100
176,67.9126,3.7386,10.5369,0.0100
176,67.9126,2.4092,14.3103,0.0100
176,67.9126,1.9980,14.0084,0.0100
176,67.9126,1.2609,10.9997,0.0100
176,67.9126,2.9365,13.7696,0.0100
176,67.9126,1.4117,13.9523,0.0100
177,0.0243,0.0000,6.5497,0.0100
177,0.0243,0.0000,5.2167,0.0100
177,0.0243,0.0000,5.4863,0.0100
177,0.0243,0.0000,6.3837,0.0100
177,0.0243,0.0000,3.4876,0.0100
177,0.0243,0.0000,5.8638,0.0100
177,0.0243,0.0000,4.9150,0.0100
177,0.0243,0.0000,9.7843,0.0100
178,48.8177,4.1041,16.5350,0.0100
178,48.8177,10.5784,14.3750,0.0100
178,48.8177,1.1967,12.3995,0.0100
178,48.8177,13.9978,19.7813,0.0100
178,48.8177,3.4319,17.7416,0.0100
178,48.8177,0.3737,13.9313,0.0100
178,48.8177,1.7526,17.5456,0.0100
178,48.8177,0.4353,18.8947,0.0100
179,-0.0291,0.0000,9.5962,0.0100
179,-0.0291,0.0000,9.0184,0.0100
179,-0.0291,0.0000,6.7673,0.0100
179,-0.0291,0.0000,11.4622,0.0100
179,-0.0291,0.0000,12.0246,0.0100
179,-0.0291,0.0000,6.4787,0.0100
179,-0.0291,0.0000,8.6652,0.0100
179,-0.0291,0.0000,14.5445,0.0100
180,126.6236,2.1692,8.6519,0.0100
180,126.6236,1.9493,11.7538,0.0100
180,126.6236,1.5188,7.1734,0.0100
180,126.6236,2.4486,9.5077,0.0100
180,126.6236,1.5384,9.3330,0.0100
180,126.6236,3.2551,9.6230,0.0100
180,126.6236,1.0153,8.6817,0.0100
180,126.6236,2.3078,8.7912,0.0100
181,0.0441,0.0000,4.6219,0.0100
181,0.0441,0.0000,10.1355,0.0100
181,0.0441,0.0000,3.9388,0.0100
181,0.0441,0.0000,8.9232,0.0100
181,0.0441,0.0000,7.4878,0.0100
181,0.0441,0.0000,5.1509,0.0100
181,0.0441,0.0000,6.1650,0.0100
181,0.0441,0.0000,7.3426,0.0100
182,45.7126,2.3863,9.3125,0.0100
182,45.7126,5.1830,8.5177,0.0100
182,45.7126,3.2599,7.4717,0.0100
182,45.7126,1.0675,13.1851,0.0100
182,45.7126,1.8059,8.0702,0.0100
182,45.7126,1.8904,7.0301,0.0100
182,45.7126,2.1440,10.0550,0.0100
182,45.7126,2.3428,10.0657,0.0100
183,-0.0478,0.0000,5.0702,0.0100
183,-0.0478,0.0000,4.3126,0.0100
183,-0.0478,0.0000,4.2074,0.0100
183,-0.0478,0.0000,4.1781,0.0100
183,-0.0478,0.0000,3.4200,0.0100
183,-0.0478,0.0000,2.6933,0.0100
183,-0.0478,0.0000,0.0000,0.0100
183,-0.0478,0.0000,4.2751,0.0100
184,71.6091,1.1721,13.1055,0.0100
184,71.6091,2.6967,10.0705,0.0100
184,71.6091,1.7791,10.2140,0.0100
184,71.6091,1.9083,13.8631,0.0100
184,71.6091,2.3899,12.8546,0.0100
184,71.6091,1.0738,9.4983,0.0100
184,71.6091,1.1102,11.8771,0.0100
184,71.6091,0.4908,14.9056,0.0100
185,0.0086,0.0000,7.5167,0.0100
185,0.0086,0.0000,6.3817,0.0100
185,0.0086,0.0000,7.1381,0.0100
185,0.0086,0.0000,6.2405,0.0100
185,0.0086,0.0000,6.8262,0.0100
185,0.0086,0.0000,3.8563,0.0100
185,0.0086,0.0000,5.4066,0.0100
185,0.0086,0.0000,10.4885,0.0100
186,74.3049,0.7323,4.3311,0.0100
186,74.3049,1.3138,3.6767,0.0100
186,74.3049,1.3577,4.0806,0.0100
186,74.3049,0.4991,6.0751,0.0100
186,74.3049,3.7044,3.7224,0.0100
186,74.3049,0.4478,2.8852,0.0100
186,74.3049,1.7700,6.0130,0.0100
186,74.3049,0.9970,4.7553,0.0100
187,0.0394,0.0000,3.4697,0.0100
187,0.0394,0.0000,3.2556,0.0100
187,0.0394,0.0000,2.9838,0.0100
187,0.0394,0.0000,2.8766,0.0100
187,0.0394,0.0000,2.8355,0.0100
187,0.0394,0.0000,1.8787,0.0100
187,0.0394,0.0000,8.1362,0.0100
187,0.0394,0.0000,4.0177,0.0100
188,155.3624,0.6659,3.1627,0.0100
188,155.3624,0.7576,2.7804,0.0100
188,155.3624,0.7149,3.7411,0.0100
188,155.3624,0.4328,3.7862,0.0100
188,155.3624,1.3834,3.5975,0.0100
188,155.3624,1.0354,3.4655,0.0100
188,155.3624,1.2983,4.0269,0.0100
188,155.3624,1.0800,4.3422,0.0100
189,0.0322,0.0000,2.6187,0.0100
189,0.0322,0.0000,2.0265,0.0100
189,0.0322,0.0000,4.5115,0.0100
189,0.0322,0.0000,3.8049,0.0100
189,0.0322,0.0000,3.6028,0.0100
189,0.0322,0.0000,3.1304,0.0100
189,0.0322,0.0000,6.6135,0.0100
189,0.0322,0.0000,5.4610,0.0100
190,59.1656,1.1729,9.9181,0.0100
190,59.1656,0.1720,9.0418,0.0100
190,59.1656,0.5296,6.7588,0.0100
190,59.1656,0.7469,12.6874,0.0100
190,59.1656,1.3540,8.6689,0.0100
190,59.1656,1.0940,6.9732,0.0100
190,59.1656,0.7939,8.2734,0.0100
190,59.1656,0.8507,9.9085,0.0100
191,-0.0036,0.0000,6.9711,0.0100
191,-0.0036,0.0000,5.8990,0.0100
191,-0.0036,0.0000,5.1538,0.0100
191,-0.0036,0.0000,5.5093,0.0100
191,-0.0036,0.0000,4.5788,0.0100
191,-0.0036,0.0000,3.1835,0.0100
191,-0.0036,0.0000,8.1708,0.0100
191,-0.0036,0.0000,5.5118,0.0100
0,206.3766,0.5451,0.5842,0.7633
0,206.3766,0.6005,0.3982,0.7633
0,206.3766,0.6397,0.3955,0.7633
0,206.3766,0.8913,0.7665,0.7633
0,206.3766,0.6965,0.2587,0.7633
0,206.3766,0.6861,0.3524,0.7633
0,206.3766,0.6020,0.6591,0.7633
0,206.3766,0.7823,0.6942,0.7633
1,0.0990,0.0000,0.0000,0.7625
1,0.0990,0.0000,0.0000,0.7625
1,0.0990,0.0000,0.0000,0.7625
1,0.0990,0.0000,0.0000,0.7625
1,0.0990,0.0000,0.0000,0.7625
1,0.0990,0.0000,0.4486,0.7625
1,0.0990,0.0000,0.0000,0.7625
1,0.0990,0.0000,0.0000,0.7625
2,96.0288,0.6049,2.5761,0.6362
2,96.0288,0.5795,3.9073,0.6362
2,96.0288,0.3870,1.6504,0.6362
2,96.0288,0.5039,2.3164,0.6362
2,96.0288,0.4553,2.6989,0.6362
2,96.0288,0.5758,3.4125,0.6362
2,96.0288,0.3872,2.7576,0.6362
2,96.0288,0.4050,3.8728,0.6362
3,0.0766,0.0000,3.1148,0.6356
3,0.0766,0.0000,0.0000,0.6356
3,0.0766,0.0000,2.7830,0.6356
3,0.0766,0.0000,0.0000,0.6356
3,0.0766,0.0000,2.1315,0.6356
3,0.0766,0.0000,0.0000,0.6356
3,0.0766,0.0000,0.0000,0.6356
3,0.0766,0.0000,0.0000,0.6356
4,71.8368,0.7496,3.2636,0.5531
4,71.8368,1.0692,7.2892,0.5531
4,71.8368,0.9832,2.2247,0.5531
4,71.8368,2.1427,5.4216,0.5531
4,71.8368,0.6756,2.6360,0.5531
4,71.8368,0.5505,5.9752,0.5531
4,71.8368,0.8527,5.1068,0.5531
4,71.8368,1.0356,5.8254,0.5531
5,0.0710,0.0000,3.3331,0.5525
5,0.0710,0.0000,6.6581,0.5525
5,0.0710,0.0000,2.1307,0.5525
5,0.0710,0.0000,0.0000,0.5525
5,0.0710,0.0000,0.0000,0.5525
5,0.0710,0.0000,6.7667,0.5525
5,0.0710,0.0000,4.9874,0.5525
5,0.0710,0.0000,0.0000,0.5525
6,99.7987,0.5116,0.7971,0.4564
6,99.7987,0.5045,1.2978,0.4564
6,99.7987,0.8110,1.9337,0.4564
6,99.7987,2.4098,1.4527,0.4564
6,99.7987,0.6651,1.8476,0.4564
6,99.7987,1.0677,1.4604,0.4564
6,99.7987,0.7506,2.1672,0.4564
6,99.7987,0.9674,1.8078,0.4564
7,0.0792,0.0000,0.0000,0.4559
7,0.0792,0.0000,2.9992,0.4559
7,0.0792,0.0000,0.0000,0.4559
7,0.0792,0.0000,0.0000,0.4559
7,0.0792,0.0000,2.8549,0.4559
7,0.0792,0.0000,4.4220,0.4559
7,0.0792,0.0000,3.7948,0.4559
8,95.6652,0.9175,1.2636,0.3804
8,95.6652,0.6662,4.7404,0.3804
8,95.6652,1.2530,-0.7087,0.3804
8,95.6652,1.2583,2.1273,0.3804
8,95.6652,0.7723,1.5178,0.3804
8,95.6652,0.6553,2.5308,0.3804
8,95.6652,0.9165,2.5604,0.3804
8,95.6652,1.5650,2.6996,0.3804
9,0.0914,0.0000,0.0000,0.3800
9,0.0914,0.0000,4.8638,0.3800
9,0.0914,0.0000,1.2513,0.3800
9,0.0914,0.0000,2.0976,0.3800
9,0.0914,0.0000,0.0000,0.3800
9,0.0914,0.0000,3.2712,0.3800
9,0.0914,0.0000,0.0000,0.3800
9,0.0914,0.0000,4.7503,0.3800
10,62.0625,0.3755,3.5421,0.3357
10,62.0625,1.3465,8.9474,0.3357
10,62.0625,1.2611,-0.4072,0.3357
10,62.0625,1.6701,1.5689,0.3357
10,62.0625,0.6166,3.7046,0.3357
10,62.0625,0.6963,3.8232,0.3357
10,62.0625,0.6376,5.4290,0.3357
10,62.0625,0.4905,4.5395,0.3357
11,0.0501,0.0000,3.1655,0.3354
11,0.0501,0.0000,8.3499,0.3354
11,0.0501,0.0000,1.0034,0.3354
11,0.0501,0.0000,0.9954,0.3354
11,0.0501,0.0000,2.1372,0.3354
11,0.0501,0.0000,0.0000,0.3354
11,0.0501,0.0000,5.0571,0.3354
11,0.0501,0.0000,0.0000,0.3354
12,64.4989,0.5240,4.0651,0.2939
12,64.4989,1.5062,7.7978,0.2939
12,64.4989,1.1679,0.9502,0.2939
12,64.4989,2.5457,0.7727,0.2939
12,64.4989,0.7736,3.2705,0.2939
12,64.4989,0.6319,3.5557,0.2939
12,64.4989,0.4640,5.3877,0.2939
12,64.4989,1.0308,4.6811,0.2939
13,0.0435,0.0000,0.0000,0.2936
13,0.0435,0.0000,0.0000,0.2936
13,0.0435,0.0000,1.8435,0.2936
13,0.0435,0.0000,1.7425,0.2936
13,0.0435,0.0000,2.5485,0.2936
13,0.0435,0.0000,4.1770,0.2936
13,0.0435,0.0000,0.0000,0.2936
13,0.0435,0.0000,6.3318,0.2936
14,99.9635,1.1124,2.4864,0.2430
14,99.9635,1.7615,4.2803,0.2430
14,99.9635,0.6191,1.3129,0.2430
14,99.9635,0.4713,1.8142,0.2430
14,99.9635,0.9367,2.1718,0.2430
14,99.9635,1.1078,2.9452,0.2430
14,99.9635,0.7237,3.0341,0.2430
15,0.0814,0.0000,2.7406,0.2428
15,0.0814,0.0000,3.9204,0.2428
15,0.0814,0.0000,2.5804,0.2428
15,0.0814,0.0000,2.5917,0.2428
15,0.0814,0.0000,1.2265,0.2428
15,0.0814,0.0000,2.4855,0.2428
15,0.0814,0.0000,2.1291,0.2428
15,0.0814,0.0000,4.3101,0.2428
16,289.3559,0.6374,2.8822,0.1656
16,289.3559,1.1686,6.4668,0.1656
16,289.3559,0.8622,5.8419,0.1656
16,289.3559,0.9308,6.8056,0.1656
16,289.3559,0.3816,4.6290,0.1656
16,289.3559,0.8821,5.7319,0.1656
16,289.3559,0.6897,6.1692,0.1656
16,289.3559,0.7771,7.2670,0.1656
17,0.0573,0.0000,7.6952,0.1655
17,0.0573,0.0000,0.0000,0.1655
17,0.0573,0.0000,14.2701,0.1655
17,0.0573,0.0000,13.8764,0.1655
17,0.0573,0.0000,10.9930,0.1655
17,0.0573,0.0000,0.0000,0.1655
17,0.0573,0.0000,14.3034,0.1655
17,0.0573,0.0000,17.4204,0.1655
18,72.7713,0.8150,3.5809,0.1437
18,72.7713,1.7143,7.3080,0.1437
18,72.7713,0.4650,0.6787,0.1437
18,72.7713,3.3057,2.5566,0.1437
18,72.7713,1.0431,2.9066,0.1437
18,72.7713,2.7333,3.0378,0.1437
18,72.7713,0.8636,4.6100,0.1437
18,72.7713,1.2875,3.8957,0.1437
19,0.0714,0.0000,3.1068,0.1436
19,0.0714,0.0000,6.5036,0.1436
19,0.0714,0.0000,0.0000,0.1436
19,0.0714,0.0000,2.2577,0.1436
19,0.0714,0.0000,1.4113,0.1436
19,0.0714,0.0000,2.9227,0.1436
19,0.0714,0.0000,3.7285,0.1436
19,0.0714,0.0000,4.5317,0.1436
20,268.9537,1.3765,2.4757,0.0999
20,268.9537,2.2215,3.7015,0.0999
20,268.9537,0.7447,3.8083,0.0999
20,268.9537,3.0979,3.8423,0.0999
20,268.9537,1.5000,3.2254,0.0999
20,268.9537,1.8662,4.0759,0.0999
20,268.9537,1.0741,3.7718,0.0999
20,268.9537,0.7258,4.4306,0.0999
21,0.2399,0.0000,6.6970,0.0998
21,0.2399,0.0000,10.4826,0.0998
21,0.2399,0.0000,10.9449,0.0998
21,0.2399,0.0000,8.6431,0.0998
21,0.2399,0.0000,7.4842,0.0998
21,0.2399,0.0000,13.2464,0.0998
21,0.2399,0.0000,12.0377,0.0998
21,0.2399,0.0000,12.7027,0.0998
22,66.8651,0.8485,9.2080,0.0878
22,66.8651,0.9599,13.1274,0.0878
22,66.8651,1.4816,13.8941,0.0878
22,66.8651,1.6814,12.4733,0.0878
22,66.8651,0.4109,11.1334,0.0878
22,66.8651,2.5728,14.7346,0.0878
22,66.8651,3.9696,15.4558,0.0878
22,66.8651,0.7005,15.7729,0.0878
23,0.0673,0.0000,8.8943,0.0878
23,0.0673,0.0000,14.2464,0.0878
23,0.0673,0.0000,13.8126,0.0878
23,0.0673,0.0000,12.9349,0.0878
23,0.0673,0.0000,12.0558,0.0878
23,0.0673,0.0000,17.5167,0.0878
23,0.0673,0.0000,17.5298,0.0878
23,0.0673,0.0000,17.1002,0.0878
24,60.5985,0.9102,8.5934,0.0781
24,60.5985,1.6805,13.0497,0.0781
24,60.5985,1.5550,11.0444,0.0781
24,60.5985,0.7428,13.9683,0.0781
24,60.5985,1.4141,12.5336,0.0781
24,60.5985,0.8550,14.2673,0.0781
24,60.5985,2.8107,14.6289,0.0781
24,60.5985,3.7652,14.4003,0.0781
25,0.0582,0.0000,7.0851,0.0780
25,0.0582,0.0000,12.9157,0.0780
25,0.0582,0.0000,10.8119,0.0780
25,0.0582,0.0000,14.3725,0.0780
25,0.0582,0.0000,12.4390,0.0780
25,0.0582,0.0000,15.8903,0.0780
25,0.0582,0.0000,16.2107,0.0780
25,0.0582,0.0000,14.4802,0.0780
26,79.8978,0.9213,3.8767,0.0670
26,79.8978,1.7182,7.2153,0.0670
26,79.8978,1.4621,6.3055,0.0670
26,79.8978,3.6180,8.9968,0.0670
26,79.8978,4.5392,6.9416,0.0670
26,79.8978,2.1605,8.9147,0.0670
26,79.8978,1.0570,8.1991,0.0670
26,79.8978,2.2146,7.7389,0.0670
27,0.0842,0.0000,3.0086,0.0669
27,0.0842,0.0000,0.0000,0.0669
27,0.0842,0.0000,7.7028,0.0669
27,0.0842,0.0000,8.2683,0.0669
27,0.0842,0.0000,5.2966,0.0669
27,0.0842,0.0000,11.1537,0.0669
27,0.0842,0.0000,8.7437,0.0669
27,0.0842,0.0000,7.7983,0.0669
28,165.6979,0.7481,4.0139,0.0505
28,165.6979,0.9149,6.7564,0.0505
28,165.6979,3.4665,7.5647,0.0505
28,165.6979,1.7921,6.9919,0.0505
28,165.6979,0.8192,5.9580,0.0505
28,165.6979,3.4816,7.8927,0.0505
28,165.6979,1.5115,7.3651,0.0505
28,165.6979,2.3621,7.4681,0.0505
29,0.1137,0.0000,5.6457,0.0505
29,0.1137,0.0000,9.4130,0.0505
29,0.1137,0.0000,12.2481,0.0505
29,0.1137,0.0000,9.7023,0.0505
29,0.1137,0.0000,0.0000,0.0505
29,0.1137,0.0000,13.4890,0.0505
29,0.1137,0.0000,12.6568,0.0505
29,0.1137,0.0000,11.4257,0.0505
30,434.7808,0.9415,2.0475,0.0244
30,434.7808,1.2186,3.4914,0.0244
30,434.7808,1.4785,3.6542,0.0244
30,434.7808,1.9575,3.4435,0.0244
30,434.7808,1.2470,3.5146,0.0244
30,434.7808,2.6670,4.5273,0.0244
30,434.7808,2.4257,4.1619,0.0244
30,434.7808,1.5798,4.0813,0.0244
31,0.0600,0.0000,3.5014,0.0244
31,0.0600,0.0000,4.7074,0.0244
31,0.0600,0.0000,7.2002,0.0244
31,0.0600,0.0000,6.0326,0.0244
31,0.0600,0.0000,6.1218,0.0244
31,0.0600,0.0000,9.5920,0.0244
31,0.0600,0.0000,8.6897,0.0244
31,0.0600,0.0000,7.6779,0.0244
32,64.8026,0.1609,10.9050,0.0215
32,64.8026,0.3802,14.2370,0.0215
32,64.8026,2.3377,15.5309,0.0215
32,64.8026,0.3013,15.4005,0.0215
32,64.8026,3.6115,15.9607,0.0215
32,64.8026,0.8788,15.9133,0.0215
32,64.8026,0.7070,16.3178,0.0215
32,64.8026,1.2325,16.1898,0.0215
33,0.0614,0.0000,8.9219,0.0215
33,0.0614,0.0000,12.6351,0.0215
33,0.0614,0.0000,14.5474,0.0215
33,0.0614,0.0000,13.7285,0.0215
33,0.0614,0.0000,12.0368,0.0215
33,0.0614,0.0000,16.5813,0.0215
33,0.0614,0.0000,16.9069,0.0215
33,0.0614,0.0000,14.5121,0.0215
34,182.8470,0.4901,6.0299,0.0157
34,182.8470,0.9630,6.1816,0.0157
34,182.8470,0.5641,6.4268,0.0157
34,182.8470,1.8573,7.2678,0.0157
34,182.8470,2.0678,7.0694,0.0157
34,182.8470,1.6518,5.7541,0.0157
34,182.8470,2.3179,6.1740,0.0157
34,182.8470,1.1805,7.3170,0.0157
35,0.1484,0.0000,9.4473,0.0157
35,0.1484,0.0000,10.8782,0.0157
35,0.1484,0.0000,11.2644,0.0157
35,0.1484,0.0000,14.0425,0.0157
35,0.1484,0.0000,11.5436,0.0157
35,0.1484,0.0000,11.4547,0.0157
35,0.1484,0.0000,12.1273,0.0157
35,0.1484,0.0000,12.4428,0.0157
36,223.8047,0.9672,3.7354,0.0104
36,223.8047,0.9532,5.0352,0.0104
36,223.8047,1.2517,5.2403,0.0104
36,223.8047,1.3758,5.3467,0.0104
36,223.8047,1.0215,4.8172,0.0104
36,223.8047,1.9634,3.4891,0.0104
36,223.8047,1.6721,4.2862,0.0104
36,223.8047,1.1659,4.6488,0.0104
37,0.0530,0.0000,4.9238,0.0104
37,0.0530,0.0000,6.4173,0.0104
37,0.0530,0.0000,7.1330,0.0104
37,0.0530,0.0000,6.9973,0.0104
37,0.0530,0.0000,5.8981,0.0104
37,0.0530,0.0000,4.4893,0.0104
37,0.0530,0.0000,5.8232,0.0104
37,0.0530,0.0000,5.8224,0.0104
38,127.7170,1.7842,2.4972,0.0100
38,127.7170,2.8957,3.8478,0.0100
38,127.7170,0.8822,3.9000,0.0100
38,127.7170,2.7692,4.5333,0.0100
38,127.7170,2.7917,3.8774,0.0100
38,127.7170,0.5506,5.8261,0.0100
38,127.7170,2.1297,5.2933,0.0100
38,127.7170,0.9886,4.7692,0.0100
39,0.1006,0.0000,1.5524,0.0100
39,0.1006,0.0000,3.6902,0.0100
39,0.1006,0.0000,4.5256,0.0100
39,0.1006,0.0000,4.5110,0.0100
39,0.1006,0.0000,4.5186,0.0100
39,0.1006,0.0000,7.3703,0.0100
39,0.1006,0.0000,7.0070,0.0100
39,0.1006,0.0000,5.5909,0.0100
0,7150.3067,0.0000,0.0820,0.8650
0,7150.3067,0.0000,0.0467,0.8650
0,7150.3067,0.0000,0.0889,0.8650
0,7150.3067,0.0000,0.0816,0.8650
0,7150.3067,0.0000,0.0653,0.8650
0,7150.3067,0.0000,0.1478,0.8650
0,7150.3067,0.0000,0.1450,0.8650
0,7150.3067,0.0000,-0.0031,0.8650
1,0.8309,0.0000,0.0000,0.8641
1,0.8309,0.0000,0.0000,0.8641
1,0.8309,0.0000,0.0000,0.8641
1,0.8309,0.0000,0.0000,0.8641
1,0.8309,0.0000,0.0000,0.8641
1,0.8309,0.0000,0.0000,0.8641
1,0.8309,0.0000,0.0000,0.8641
1,0.8309,0.0000,-0.1389,0.8641
2,1404.2957,0.0000,0.2015,0.6934
2,1404.2957,0.0000,0.1311,0.6934
2,1404.2957,0.0000,0.1914,0.6934
2,1404.2957,0.0000,0.1662,0.6934
2,1404.2957,0.0000,0.0245,0.6934
2,1404.2957,0.0000,0.3021,0.6934
2,1404.2957,0.0000,0.0934,0.6934
2,1404.2957,0.0000,0.1784,0.6934
3,1.0636,0.0000,0.2920,0.6927
3,1.0636,0.0000,0.0000,0.6927
3,1.0636,0.0000,0.3399,0.6927
3,1.0636,0.0000,0.1963,0.6927
3,1.0636,0.0000,0.0000,0.6927
3,1.0636,0.0000,0.0000,0.6927
3,1.0636,0.0000,0.0000,0.6927
3,1.0636,0.0000,0.0000,0.6927
4,1280.3997,0.0000,0.0365,0.5659
4,1280.3997,0.0000,0.1147,0.5659
4,1280.3997,0.0000,0.3083,0.5659
4,1280.3997,0.0000,0.1837,0.5659
4,1280.3997,0.0000,0.0720,0.5659
4,1280.3997,0.0000,0.1713,0.5659
4,1280.3997,0.0000,-0.0054,0.5659
4,1280.3997,0.0000,0.0577,0.5659
5,0.8978,0.0000,0.0343,0.5654
5,0.8978,0.0000,0.0508,0.5654
5,0.8978,0.0000,0.2486,0.5654
5,0.8978,0.0000,0.0000,0.5654
5,0.8978,0.0000,0.0388,0.5654
5,0.8978,0.0000,0.0000,0.5654
5,0.8978,0.0000,0.0000,0.5654
5,0.8978,0.0000,0.0000,0.5654
6,808.7071,0.0000,0.0844,0.4949
6,808.7071,0.0000,0.0599,0.4949
6,808.7071,0.0000,0.1369,0.4949
6,808.7071,0.0000,0.2108,0.4949
6,808.7071,0.0000,0.0373,0.4949
6,808.7071,0.0000,0.1196,0.4949
6,808.7071,0.0000,0.0145,0.4949
6,808.7071,0.0000,-0.0241,0.4949
7,0.7668,0.0000,0.0000,0.4944
7,0.7668,0.0000,0.0000,0.4944
7,0.7668,0.0000,0.2348,0.4944
7,0.7668,0.0000,0.0000,0.4944
7,0.7668,0.0000,0.0000,0.4944
7,0.7668,0.0000,0.0000,0.4944
7,0.7668,0.0000,0.0692,0.4944
7,0.7668,0.0000,-0.1437,0.4944
8,774.3821,0.0000,0.0988,0.4350
8,774.3821,0.0000,0.0473,0.4350
8,774.3821,0.0000,0.1185,0.4350
8,774.3821,0.0000,0.1785,0.4350
8,774.3821,0.0000,0.0644,0.4350
8,774.3821,0.0000,0.1731,0.4350
8,774.3821,0.0000,0.0427,0.4350
8,774.3821,0.0000,0.0170,0.4350
9,0.6952,0.0000,0.0000,0.4346
9,0.6952,0.0000,0.0000,0.4346
9,0.6952,0.0000,0.0000,0.4346
9,0.6952,0.0000,0.0000,0.4346
9,0.6952,0.0000,0.0304,0.4346
9,0.6952,0.0000,0.0000,0.4346
9,0.6952,0.0000,0.0000,0.4346
9,0.6952,0.0000,-0.1638,0.4346
10,1424.9042,51.7842,0.0806,0.3498
10,1424.9042,50.1083,0.1205,0.3498
10,1424.9042,50.3084,0.1127,0.3498
10,1424.9042,50.6188,0.1206,0.3498
10,1424.9042,49.4293,0.0571,0.3498
10,1424.9042,51.8007,0.2381,0.3498
10,1424.9042,49.9924,0.1409,0.3498
10,1424.9042,52.6153,0.1281,0.3498
11,1.0972,0.0000,0.0000,0.3494
11,1.0972,0.0000,0.1859,0.3494
11,1.0972,0.0000,0.0000,0.3494
11,1.0972,0.0000,0.2826,0.3494
11,1.0972,0.0000,0.0806,0.3494
11,1.0972,0.0000,0.0000,0.3494
11,1.0972,0.0000,0.3406,0.3494
11,1.0972,0.0000,0.0928,0.3494
12,4267.2279,0.0000,0.1360,0.1820
12,4267.2279,0.0000,0.1932,0.1820
12,4267.2279,0.0000,0.2299,0.1820
12,4267.2279,0.0000,0.1615,0.1820
12,4267.2279,0.0000,0.0676,0.1820
12,4267.2279,0.0000,0.1857,0.1820
12,4267.2279,0.0000,0.0646,0.1820
12,4267.2279,0.0000,0.0632,0.1820
13,1.0123,0.0000,0.1862,0.1818
13,1.0123,0.0000,0.0000,0.1818
13,1.0123,0.0000,0.2221,0.1818
13,1.0123,0.0000,0.2597,0.1818
13,1.0123,0.0000,0.1424,0.1818
13,1.0123,0.0000,0.0114,0.1818
13,1.0123,0.0000,0.1028,0.1818
13,1.0123,0.0000,0.1173,0.1818
14,1210.0363,0.0000,0.1331,0.1479
14,1210.0363,0.0000,0.1287,0.1479
14,1210.0363,0.0000,0.2162,0.1479
14,1210.0363,0.0000,0.1936,0.1479
14,1210.0363,0.0000,0.0792,0.1479
14,1210.0363,0.0000,0.1008,0.1479
14,1210.0363,0.0000,0.0629,0.1479
14,1210.0363,0.0000,0.0293,0.1479
15,-0.0583,0.0000,0.1484,0.1478
15,-0.0583,0.0000,0.3215,0.1478
15,-0.0583,0.0000,0.3800,0.1478
15,-0.0583,0.0000,0.4205,0.1478
15,-0.0583,0.0000,0.1578,0.1478
15,-0.0583,0.0000,0.2324,0.1478
15,-0.0583,0.0000,0.0962,0.1478
15,-0.0583,0.0000,0.0419,0.1478
16,1950.1344,48.9599,0.2380,0.1105
16,1950.1344,49.6182,0.2723,0.1105
16,1950.1344,50.7813,0.2437,0.1105
16,1950.1344,51.3389,0.2791,0.1105
16,1950.1344,50.9070,0.1891,0.1105
16,1950.1344,51.5030,0.3760,0.1105
16,1950.1344,50.4053,0.3139,0.1105
16,1950.1344,51.3277,0.2881,0.1105
17,1.2207,0.0000,0.3446,0.1103
17,1.2207,0.0000,0.2891,0.1103
17,1.2207,0.0000,0.0000,0.1103
17,1.2207,0.0000,0.4089,0.1103
17,1.2207,0.0000,0.1931,0.1103
17,1.2207,0.0000,0.3711,0.1103
17,1.2207,0.0000,0.4915,0.1103
17,1.2207,0.0000,0.3027,0.1103
18,857.8500,0.0000,0.2430,0.0950
18,857.8500,0.0000,0.1992,0.0950
18,857.8500,0.0000,0.3611,0.0950
18,857.8500,0.0000,0.3582,0.0950
18,857.8500,0.0000,0.1864,0.0950
18,857.8500,0.0000,0.2040,0.0950
18,857.8500,0.0000,0.1804,0.0950
18,857.8500,0.0000,0.1301,0.0950
19,0.3433,0.0000,0.3061,0.0949
19,0.3433,0.0000,0.4152,0.0949
19,0.3433,0.0000,0.0000,0.0949
19,0.3433,0.0000,0.5924,0.0949
19,0.3433,0.0000,0.2695,0.0949
19,0.3433,0.0000,0.3668,0.0949
19,0.3433,0.0000,0.1912,0.0949
19,0.3433,0.0000,0.2032,0.0949
20,881.7695,0.0000,0.2094,0.0820
20,881.7695,0.0000,0.1822,0.0820
20,881.7695,0.0000,0.3213,0.0820
20,881.7695,0.0000,0.3528,0.0820
20,881.7695,0.0000,0.1809,0.0820
20,881.7695,0.0000,0.2184,0.0820
20,881.7695,0.0000,0.1847,0.0820
20,881.7695,0.0000,0.1222,0.0820
21,0.7696,0.0000,0.2929,0.0819
21,0.7696,0.0000,0.3896,0.0819
21,0.7696,0.0000,0.5821,0.0819
21,0.7696,0.0000,0.5325,0.0819
21,0.7696,0.0000,0.2286,0.0819
21,0.7696,0.0000,0.3755,0.0819
21,0.7696,0.0000,0.2679,0.0819
21,0.7696,0.0000,0.1812,0.0819
22,1310.4320,0.0000,0.4284,0.0667
22,1310.4320,0.0000,0.3851,0.0667
22,1310.4320,0.0000,0.3923,0.0667
22,1310.4320,0.0000,0.4401,0.0667
22,1310.4320,0.0000,0.3068,0.0667
22,1310.4320,0.0000,0.5317,0.0667
22,1310.4320,0.0000,0.4205,0.0667
22,1310.4320,0.0000,0.4932,0.0667
23,1.1237,0.0000,0.5912,0.0666
23,1.1237,0.0000,0.3813,0.0666
23,1.1237,0.0000,0.5675,0.0666
23,1.1237,0.0000,0.5293,0.0666
23,1.1237,0.0000,0.1296,0.0666
23,1.1237,0.0000,0.5303,0.0666
23,1.1237,0.0000,0.5590,0.0666
23,1.1237,0.0000,0.3883,0.0666
24,1398.1648,0.0000,0.1761,0.0527
24,1398.1648,0.0000,0.1801,0.0527
24,1398.1648,0.0000,0.2010,0.0527
24,1398.1648,0.0000,0.2218,0.0527
24,1398.1648,0.0000,0.1538,0.0527
24,1398.1648,0.0000,0.2228,0.0527
24,1398.1648,0.0000,0.1977,0.0527
24,1398.1648,0.0000,0.0969,0.0527
25,1.1396,0.0000,0.2897,0.0527
25,1.1396,0.0000,0.4370,0.0527
25,1.1396,0.0000,0.5643,0.0527
25,1.1396,0.0000,0.4033,0.0527
25,1.1396,0.0000,0.1893,0.0527
25,1.1396,0.0000,0.2379,0.0527
25,1.1396,0.0000,0.0000,0.0527
25,1.1396,0.0000,0.0000,0.0527
26,1575.5184,47.6029,0.2842,0.0414
26,1575.5184,48.4063,0.3867,0.0414
26,1575.5184,49.5133,0.6025,0.0414
26,1575.5184,46.6891,0.4109,0.0414
26,1575.5184,47.5337,0.2735,0.0414
26,1575.5184,50.4489,0.3959,0.0414
26,1575.5184,50.3455,0.1982,0.0414
26,1575.5184,46.3918,0.2838,0.0414
27,1.2054,0.0000,0.2758,0.0414
27,1.2054,0.0000,0.5561,0.0414
27,1.2054,0.0000,0.6546,0.0414
27,1.2054,0.0000,0.6376,0.0414
27,1.2054,0.0000,0.3202,0.0414
27,1.2054,0.0000,0.4096,0.0414
27,1.2054,0.0000,0.2704,0.0414
27,1.2054,0.0000,0.4238,0.0414
28,1394.7757,0.0000,0.8004,0.0333
28,1394.7757,0.0000,0.7053,0.0333
28,1394.7757,0.0000,0.9398,0.0333
28,1394.7757,0.0000,0.7403,0.0333
28,1394.7757,0.0000,0.6673,0.0333
28,1394.7757,0.0000,0.9443,0.0333
28,1394.7757,0.0000,0.5814,0.0333
28,1394.7757,0.0000,0.9206,0.0333
29,1.1899,0.0000,1.0958,0.0333
29,1.1899,0.0000,0.6611,0.0333
29,1.1899,0.0000,1.2836,0.0333
29,1.1899,0.0000,0.9796,0.0333
29,1.1899,0.0000,0.5615,0.0333
29,1.1899,0.0000,0.9904,0.0333
29,1.1899,0.0000,0.6403,0.0333
29,1.1899,0.0000,1.0246,0.0333
30,1324.3421,0.0000,0.9456,0.0268
30,1324.3421,0.0000,0.8991,0.0268
30,1324.3421,0.0000,0.7237,0.0268
30,1324.3421,0.0000,0.6358,0.0268
30,1324.3421,0.0000,1.3382,0.0268
30,1324.3421,0.0000,0.9142,0.0268
30,1324.3421,0.0000,0.5342,0.0268
30,1324.3421,0.0000,0.9371,0.0268
31,0.4486,0.0000,0.4748,0.0268
31,0.4486,0.0000,0.6746,0.0268
31,0.4486,0.0000,0.8170,0.0268
31,0.4486,0.0000,0.8909,0.0268
31,0.4486,0.0000,0.5519,0.0268
31,0.4486,0.0000,0.6499,0.0268
31,0.4486,0.0000,0.4615,0.0268
31,0.4486,0.0000,0.6977,0.0268
32,1038.3793,0.0000,0.2545,0.0226
32,1038.3793,0.0000,0.2236,0.0226
32,1038.3793,0.0000,0.3580,0.0226
32,1038.3793,0.0000,0.3781,0.0226
32,1038.3793,0.0000,0.2472,0.0226
32,1038.3793,0.0000,0.3098,0.0226
32,1038.3793,0.0000,0.2986,0.0226
32,1038.3793,0.0000,0.1859,0.0226
33,0.9639,0.0000,0.4478,0.0226
33,0.9639,0.0000,0.4993,0.0226
33,0.9639,0.0000,0.7614,0.0226
33,0.9639,0.0000,0.6550,0.0226
33,0.9639,0.0000,0.3190,0.0226
33,0.9639,0.0000,0.4846,0.0226
33,0.9639,0.0000,0.4577,0.0226
33,0.9639,0.0000,0.3433,0.0226
34,1286.9160,0.0000,0.7538,0.0185
34,1286.9160,0.0000,0.7049,0.0185
34,1286.9160,0.0000,1.0285,0.0185
34,1286.9160,0.0000,0.7061,0.0185
34,1286.9160,0.0000,0.6996,0.0185
34,1286.9160,0.0000,0.9570,0.0185
34,1286.9160,0.0000,0.5171,0.0185
34,1286.9160,0.0000,0.8978,0.0185
35,1.1511,0.0000,1.0058,0.0185
35,1.1511,0.0000,0.6309,0.0185
35,1.1511,0.0000,1.3688,0.0185
35,1.1511,0.0000,0.9624,0.0185
35,1.1511,0.0000,0.6373,0.0185
35,1.1511,0.0000,0.9536,0.0185
35,1.1511,0.0000,0.6252,0.0185
35,1.1511,0.0000,1.0667,0.0185
36,5083.4970,47.0628,0.7903,0.0100
36,5083.4970,45.9396,0.6908,0.0100
36,5083.4970,45.8664,0.9047,0.0100
36,5083.4970,46.1526,0.8129,0.0100
36,5083.4970,46.2550,0.6661,0.0100
36,5083.4970,45.5926,0.8931,0.0100
36,5083.4970,45.5302,0.5909,0.0100
36,5083.4970,44.3500,0.7627,0.0100
37,1.2085,0.0000,1.1379,0.0100
37,1.2085,0.0000,0.7255,0.0100
37,1.2085,0.0000,1.0240,0.0100
37,1.2085,0.0000,1.0105,0.0100
37,1.2085,0.0000,0.5160,0.0100
37,1.2085,0.0000,0.9380,0.0100
37,1.2085,0.0000,0.8263,0.0100
37,1.2085,0.0000,0.8977,0.0100
38,975.6331,43.7905,1.1689,0.0100
38,975.6331,41.7366,1.1343,0.0100
38,975.6331,42.6028,1.3455,0.0100
38,975.6331,42.9816,1.1114,0.0100
38,975.6331,43.1507,1.0864,0.0100
38,975.6331,43.3365,1.3164,0.0100
38,975.6331,43.8528,0.9577,0.0100
38,975.6331,42.6889,1.4128,0.0100
39,1.0689,0.0000,1.7439,0.0100
39,1.0689,0.0000,1.2916,0.0100
39,1.0689,0.0000,1.9584,0.0100
39,1.0689,0.0000,1.6312,0.0100
39,1.0689,0.0000,1.2344,0.0100
39,1.0689,0.0000,1.5840,0.0100
39,1.0689,0.0000,1.2319,0.0100
39,1.0689,0.0000,1.8218,0.0100
40,1349.4096,0.0000,1.1832,0.0100
40,1349.4096,0.0000,1.1107,0.0100
40,1349.4096,0.0000,1.2643,0.0100
40,1349.4096,0.0000,1.1547,0.0100
40,1349.4096,0.0000,1.1043,0.0100
40,1349.4096,0.0000,1.2823,0.0100
40,1349.4096,0.0000,1.0240,0.0100
40,1349.4096,0.0000,1.3718,0.0100
41,1.1593,0.0000,1.6605,0.0100
41,1.1593,0.0000,1.1303,0.0100
41,1.1593,0.0000,1.6478,0.0100
41,1.1593,0.0000,1.4998,0.0100
41,1.1593,0.0000,1.0259,0.0100
41,1.1593,0.0000,1.3953,0.0100
41,1.1593,0.0000,1.1908,0.0100
41,1.1593,0.0000,1.5147,0.0100
42,765.4965,0.0000,0.5148,0.0100
42,765.4965,0.0000,0.4208,0.0100
42,765.4965,0.0000,0.7311,0.0100
42,765.4965,0.0000,0.7923,0.0100
42,765.4965,0.0000,0.5959,0.0100
42,765.4965,0.0000,0.6581,0.0100
42,765.4965,0.0000,0.7177,0.0100
42,765.4965,0.0000,0.5187,0.0100
43,0.8059,0.0000,0.7386,0.0100
43,0.8059,0.0000,0.6531,0.0100
43,0.8059,0.0000,1.1407,0.0100
43,0.8059,0.0000,1.0689,0.0100
43,0.8059,0.0000,0.6291,0.0100
43,0.8059,0.0000,0.8379,0.0100
43,0.8059,0.0000,0.9047,0.0100
43,0.8059,0.0000,0.6703,0.0100
44,1255.7152,0.0000,1.2499,0.0100
44,1255.7152,0.0000,1.2264,0.0100
44,1255.7152,0.0000,1.4844,0.0100
44,1255.7152,0.0000,1.2039,0.0100
44,1255.7152,0.0000,1.2177,0.0100
44,1255.7152,0.0000,1.4343,0.0100
44,1255.7152,0.0000,1.0271,0.0100
44,1255.7152,0.0000,1.4978,0.0100
45,1.1735,0.0000,1.6511,0.0100
45,1.1735,0.0000,1.2012,0.0100
45,1.1735,0.0000,1.9161,0.0100
45,1.1735,0.0000,1.5803,0.0100
45,1.1735,0.0000,0.0000,0.0100
45,1.1735,0.0000,1.5263,0.0100
45,1.1735,0.0000,1.1152,0.0100
45,1.1735,0.0000,1.7084,0.0100
46,684.0601,0.0000,0.5118,0.0100
46,684.0601,0.0000,0.4029,0.0100
46,684.0601,0.0000,0.8480,0.0100
46,684.0601,0.0000,0.9361,0.0100
46,684.0601,0.0000,0.5645,0.0100
46,684.0601,0.0000,0.6243,0.0100
46,684.0601,0.0000,0.6451,0.0100
46,684.0601,0.0000,0.4667,0.0100
47,0.5936,0.0000,0.7023,0.0100
47,0.5936,0.0000,0.7851,0.0100
47,0.5936,0.0000,1.3052,0.0100
47,0.5936,0.0000,1.3250,0.0100
47,0.5936,0.0000,0.6077,0.0100
47,0.5936,0.0000,0.8998,0.0100
47,0.5936,0.0000,0.7579,0.0100
47,0.5936,0.0000,0.6734,0.0100
48,715.0675,0.0000,1.4568,0.0100
48,715.0675,0.0000,1.5623,0.0100
48,715.0675,0.0000,1.8657,0.0100
48,715.0675,0.0000,1.3786,0.0100
48,715.0675,0.0000,1.4517,0.0100
48,715.0675,0.0000,1.6671,0.0100
48,715.0675,0.0000,1.1545,0.0100
48,715.0675,0.0000,1.7783,0.0100
49,0.7416,0.0000,1.6738,0.0100
49,0.7416,0.0000,1.4580,0.0100
49,0.7416,0.0000,2.2402,0.0100
49,0.7416,0.0000,1.6777,0.0100
49,0.7416,0.0000,1.3598,0.0100
49,0.7416,0.0000,1.6543,0.0100
49,0.7416,0.0000,1.1477,0.0100
49,0.7416,0.0000,1.9697,0.0100
50,910.4991,0.0000,1.1576,0.0100
50,910.4991,0.0000,1.2922,0.0100
50,910.4991,0.0000,1.6429,0.0100
50,910.4991,0.0000,1.1762,0.0100
50,910.4991,0.0000,1.2207,0.0100
50,910.4991,0.0000,1.4205,0.0100
50,910.4991,0.0000,0.8916,0.0100
50,910.4991,0.0000,1.4230,0.0100
51,0.9875,0.0000,0.0000,0.0100
51,0.9875,0.0000,1.2731,0.0100
51,0.9875,0.0000,1.9984,0.0100
51,0.9875,0.0000,1.5244,0.0100
51,0.9875,0.0000,1.1795,0.0100
51,0.9875,0.0000,1.4152,0.0100
51,0.9875,0.0000,0.9216,0.0100
51,0.9875,0.0000,1.6620,0.0100
52,990.7062,40.5150,0.4314,0.0100
52,990.7062,40.0641,0.3755,0.0100
52,990.7062,40.4897,0.6338,0.0100
52,990.7062,42.3979,0.6436,0.0100
52,990.7062,41.2963,0.4463,0.0100
52,990.7062,40.8407,0.5236,0.0100
52,990.7062,42.1273,0.5616,0.0100
52,990.7062,43.2215,0.4111,0.0100
53,0.9238,0.0000,0.8387,0.0100
53,0.9238,0.0000,0.9199,0.0100
53,0.9238,0.0000,1.3813,0.0100
53,0.9238,0.0000,1.2754,0.0100
53,0.9238,0.0000,0.6660,0.0100
53,0.9238,0.0000,0.9156,0.0100
53,0.9238,0.0000,0.8913,0.0100
53,0.9238,0.0000,0.8631,0.0100
54,698.6007,0.0000,1.8164,0.0100
54,698.6007,0.0000,1.7880,0.0100
54,698.6007,0.0000,1.8443,0.0100
54,698.6007,0.0000,1.7096,0.0100
54,698.6007,0.0000,1.7628,0.0100
54,698.6007,0.0000,1.8350,0.0100
54,698.6007,0.0000,1.6909,0.0100
54,698.6007,0.0000,2.2237,0.0100
55,0.7761,0.0000,2.2560,0.0100
55,0.7761,0.0000,1.7152,0.0100
55,0.7761,0.0000,2.1391,0.0100
55,0.7761,0.0000,2.0021,0.0100
55,0.7761,0.0000,1.6037,0.0100
55,0.7761,0.0000,1.8982,0.0100
55,0.7761,0.0000,1.7453,0.0100
55,0.7761,0.0000,2.2872,0.0100
56,2125.2170,0.0000,0.8290,0.0100
56,2125.2170,0.0000,0.7873,0.0100
56,2125.2170,0.0000,0.7875,0.0100
56,2125.2170,0.0000,0.8492,0.0100
56,2125.2170,0.0000,0.7932,0.0100
56,2125.2170,0.0000,0.9025,0.0100
56,2125.2170,0.0000,0.8685,0.0100
56,2125.2170,0.0000,0.9135,0.0100
57,1.1917,0.0000,1.1217,0.0100
57,1.1917,0.0000,0.8540,0.0100
57,1.1917,0.0000,1.0694,0.0100
57,1.1917,0.0000,1.1573,0.0100
57,1.1917,0.0000,0.7305,0.0100
57,1.1917,0.0000,0.9250,0.0100
57,1.1917,0.0000,1.1398,0.0100
57,1.1917,0.0000,1.1998,0.0100
58,864.7589,0.0000,0.5744,0.0100
58,864.7589,0.0000,0.6726,0.0100
58,864.7589,0.0000,0.5940,0.0100
58,864.7589,0.0000,0.6841,0.0100
58,864.7589,0.0000,0.7544,0.0100
58,864.7589,0.0000,0.8012,0.0100
58,864.7589,0.0000,0.9279,0.0100
58,864.7589,0.0000,0.8008,0.0100
59,0.4568,0.0000,0.8741,0.0100
59,0.4568,0.0000,0.8203,0.0100
59,0.4568,0.0000,1.2099,0.0100
59,0.4568,0.0000,1.1222,0.0100
59,0.4568,0.0000,0.8026,0.0100
59,0.4568,0.0000,0.8413,0.0100
59,0.4568,0.0000,1.1837,0.0100
59,0.4568,0.0000,1.1111,0.0100
60,1039.2725,0.0000,0.4517,0.0100
60,1039.2725,0.0000,0.4326,0.0100
60,1039.2725,0.0000,0.7025,0.0100
60,1039.2725,0.0000,0.7449,0.0100
60,1039.2725,0.0000,0.4747,0.0100
60,1039.2725,0.0000,0.5589,0.0100
60,1039.2725,0.0000,0.5867,0.0100
60,1039.2725,0.0000,0.4627,0.0100
61,1.1255,0.0000,0.6869,0.0100
61,1.1255,0.0000,0.8154,0.0100
61,1.1255,0.0000,1.2264,0.0100
61,1.1255,0.0000,1.1936,0.0100
61,1.1255,0.0000,0.5899,0.0100
61,1.1255,0.0000,0.7836,0.0100
61,1.1255,0.0000,0.8229,0.0100
61,1.1255,0.0000,0.7456,0.0100
62,810.0423,0.0000,1.5464,0.0100
62,810.0423,0.0000,1.7055,0.0100
62,810.0423,0.0000,2.0604,0.0100
62,810.0423,0.0000,1.5305,0.0100
62,810.0423,0.0000,1.6054,0.0100
62,810.0423,0.0000,1.8088,0.0100
62,810.0423,0.0000,1.2502,0.0100
62,810.0423,0.0000,1.8965,0.0100
63,0.9312,0.0000,1.7421,0.0100
63,0.9312,0.0000,1.6594,0.0100
63,0.9312,0.0000,2.4686,0.0100
63,0.9312,0.0000,1.9107,0.0100
63,0.9312,0.0000,1.8043,0.0100
63,0.9312,0.0000,1.2347,0.0100
63,0.9312,0.0000,2.1326,0.0100
64,1866.7717,38.7993,0.5083,0.0100
64,1866.7717,39.2621,0.6664,0.0100
64,1866.7717,38.1498,0.6306,0.0100
64,1866.7717,41.4005,0.6714,0.0100
64,1866.7717,39.6763,0.6640,0.0100
64,1866.7717,38.6814,0.6978,0.0100
64,1866.7717,39.2504,0.7939,0.0100
64,1866.7717,39.0580,0.7013,0.0100
65,1.2419,0.0000,0.8476,0.0100
65,1.2419,0.0000,0.9018,0.0100
65,1.2419,0.0000,1.2345,0.0100
65,1.2419,0.0000,1.1214,0.0100
65,1.2419,0.0000,0.8310,0.0100
65,1.2419,0.0000,0.7916,0.0100
65,1.2419,0.0000,1.1668,0.0100
65,1.2419,0.0000,1.1151,0.0100
66,3128.7452,0.0000,1.0292,0.0100
66,3128.7452,0.0000,0.9447,0.0100
66,3128.7452,0.0000,1.0045,0.0100
66,3128.7452,0.0000,1.0371,0.0100
66,3128.7452,0.0000,0.9599,0.0100
66,3128.7452,0.0000,1.0863,0.0100
66,3128.7452,0.0000,1.0169,0.0100
66,3128.7452,0.0000,1.0760,0.0100
67,1.2271,0.0000,1.4311,0.0100
67,1.2271,0.0000,1.0425,0.0100
67,1.2271,0.0000,0.0000,0.0100
67,1.2271,0.0000,1.3825,0.0100
67,1.2271,0.0000,0.9133,0.0100
67,1.2271,0.0000,1.1429,0.0100
67,1.2271,0.0000,1.3325,0.0100
67,1.2271,0.0000,1.4317,0.0100
68,1056.6000,0.0000,0.5656,0.0100
68,1056.6000,0.0000,0.6317,0.0100
68,1056.6000,0.0000,0.6524,0.0100
68,1056.6000,0.0000,0.7217,0.0100
68,1056.6000,0.0000,0.7106,0.0100
68,1056.6000,0.0000,0.7468,0.0100
68,1056.6000,0.0000,0.8710,0.0100
68,1056.6000,0.0000,0.7113,0.0100
69,1.0967,0.0000,0.9759,0.0100
69,1.0967,0.0000,0.8844,0.0100
69,1.0967,0.0000,1.3978,0.0100
69,1.0967,0.0000,1.2436,0.0100
69,1.0967,0.0000,0.8933,0.0100
69,1.0967,0.0000,0.9744,0.0100
69,1.0967,0.0000,1.2804,0.0100
69,1.0967,0.0000,1.1290,0.0100
70,1087.1789,38.1201,0.5690,0.0100
70,1087.1789,39.1375,0.5734,0.0100
70,1087.1789,39.0651,0.8148,0.0100
70,1087.1789,37.3377,0.8594,0.0100
70,1087.1789,38.2639,0.6230,0.0100
70,1087.1789,40.2203,0.6892,0.0100
70,1087.1789,39.2595,0.7773,0.0100
70,1087.1789,39.8528,0.6166,0.0100
71,1.1480,0.0000,0.9979,0.0100
71,1.1480,0.0000,0.0000,0.0100
71,1.1480,0.0000,1.6141,0.0100
71,1.1480,0.0000,1.5181,0.0100
71,1.1480,0.0000,0.8625,0.0100
71,1.1480,0.0000,1.0458,0.0100
71,1.1480,0.0000,1.2012,0.0100
71,1.1480,0.0000,1.1310,0.0100
72,867.4582,0.0000,0.7248,0.0100
72,867.4582,0.0000,0.6689,0.0100
72,867.4582,0.0000,1.0201,0.0100
72,867.4582,0.0000,1.0773,0.0100
72,867.4582,0.0000,0.8419,0.0100
72,867.4582,0.0000,0.8738,0.0100
72,867.4582,0.0000,1.0216,0.0100
72,867.4582,0.0000,0.7938,0.0100
73,0.9192,0.0000,1.1216,0.0100
73,0.9192,0.0000,1.1071,0.0100
73,0.9192,0.0000,1.7730,0.0100
73,0.9192,0.0000,1.6448,0.0100
73,0.9192,0.0000,1.0063,0.0100
73,0.9192,0.0000,1.2294,0.0100
73,0.9192,0.0000,1.3850,0.0100
73,0.9192,0.0000,1.2322,0.0100
74,3027.7177,0.0000,1.5975,0.0100
74,3027.7177,0.0000,1.5961,0.0100
74,3027.7177,0.0000,2.0338,0.0100
74,3027.7177,0.0000,1.6186,0.0100
74,3027.7177,0.0000,1.6909,0.0100
74,3027.7177,0.0000,1.8471,0.0100
74,3027.7177,0.0000,1.3599,0.0100
74,3027.7177,0.0000,1.8608,0.0100
75,1.2343,0.0000,2.3092,0.0100
75,1.2343,0.0000,1.9364,0.0100
75,1.2343,0.0000,2.8651,0.0100
75,1.2343,0.0000,2.4251,0.0100
75,1.2343,0.0000,1.9923,0.0100
75,1.2343,0.0000,2.2427,0.0100
75,1.2343,0.0000,1.7041,0.0100
75,1.2343,0.0000,2.5157,0.0100
76,1375.3857,0.0000,1.3309,0.0100
76,1375.3857,0.0000,1.6111,0.0100
76,1375.3857,0.0000,2.0773,0.0100
76,1375.3857,0.0000,1.5820,0.0100
76,1375.3857,0.0000,1.5347,0.0100
76,1375.3857,0.0000,1.7043,0.0100
76,1375.3857,0.0000,1.1385,0.0100
76,1375.3857,0.0000,1.6971,0.0100
77,1.1830,0.0000,1.4960,0.0100
77,1.1830,0.0000,1.9014,0.0100
77,1.1830,0.0000,2.5745,0.0100
77,1.1830,0.0000,2.2727,0.0100
77,1.1830,0.0000,1.6705,0.0100
77,1.1830,0.0000,1.8128,0.0100
77,1.1830,0.0000,0.0000,0.0100
77,1.1830,0.0000,2.1059,0.0100
78,1117.3272,37.3253,1.0091,0.0100
78,1117.3272,35.6906,1.0647,0.0100
78,1117.3272,38.2279,0.9487,0.0100
78,1117.3272,39.5060,1.0555,0.0100
78,1117.3272,36.4647,1.1412,0.0100
78,1117.3272,34.5192,1.1383,0.0100
78,1117.3272,35.1349,1.2713,0.0100
78,1117.3272,37.7778,1.2430,0.0100
79,1.0982,0.0000,1.4929,0.0100
79,1.0982,0.0000,1.2655,0.0100
79,1.0982,0.0000,1.6029,0.0100
79,1.0982,0.0000,1.7170,0.0100
79,1.0982,0.0000,1.2083,0.0100
79,1.0982,0.0000,1.2577,0.0100
79,1.0982,0.0000,1.8035,0.0100
79,1.0982,0.0000,1.8134,0.0100
80,892.8817,0.0000,2.5938,0.0100
80,892.8817,0.0000,2.5371,0.0100
80,892.8817,0.0000,2.6965,0.0100
80,892.8817,0.0000,2.3818,0.0100
80,892.8817,0.0000,2.6121,0.0100
80,892.8817,0.0000,2.5328,0.0100
80,892.8817,0.0000,2.3904,0.0100
80,892.8817,0.0000,2.9899,0.0100
81,1.0039,0.0000,3.2362,0.0100
81,1.0039,0.0000,2.5530,0.0100
81,1.0039,0.0000,3.1457,0.0100
81,1.0039,0.0000,2.8858,0.0100
81,1.0039,0.0000,2.4979,0.0100
81,1.0039,0.0000,2.7201,0.0100
81,1.0039,0.0000,2.5452,0.0100
81,1.0039,0.0000,3.2002,0.0100
82,1031.2784,0.0000,0.6869,0.0100
82,1031.2784,0.0000,0.8597,0.0100
82,1031.2784,0.0000,1.3376,0.0100
82,1031.2784,0.0000,1.2900,0.0100
82,1031.2784,0.0000,0.7860,0.0100
82,1031.2784,0.0000,1.0125,0.0100
82,1031.2784,0.0000,0.7768,0.0100
82,1031.2784,0.0000,0.8217,0.0100
83,1.1172,0.0000,0.8701,0.0100
83,1.1172,0.0000,1.4162,0.0100
83,1.1172,0.0000,1.8292,0.0100
83,1.1172,0.0000,1.9886,0.0100
83,1.1172,0.0000,0.9474,0.0100
83,1.1172,0.0000,1.2095,0.0100
83,1.1172,0.0000,1.0060,0.0100
83,1.1172,0.0000,1.2293,0.0100
84,1945.5429,0.0000,1.8185,0.0100
84,1945.5429,0.0000,1.9335,0.0100
84,1945.5429,0.0000,2.4223,0.0100
84,1945.5429,0.0000,1.9110,0.0100
84,1945.5429,0.0000,1.9847,0.0100
84,1945.5429,0.0000,2.1253,0.0100
84,1945.5429,0.0000,1.5761,0.0100
84,1945.5429,0.0000,2.1929,0.0100
85,1.2252,0.0000,2.3001,0.0100
85,1.2252,0.0000,2.2777,0.0100
85,1.2252,0.0000,3.1949,0.0100
85,1.2252,0.0000,2.7261,0.0100
85,1.2252,0.0000,2.2340,0.0100
85,1.2252,0.0000,2.3880,0.0100
85,1.2252,0.0000,1.8146,0.0100
85,1.2252,0.0000,2.7799,0.0100
86,1327.1137,0.0000,1.7343,0.0100
86,1327.1137,0.0000,1.9805,0.0100
86,1327.1137,0.0000,2.4974,0.0100
86,1327.1137,0.0000,1.9592,0.0100
86,1327.1137,0.0000,1.9467,0.0100
86,1327.1137,0.0000,2.1092,0.0100
86,1327.1137,0.0000,1.5026,0.0100
86,1327.1137,0.0000,2.1374,0.0100
87,1.2207,0.0000,1.4984,0.0100
87,1.2207,0.0000,1.8351,0.0100
87,1.2207,0.0000,2.7347,0.0100
87,1.2207,0.0000,2.6365,0.0100
87,1.2207,0.0000,1.7812,0.0100
87,1.2207,0.0000,1.9088,0.0100
87,1.2207,0.0000,1.3028,0.0100
87,1.2207,0.0000,1.9929,0.0100
88,4235.7931,36.5974,1.9578,0.0100
88,4235.7931,36.8685,1.9824,0.0100
88,4235.7931,37.0009,2.4581,0.0100
88,4235.7931,34.2704,2.0106,0.0100
88,4235.7931,34.1037,2.0817,0.0100
88,4235.7931,36.8685,2.2094,0.0100
88,4235.7931,35.0181,1.7350,0.0100
88,4235.7931,32.7787,2.2189,0.0100
89,1.2522,0.0000,2.8706,0.0100
89,1.2522,0.0000,2.5375,0.0100
89,1.2522,0.0000,3.5587,0.0100
89,1.2522,0.0000,3.1259,0.0100
89,1.2522,0.0000,2.5425,0.0100
89,1.2522,0.0000,2.7923,0.0100
89,1.2522,0.0000,2.2284,0.0100
89,1.2522,0.0000,3.0676,0.0100
90,1467.3465,0.0000,1.5117,0.0100
90,1467.3465,0.0000,1.8728,0.0100
90,1467.3465,0.0000,2.4080,0.0100
90,1467.3465,0.0000,1.9112,0.0100
90,1467.3465,0.0000,1.7719,0.0100
90,1467.3465,0.0000,1.9606,0.0100
90,1467.3465,0.0000,1.3749,0.0100
90,1467.3465,0.0000,1.9504,0.0100
91,1.2063,0.0000,1.6469,0.0100
91,1.2063,0.0000,2.3230,0.0100
91,1.2063,0.0000,3.0127,0.0100
91,1.2063,0.0000,2.7454,0.0100
91,1.2063,0.0000,1.9679,0.0100
91,1.2063,0.0000,2.1128,0.0100
91,1.2063,0.0000,1.4677,0.0100
91,1.2063,0.0000,2.4255,0.0100
92,1381.8440,0.0000,2.6083,0.0100
92,1381.8440,0.0000,2.5475,0.0100
92,1381.8440,0.0000,2.9136,0.0100
92,1381.8440,0.0000,2.4485,0.0100
92,1381.8440,0.0000,2.6423,0.0100
92,1381.8440,0.0000,2.6539,0.0100
92,1381.8440,0.0000,2.3058,0.0100
92,1381.8440,0.0000,2.9317,0.0100
93,1.1767,0.0000,3.3560,0.0100
93,1.1767,0.0000,2.7520,0.0100
93,1.1767,0.0000,3.5948,0.0100
93,1.1767,0.0000,3.2359,0.0100
93,1.1767,0.0000,2.7018,0.0100
93,1.1767,0.0000,2.9665,0.0100
93,1.1767,0.0000,2.5834,0.0100
93,1.1767,0.0000,3.4029,0.0100
94,3238.8116,48.9907,1.1263,0.0100
94,3238.8116,47.1270,1.2554,0.0100
94,3238.8116,47.5508,1.2560,0.0100
94,3238.8116,49.4747,1.2783,0.0100
94,3238.8116,51.1158,1.2316,0.0100
94,3238.8116,49.1302,1.2642,0.0100
94,3238.8116,49.4040,1.4141,0.0100
94,3238.8116,48.8678,1.2949,0.0100
95,1.2375,0.0000,1.3998,0.0100
95,1.2375,0.0000,1.5936,0.0100
95,1.2375,0.0000,1.9657,0.0100
95,1.2375,0.0000,1.8926,0.0100
95,1.2375,0.0000,1.3803,0.0100
95,1.2375,0.0000,1.2821,0.0100
95,1.2375,0.0000,1.8715,0.0100
95,1.2375,0.0000,1.9143,0.0100
96,903.1477,0.0000,3.2273,0.0100
96,903.1477,0.0000,3.4033,0.0100
96,903.1477,0.0000,3.8691,0.0100
96,903.1477,0.0000,3.1673,0.0100
96,903.1477,0.0000,3.3302,0.0100
96,903.1477,0.0000,3.3768,0.0100
96,903.1477,0.0000,2.8747,0.0100
96,903.1477,0.0000,3.7695,0.0100
97,0.9840,0.0000,3.6834,0.0100
97,0.9840,0.0000,3.5495,0.0100
97,0.9840,0.0000,4.5383,0.0100
97,0.9840,0.0000,3.8900,0.0100
97,0.9840,0.0000,3.3124,0.0100
97,0.9840,0.0000,3.5236,0.0100
97,0.9840,0.0000,2.9606,0.0100
97,0.9840,0.0000,4.2332,0.0100
98,709.4071,0.0000,3.4994,0.0100
98,709.4071,0.0000,3.7825,0.0100
98,709.4071,0.0000,4.2493,0.0100
98,709.4071,0.0000,3.4586,0.0100
98,709.4071,0.0000,3.6057,0.0100
98,709.4071,0.0000,3.6760,0.0100
98,709.4071,0.0000,3.1182,0.0100
98,709.4071,0.0000,4.1372,0.0100
99,0.7579,0.0000,3.8214,0.0100
99,0.7579,0.0000,3.8410,0.0100
99,0.7579,0.0000,4.8346,0.0100
99,0.7579,0.0000,4.0655,0.0100
99,0.7579,0.0000,3.5030,0.0100
99,0.7579,0.0000,3.7155,0.0100
99,0.7579,0.0000,3.1002,0.0100
99,0.7579,0.0000,4.5375,0.0100
100,1889.3231,45.4181,0.9860,0.0100
100,1889.3231,46.6564,1.3845,0.0100
100,1889.3231,45.7437,1.8177,0.0100
100,1889.3231,46.0042,1.5313,0.0100
100,1889.3231,47.2755,1.2410,0.0100
100,1889.3231,47.8269,1.4759,0.0100
100,1889.3231,45.9391,1.0167,0.0100
100,1889.3231,45.5499,1.3438,0.0100
101,1.2239,0.0000,1.2483,0.0100
101,1.2239,0.0000,2.1716,0.0100
101,1.2239,0.0000,2.6152,0.0100
101,1.2239,0.0000,2.6932,0.0100
101,1.2239,0.0000,1.5117,0.0100
101,1.2239,0.0000,1.7480,0.0100
101,1.2239,0.0000,1.3127,0.0100
101,1.2239,0.0000,2.0159,0.0100
102,884.2719,0.0000,3.8611,0.0100
102,884.2719,0.0000,3.8864,0.0100
102,884.2719,0.0000,4.2533,0.0100
102,884.2719,0.0000,3.6307,0.0100
102,884.2719,0.0000,3.8987,0.0100
102,884.2719,0.0000,3.7770,0.0100
102,884.2719,0.0000,3.5231,0.0100
102,884.2719,0.0000,4.3552,0.0100
103,0.9877,0.0000,4.5307,0.0100
103,0.9877,0.0000,4.0177,0.0100
103,0.9877,0.0000,4.9012,0.0100
103,0.9877,0.0000,4.3673,0.0100
103,0.9877,0.0000,3.8284,0.0100
103,0.9877,0.0000,4.0221,0.0100
103,0.9877,0.0000,3.6744,0.0100
103,0.9877,0.0000,4.7945,0.0100
104,1091.3788,0.0000,0.8646,0.0100
104,1091.3788,0.0000,0.9693,0.0100
104,1091.3788,0.0000,1.4928,0.0100
104,1091.3788,0.0000,1.5843,0.0100
104,1091.3788,0.0000,1.0061,0.0100
104,1091.3788,0.0000,1.2138,0.0100
104,1091.3788,0.0000,1.1671,0.0100
104,1091.3788,0.0000,1.0294,0.0100
105,1.1383,0.0000,1.3978,0.0100
105,1.1383,0.0000,1.8632,0.0100
105,1.1383,0.0000,2.4555,0.0100
105,1.1383,0.0000,2.6160,0.0100
105,1.1383,0.0000,1.3590,0.0100
105,1.1383,0.0000,1.6976,0.0100
105,1.1383,0.0000,1.6826,0.0100
105,1.1383,0.0000,1.7441,0.0100
106,924.8146,0.0000,0.9414,0.0100
106,924.8146,0.0000,0.9943,0.0100
106,924.8146,0.0000,1.6784,0.0100
106,924.8146,0.0000,1.7819,0.0100
106,924.8146,0.0000,1.1199,0.0100
106,924.8146,0.0000,1.3274,0.0100
106,924.8146,0.0000,1.2944,0.0100
106,924.8146,0.0000,1.1100,0.0100
107,1.0119,0.0000,1.4307,0.0100
107,1.0119,0.0000,1.8802,0.0100
107,1.0119,0.0000,2.5713,0.0100
107,1.0119,0.0000,2.7878,0.0100
107,1.0119,0.0000,1.4258,0.0100
107,1.0119,0.0000,1.7833,0.0100
107,1.0119,0.0000,1.7585,0.0100
107,1.0119,0.0000,1.7683,0.0100
108,1232.3755,0.0000,0.8583,0.0100
108,1232.3755,0.0000,1.0125,0.0100
108,1232.3755,0.0000,1.3345,0.0100
108,1232.3755,0.0000,1.4445,0.0100
108,1232.3755,0.0000,1.0169,0.0100
108,1232.3755,0.0000,1.1569,0.0100
108,1232.3755,0.0000,1.2628,0.0100
108,1232.3755,0.0000,1.0598,0.0100
109,1.1751,0.0000,1.4790,0.0100
109,1.1751,0.0000,1.8460,0.0100
109,1.1751,0.0000,2.4094,0.0100
109,1.1751,0.0000,2.4292,0.0100
109,1.1751,0.0000,1.3681,0.0100
109,1.1751,0.0000,1.6162,0.0100
109,1.1751,0.0000,1.8158,0.0100
109,1.1751,0.0000,1.8244,0.0100
110,1348.3723,0.0000,2.1655,0.0100
110,1348.3723,0.0000,2.5262,0.0100
110,1348.3723,0.0000,3.1920,0.0100
110,1348.3723,0.0000,2.6201,0.0100
110,1348.3723,0.0000,2.4393,0.0100
110,1348.3723,0.0000,2.6230,0.0100
110,1348.3723,0.0000,1.9757,0.0100
110,1348.3723,0.0000,2.6990,0.0100
111,1.2059,0.0000,2.3698,0.0100
111,1.2059,0.0000,3.1011,0.0100
111,1.2059,0.0000,3.9448,0.0100
111,1.2059,0.0000,3.6612,0.0100
111,1.2059,0.0000,2.6606,0.0100
111,1.2059,0.0000,2.8222,0.0100
111,1.2059,0.0000,2.1194,0.0100
111,1.2059,0.0000,3.3128,0.0100
112,2426.6699,45.2882,3.1279,0.0100
112,2426.6699,44.6914,2.9639,0.0100
112,2426.6699,44.4357,3.5008,0.0100
112,2426.6699,45.2857,2.9995,0.0100
112,2426.6699,44.6338,3.1287,0.0100
112,2426.6699,44.3921,3.1600,0.0100
112,2426.6699,44.0364,2.7916,0.0100
112,2426.6699,43.7494,3.3011,0.0100
113,1.2221,0.0000,4.3280,0.0100
113,1.2221,0.0000,3.7551,0.0100
113,1.2221,0.0000,4.7477,0.0100
113,1.2221,0.0000,4.4199,0.0100
113,1.2221,0.0000,3.6695,0.0100
113,1.2221,0.0000,3.9372,0.0100
113,1.2221,0.0000,3.5001,0.0100
113,1.2221,0.0000,4.3937,0.0100
114,2676.8174,0.0000,1.0109,0.0100
114,2676.8174,0.0000,1.3291,0.0100
114,2676.8174,0.0000,1.3861,0.0100
114,2676.8174,0.0000,1.3504,0.0100
114,2676.8174,0.0000,1.2572,0.0100
114,2676.8174,0.0000,1.3206,0.0100
114,2676.8174,0.0000,1.4818,0.0100
114,2676.8174,0.0000,1.3277,0.0100
115,1.2404,0.0000,1.6283,0.0100
115,1.2404,0.0000,2.0908,0.0100
115,1.2404,0.0000,2.5105,0.0100
115,1.2404,0.0000,2.3154,0.0100
115,1.2404,0.0000,0.0000,0.0100
115,1.2404,0.0000,1.5995,0.0100
115,1.2404,0.0000,2.1553,0.0100
115,1.2404,0.0000,2.2029,0.0100
116,1045.9095,0.0000,0.9666,0.0100
116,1045.9095,0.0000,1.0741,0.0100
116,1045.9095,0.0000,1.6592,0.0100
116,1045.9095,0.0000,1.7738,0.0100
116,1045.9095,0.0000,1.1486,0.0100
116,1045.9095,0.0000,1.3584,0.0100
116,1045.9095,0.0000,1.3401,0.0100
116,1045.9095,0.0000,1.1526,0.0100
117,1.0715,0.0000,1.6371,0.0100
117,1.0715,0.0000,2.1232,0.0100
117,1.0715,0.0000,2.8219,0.0100
117,1.0715,0.0000,3.0185,0.0100
117,1.0715,0.0000,1.5885,0.0100
117,1.0715,0.0000,1.9916,0.0100
117,1.0715,0.0000,1.9714,0.0100
117,1.0715,0.0000,2.0353,0.0100
118,1270.6438,41.4951,3.8949,0.0100
118,1270.6438,41.2373,3.7759,0.0100
118,1270.6438,39.6490,4.2594,0.0100
118,1270.6438,41.6904,3.6682,0.0100
118,1270.6438,42.2761,3.8793,0.0100
118,1270.6438,44.1281,3.8057,0.0100
118,1270.6438,40.7580,3.5310,0.0100
118,1270.6438,41.2262,4.2178,0.0100
119,1.1533,0.0000,5.1434,0.0100
119,1.1533,0.0000,4.4778,0.0100
119,1.1533,0.0000,5.4809,0.0100
119,1.1533,0.0000,5.1175,0.0100
119,1.1533,0.0000,4.3234,0.0100
119,1.1533,0.0000,4.5710,0.0100
119,1.1533,0.0000,4.2212,0.0100
119,1.1533,0.0000,5.2526,0.0100
120,2264.1787,0.0000,1.0161,0.0100
120,2264.1787,0.0000,1.3214,0.0100
120,2264.1787,0.0000,1.4931,0.0100
120,2264.1787,0.0000,1.4854,0.0100
120,2264.1787,0.0000,1.1766,0.0100
120,2264.1787,0.0000,1.3486,0.0100
120,2264.1787,0.0000,1.3821,0.0100
120,2264.1787,0.0000,1.2887,0.0100
121,1.2040,0.0000,1.7952,0.0100
121,1.2040,0.0000,2.3506,0.0100
121,1.2040,0.0000,2.8176,0.0100
121,1.2040,0.0000,2.7976,0.0100
121,1.2040,0.0000,1.6635,0.0100
121,1.2040,0.0000,1.8825,0.0100
121,1.2040,0.0000,2.1295,0.0100
121,1.2040,0.0000,2.3327,0.0100
122,1042.3141,0.0000,4.2877,0.0100
122,1042.3141,0.0000,4.0175,0.0100
122,1042.3141,0.0000,4.2496,0.0100
122,1042.3141,0.0000,3.8844,0.0100
122,1042.3141,0.0000,4.1848,0.0100
122,1042.3141,0.0000,3.9633,0.0100
122,1042.3141,0.0000,4.0101,0.0100
122,1042.3141,0.0000,4.5361,0.0100
123,1.0763,0.0000,5.2484,0.0100
123,1.0763,0.0000,4.2711,0.0100
123,1.0763,0.0000,5.0337,0.0100
123,1.0763,0.0000,4.8894,0.0100
123,1.0763,0.0000,4.1731,0.0100
123,1.0763,0.0000,4.4456,0.0100
123,1.0763,0.0000,4.3776,0.0100
123,1.0763,0.0000,5.1037,0.0100
124,1558.1283,0.0000,1.6467,0.0100
124,1558.1283,0.0000,1.7409,0.0100
124,1558.1283,0.0000,1.6461,0.0100
124,1558.1283,0.0000,1.7825,0.0100
124,1558.1283,0.0000,1.8499,0.0100
124,1558.1283,0.0000,1.7606,0.0100
124,1558.1283,0.0000,2.1103,0.0100
124,1558.1283,0.0000,1.8584,0.0100
125,1.1708,0.0000,2.3679,0.0100
125,1.1708,0.0000,2.2922,0.0100
125,1.1708,0.0000,2.6948,0.0100
125,1.1708,0.0000,2.8285,0.0100
125,1.1708,0.0000,2.0693,0.0100
125,1.1708,0.0000,1.9664,0.0100
125,1.1708,0.0000,2.9332,0.0100
125,1.1708,0.0000,2.9291,0.0100
126,1382.8201,41.1181,4.1140,0.0100
126,1382.8201,40.8624,3.8591,0.0100
126,1382.8201,38.9955,4.2772,0.0100
126,1382.8201,40.4521,3.7962,0.0100
126,1382.8201,38.4865,4.0235,0.0100
126,1382.8201,40.8195,3.9092,0.0100
126,1382.8201,39.9649,3.7530,0.0100
126,1382.8201,38.4274,4.3068,0.0100
127,1.1617,0.0000,5.6471,0.0100
127,1.1617,0.0000,4.7524,0.0100
127,1.1617,0.0000,5.7008,0.0100
127,1.1617,0.0000,5.5046,0.0100
127,1.1617,0.0000,4.6318,0.0100
127,1.1617,0.0000,4.9279,0.0100
127,1.1617,0.0000,4.6774,0.0100
127,1.1617,0.0000,5.5295,0.0100
128,1292.7594,0.0000,2.5641,0.0100
128,1292.7594,0.0000,2.4352,0.0100
128,1292.7594,0.0000,2.4065,0.0100
128,1292.7594,0.0000,2.5113,0.0100
128,1292.7594,0.0000,2.6574,0.0100
128,1292.7594,0.0000,2.4837,0.0100
128,1292.7594,0.0000,2.8737,0.0100
128,1292.7594,0.0000,2.7022,0.0100
129,1.1303,0.0000,3.4859,0.0100
129,1.1303,0.0000,2.7593,0.0100
129,1.1303,0.0000,3.1824,0.0100
129,1.1303,0.0000,3.4857,0.0100
129,1.1303,0.0000,2.5915,0.0100
129,1.1303,0.0000,2.6707,0.0100
129,1.1303,0.0000,3.6012,0.0100
129,1.1303,0.0000,3.5720,0.0100
130,1286.7745,0.0000,3.2379,0.0100
130,1286.7745,0.0000,2.9578,0.0100
130,1286.7745,0.0000,3.0232,0.0100
130,1286.7745,0.0000,3.0525,0.0100
130,1286.7745,0.0000,3.2294,0.0100
130,1286.7745,0.0000,3.0332,0.0100
130,1286.7745,0.0000,3.3584,0.0100
130,1286.7745,0.0000,3.3304,0.0100
131,1.1369,0.0000,4.3007,0.0100
131,1.1369,0.0000,3.2741,0.0100
131,1.1369,0.0000,3.6806,0.0100
131,1.1369,0.0000,3.9958,0.0100
131,1.1369,0.0000,3.1187,0.0100
131,1.1369,0.0000,3.3474,0.0100
131,1.1369,0.0000,3.9589,0.0100
131,1.1369,0.0000,4.0725,0.0100
132,1207.0136,0.0000,2.2567,0.0100
132,1207.0136,0.0000,2.2345,0.0100
132,1207.0136,0.0000,2.1499,0.0100
132,1207.0136,0.0000,2.3073,0.0100
132,1207.0136,0.0000,2.4586,0.0100
132,1207.0136,0.0000,2.2881,0.0100
132,1207.0136,0.0000,2.7223,0.0100
132,1207.0136,0.0000,2.4578,0.0100
133,1.1582,0.0000,3.0641,0.0100
133,1.1582,0.0000,2.5950,0.0100
133,1.1582,0.0000,3.0218,0.0100
133,1.1582,0.0000,3.2897,0.0100
133,1.1582,0.0000,2.4279,0.0100
133,1.1582,0.0000,2.4540,0.0100
133,1.1582,0.0000,3.4865,0.0100
133,1.1582,0.0000,3.3653,0.0100
134,1126.6248,0.0000,1.2744,0.0100
134,1126.6248,0.0000,1.6940,0.0100
134,1126.6248,0.0000,2.5023,0.0100
134,1126.6248,0.0000,2.4047,0.0100
134,1126.6248,0.0000,1.5999,0.0100
134,1126.6248,0.0000,2.0109,0.0100
134,1126.6248,0.0000,1.5496,0.0100
134,1126.6248,0.0000,1.7370,0.0100
135,1.1042,0.0000,1.7042,0.0100
135,1.1042,0.0000,2.8379,0.0100
135,1.1042,0.0000,3.4495,0.0100
135,1.1042,0.0000,3.8912,0.0100
135,1.1042,0.0000,2.0082,0.0100
135,1.1042,0.0000,2.3354,0.0100
135,1.1042,0.0000,2.0063,0.0100
135,1.1042,0.0000,2.5849,0.0100
136,1930.1730,37.8408,2.6497,0.0100
136,1930.1730,39.0819,3.0721,0.0100
136,1930.1730,36.9369,3.8878,0.0100
136,1930.1730,37.1510,3.3148,0.0100
136,1930.1730,37.3782,2.9892,0.0100
136,1930.1730,37.5101,3.1654,0.0100
136,1930.1730,35.6861,2.5646,0.0100
136,1930.1730,36.9407,3.2710,0.0100
137,1.2421,0.0000,3.1679,0.0100
137,1.2421,0.0000,4.2272,0.0100
137,1.2421,0.0000,5.2817,0.0100
137,1.2421,0.0000,5.1133,0.0100
137,1.2421,0.0000,3.5688,0.0100
137,1.2421,0.0000,3.7891,0.0100
137,1.2421,0.0000,2.9795,0.0100
137,1.2421,0.0000,4.4019,0.0100
138,2821.0739,0.0000,3.6564,0.0100
138,2821.0739,0.0000,3.7511,0.0100
138,2821.0739,0.0000,4.5563,0.0100
138,2821.0739,0.0000,3.9503,0.0100
138,2821.0739,0.0000,3.8575,0.0100
138,2821.0739,0.0000,3.9399,0.0100
138,2821.0739,0.0000,3.4355,0.0100
138,2821.0739,0.0000,4.0946,0.0100
139,1.2359,0.0000,4.7005,0.0100
139,1.2359,0.0000,4.8968,0.0100
139,1.2359,0.0000,6.1530,0.0100
139,1.2359,0.0000,5.8059,0.0100
139,1.2359,0.0000,4.6492,0.0100
139,1.2359,0.0000,4.7013,0.0100
139,1.2359,0.0000,4.1800,0.0100
139,1.2359,0.0000,5.5024,0.0100
140,1356.4472,0.0000,4.9244,0.0100
140,1356.4472,0.0000,4.6165,0.0100
140,1356.4472,0.0000,5.0510,0.0100
140,1356.4472,0.0000,4.5784,0.0100
140,1356.4472,0.0000,4.7832,0.0100
140,1356.4472,0.0000,4.6342,0.0100
140,1356.4472,0.0000,4.5807,0.0100
140,1356.4472,0.0000,5.1128,0.0100
141,1.2004,0.0000,6.1365,0.0100
141,1.2004,0.0000,5.1481,0.0100
141,1.2004,0.0000,6.1422,0.0100
141,1.2004,0.0000,5.9909,0.0100
141,1.2004,0.0000,5.0457,0.0100
141,1.2004,0.0000,5.3608,0.0100
141,1.2004,0.0000,5.1555,0.0100
141,1.2004,0.0000,5.9511,0.0100
142,998.2961,0.0000,1.6990,0.0100
142,998.2961,0.0000,2.0182,0.0100
142,998.2961,0.0000,1.8762,0.0100
142,998.2961,0.0000,2.0359,0.0100
142,998.2961,0.0000,2.2112,0.0100
142,998.2961,0.0000,2.0767,0.0100
142,998.2961,0.0000,2.7279,0.0100
142,998.2961,0.0000,2.1659,0.0100
143,0.8278,0.0000,2.3098,0.0100
143,0.8278,0.0000,2.6636,0.0100
143,0.8278,0.0000,3.3826,0.0100
143,0.8278,0.0000,3.2163,0.0100
143,0.8278,0.0000,2.3868,0.0100
143,0.8278,0.0000,2.4860,0.0100
143,0.8278,0.0000,3.3566,0.0100
143,0.8278,0.0000,3.2254,0.0100
144,1473.3321,35.8926,2.9709,0.0100
144,1473.3321,36.2563,2.8112,0.0100
144,1473.3321,35.6641,2.8257,0.0100
144,1473.3321,34.0897,2.9267,0.0100
144,1473.3321,35.1888,3.0428,0.0100
144,1473.3321,36.5959,2.8855,0.0100
144,1473.3321,34.4269,3.3315,0.0100
144,1473.3321,35.0525,3.0711,0.0100
145,1.1599,0.0000,4.2151,0.0100
145,1.1599,0.0000,3.3879,0.0100
145,1.1599,0.0000,3.8052,0.0100
145,1.1599,0.0000,4.1975,0.0100
145,1.1599,0.0000,3.1615,0.0100
145,1.1599,0.0000,3.2703,0.0100
145,1.1599,0.0000,4.3493,0.0100
145,1.1599,0.0000,4.2374,0.0100
146,2381.9810,0.0000,1.3996,0.0100
146,2381.9810,0.0000,1.8557,0.0100
146,2381.9810,0.0000,2.2338,0.0100
146,2381.9810,0.0000,2.1211,0.0100
146,2381.9810,0.0000,1.6624,0.0100
146,2381.9810,0.0000,1.9298,0.0100
146,2381.9810,0.0000,1.7573,0.0100
146,2381.9810,0.0000,1.8188,0.0100
147,1.2075,0.0000,2.0730,0.0100
147,1.2075,0.0000,3.1352,0.0100
147,1.2075,0.0000,3.6156,0.0100
147,1.2075,0.0000,3.8811,0.0100
147,1.2075,0.0000,2.1551,0.0100
147,1.2075,0.0000,2.4452,0.0100
147,1.2075,0.0000,2.4648,0.0100
147,1.2075,0.0000,2.9677,0.0100
148,1839.1043,0.0000,4.0618,0.0100
148,1839.1043,0.0000,4.2822,0.0100
148,1839.1043,0.0000,5.1778,0.0100
148,1839.1043,0.0000,4.5177,0.0100
148,1839.1043,0.0000,4.2751,0.0100
148,1839.1043,0.0000,4.3678,0.0100
148,1839.1043,0.0000,3.8147,0.0100
148,1839.1043,0.0000,4.6495,0.0100
149,1.1508,0.0000,5.0936,0.0100
149,1.1508,0.0000,5.5361,0.0100
149,1.1508,0.0000,6.7026,0.0100
149,1.1508,0.0000,6.2603,0.0100
149,1.1508,0.0000,5.1152,0.0100
149,1.1508,0.0000,5.0970,0.0100
149,1.1508,0.0000,4.5729,0.0100
149,1.1508,0.0000,6.1776,0.0100
150,1178.9224,0.0000,5.5601,0.0100
150,1178.9224,0.0000,5.2176,0.0100
150,1178.9224,0.0000,5.5579,0.0100
150,1178.9224,0.0000,5.1239,0.0100
150,1178.9224,0.0000,5.3740,0.0100
150,1178.9224,0.0000,5.1157,0.0100
150,1178.9224,0.0000,5.2168,0.0100
150,1178.9224,0.0000,5.7440,0.0100
151,1.1261,0.0000,6.8631,0.0100
151,1.1261,0.0000,5.7386,0.0100
151,1.1261,0.0000,6.6750,0.0100
151,1.1261,0.0000,6.5894,0.0100
151,1.1261,0.0000,5.5673,0.0100
151,1.1261,0.0000,5.8855,0.0100
151,1.1261,0.0000,5.7834,0.0100
151,1.1261,0.0000,6.6053,0.0100
152,996.4065,32.6808,1.9569,0.0100
152,996.4065,32.1206,2.3585,0.0100
152,996.4065,29.4628,2.2155,0.0100
152,996.4065,32.1955,2.4024,0.0100
152,996.4065,32.0599,2.5809,0.0100
152,996.4065,31.9432,2.4448,0.0100
152,996.4065,30.4165,3.2173,0.0100
152,996.4065,30.8746,2.5262,0.0100
153,1.0805,0.0000,2.8197,0.0100
153,1.0805,0.0000,3.3311,0.0100
153,1.0805,0.0000,3.9437,0.0100
153,1.0805,0.0000,3.8840,0.0100
153,1.0805,0.0000,3.0135,0.0100
153,1.0805,0.0000,2.8606,0.0100
153,1.0805,0.0000,4.2652,0.0100
153,1.0805,0.0000,3.9830,0.0100
154,832.2325,0.0000,1.8164,0.0100
154,832.2325,0.0000,1.9470,0.0100
154,832.2325,0.0000,2.8352,0.0100
154,832.2325,0.0000,3.1011,0.0100
154,832.2325,0.0000,2.2839,0.0100
154,832.2325,0.0000,2.4440,0.0100
154,832.2325,0.0000,2.8421,0.0100
154,832.2325,0.0000,2.1483,0.0100
155,0.8880,0.0000,2.8245,0.0100
155,0.8880,0.0000,3.3672,0.0100
155,0.8880,0.0000,4.4932,0.0100
155,0.8880,0.0000,4.7509,0.0100
155,0.8880,0.0000,2.8299,0.0100
155,0.8880,0.0000,3.2864,0.0100
155,0.8880,0.0000,3.6056,0.0100
155,0.8880,0.0000,3.3008,0.0100
156,1461.4186,0.0000,5.8170,0.0100
156,1461.4186,0.0000,5.5051,0.0100
156,1461.4186,0.0000,6.0882,0.0100
156,1461.4186,0.0000,5.5267,0.0100
156,1461.4186,0.0000,5.6445,0.0100
156,1461.4186,0.0000,5.4995,0.0100
156,1461.4186,0.0000,5.4471,0.0100
156,1461.4186,0.0000,6.0242,0.0100
157,1.1905,0.0000,7.2923,0.0100
157,1.1905,0.0000,6.3183,0.0100
157,1.1905,0.0000,7.4807,0.0100
157,1.1905,0.0000,7.3096,0.0100
157,1.1905,0.0000,6.0923,0.0100
157,1.1905,0.0000,6.4657,0.0100
157,1.1905,0.0000,6.1955,0.0100
157,1.1905,0.0000,7.1725,0.0100
158,2303.8405,0.0000,1.6256,0.0100
158,2303.8405,0.0000,2.1833,0.0100
158,2303.8405,0.0000,2.7169,0.0100
158,2303.8405,0.0000,2.5101,0.0100
158,2303.8405,0.0000,1.9808,0.0100
158,2303.8405,0.0000,2.2846,0.0100
158,2303.8405,0.0000,1.9684,0.0100
158,2303.8405,0.0000,2.1613,0.0100
159,1.1820,0.0000,2.0635,0.0100
159,1.1820,0.0000,3.6988,0.0100
159,1.1820,0.0000,4.1110,0.0100
159,1.1820,0.0000,4.2347,0.0100
159,1.1820,0.0000,2.4360,0.0100
159,1.1820,0.0000,2.8538,0.0100
159,1.1820,0.0000,2.5377,0.0100
159,1.1820,0.0000,3.4691,0.0100
160,1376.9062,30.4475,1.4007,0.0100
160,1376.9062,30.3165,1.7926,0.0100
160,1376.9062,29.4978,2.0984,0.0100
160,1376.9062,27.7608,2.2312,0.0100
160,1376.9062,30.1091,1.7465,0.0100
160,1376.9062,29.6751,1.8774,0.0100
160,1376.9062,28.5583,2.1387,0.0100
160,1376.9062,29.2098,1.7993,0.0100
161,1.1687,0.0000,2.7752,0.0100
161,1.1687,0.0000,3.5492,0.0100
161,1.1687,0.0000,4.1842,0.0100
161,1.1687,0.0000,4.3492,0.0100
161,1.1687,0.0000,2.6852,0.0100
161,1.1687,0.0000,2.9749,0.0100
161,1.1687,0.0000,3.3597,0.0100
161,1.1687,0.0000,3.5350,0.0100
162,669.1297,0.0000,2.4979,0.0100
162,669.1297,0.0000,2.9516,0.0100
162,669.1297,0.0000,3.2136,0.0100
162,669.1297,0.0000,3.1204,0.0100
162,669.1297,0.0000,3.4868,0.0100
162,669.1297,0.0000,3.3315,0.0100
162,669.1297,0.0000,4.3190,0.0100
162,669.1297,0.0000,3.1652,0.0100
163,0.7110,0.0000,3.3834,0.0100
163,0.7110,0.0000,3.6830,0.0100
163,0.7110,0.0000,4.8058,0.0100
163,0.7110,0.0000,4.4148,0.0100
163,0.7110,0.0000,3.6888,0.0100
163,0.7110,0.0000,3.6839,0.0100
163,0.7110,0.0000,5.0582,0.0100
163,0.7110,0.0000,4.2423,0.0100
164,921.2550,0.0000,6.2552,0.0100
164,921.2550,0.0000,6.5631,0.0100
164,921.2550,0.0000,7.5115,0.0100
164,921.2550,0.0000,6.6519,0.0100
164,921.2550,0.0000,6.3100,0.0100
164,921.2550,0.0000,6.3008,0.0100
164,921.2550,0.0000,5.8017,0.0100
164,921.2550,0.0000,7.0442,0.0100
165,1.0518,0.0000,6.8733,0.0100
165,1.0518,0.0000,0.0000,0.0100
165,1.0518,0.0000,8.7508,0.0100
165,1.0518,0.0000,8.1880,0.0100
165,1.0518,0.0000,6.4778,0.0100
165,1.0518,0.0000,6.6651,0.0100
165,1.0518,0.0000,6.0243,0.0100
165,1.0518,0.0000,8.0594,0.0100
166,1989.4446,0.0000,2.0120,0.0100
166,1989.4446,0.0000,2.3941,0.0100
166,1989.4446,0.0000,2.3652,0.0100
166,1989.4446,0.0000,2.4208,0.0100
166,1989.4446,0.0000,2.3773,0.0100
166,1989.4446,0.0000,2.3111,0.0100
166,1989.4446,0.0000,2.8498,0.0100
166,1989.4446,0.0000,2.3956,0.0100
167,1.2485,0.0000,2.8315,0.0100
167,1.2485,0.0000,3.4474,0.0100
167,1.2485,0.0000,3.9264,0.0100
167,1.2485,0.0000,3.8210,0.0100
167,1.2485,0.0000,2.9232,0.0100
167,1.2485,0.0000,2.6815,0.0100
167,1.2485,0.0000,3.9050,0.0100
167,1.2485,0.0000,3.8775,0.0100
168,1412.1758,0.0000,1.5191,0.0100
168,1412.1758,0.0000,1.9978,0.0100
168,1412.1758,0.0000,2.1391,0.0100
168,1412.1758,0.0000,2.2186,0.0100
168,1412.1758,0.0000,1.9867,0.0100
168,1412.1758,0.0000,2.0066,0.0100
168,1412.1758,0.0000,2.4470,0.0100
168,1412.1758,0.0000,1.9754,0.0100
169,1.0886,0.0000,2.7598,0.0100
169,1.0886,0.0000,3.6184,0.0100
169,1.0886,0.0000,4.0804,0.0100
169,1.0886,0.0000,3.8833,0.0100
169,1.0886,0.0000,2.8165,0.0100
169,1.0886,0.0000,2.7328,0.0100
169,1.0886,0.0000,3.6761,0.0100
169,1.0886,0.0000,3.7104,0.0100
170,1117.2576,28.0519,1.7303,0.0100
170,1117.2576,27.8278,2.2577,0.0100
170,1117.2576,26.4896,2.2494,0.0100
170,1117.2576,25.9105,2.3399,0.0100
170,1117.2576,25.8179,2.4168,0.0100
170,1117.2576,28.5302,2.3048,0.0100
170,1117.2576,25.7212,3.0017,0.0100
170,1117.2576,28.4243,2.3157,0.0100
171,1.1279,0.0000,3.1191,0.0100
171,1.1279,0.0000,3.7145,0.0100
171,1.1279,0.0000,4.5074,0.0100
171,1.1279,0.0000,4.3002,0.0100
171,1.1279,0.0000,3.2674,0.0100
171,1.1279,0.0000,3.2926,0.0100
171,1.1279,0.0000,4.3440,0.0100
171,1.1279,0.0000,4.1956,0.0100
172,824.6709,0.0000,2.0261,0.0100
172,824.6709,0.0000,2.2481,0.0100
172,824.6709,0.0000,3.4198,0.0100
172,824.6709,0.0000,3.7085,0.0100
172,824.6709,0.0000,2.5591,0.0100
172,824.6709,0.0000,2.8918,0.0100
172,824.6709,0.0000,3.1729,0.0100
172,824.6709,0.0000,2.4575,0.0100
173,0.9611,0.0000,2.9359,0.0100
173,0.9611,0.0000,3.7575,0.0100
173,0.9611,0.0000,4.9039,0.0100
173,0.9611,0.0000,5.4351,0.0100
173,0.9611,0.0000,3.0672,0.0100
173,0.9611,0.0000,3.4957,0.0100
173,0.9611,0.0000,3.8475,0.0100
173,0.9611,0.0000,3.4837,0.0100
174,849.9330,0.0000,7.9072,0.0100
174,849.9330,0.0000,7.5677,0.0100
174,849.9330,0.0000,7.7527,0.0100
174,849.9330,0.0000,7.3361,0.0100
174,849.9330,0.0000,7.6390,0.0100
174,849.9330,0.0000,7.0810,0.0100
174,849.9330,0.0000,7.7072,0.0100
174,849.9330,0.0000,8.2526,0.0100
175,0.9546,0.0000,9.3572,0.0100
175,0.9546,0.0000,8.0258,0.0100
175,0.9546,0.0000,8.8241,0.0100
175,0.9546,0.0000,8.8262,0.0100
175,0.9546,0.0000,7.6605,0.0100
175,0.9546,0.0000,7.9326,0.0100
175,0.9546,0.0000,8.1674,0.0100
175,0.9546,0.0000,9.0496,0.0100
176,755.7393,0.0000,8.7119,0.0100
176,755.7393,0.0000,8.7676,0.0100
176,755.7393,0.0000,9.2419,0.0100
176,755.7393,0.0000,8.4270,0.0100
176,755.7393,0.0000,8.4964,0.0100
176,755.7393,0.0000,8.0305,0.0100
176,755.7393,0.0000,8.2970,0.0100
176,755.7393,0.0000,9.4033,0.0100
177,0.8954,0.0000,9.8601,0.0100
177,0.8954,0.0000,9.0824,0.0100
177,0.8954,0.0000,10.3170,0.0100
177,0.8954,0.0000,9.6437,0.0100
177,0.8954,0.0000,8.4534,0.0100
177,0.8954,0.0000,8.5692,0.0100
177,0.8954,0.0000,8.4962,0.0100
177,0.8954,0.0000,10.1621,0.0100
178,1337.3474,0.0000,2.8645,0.0100
178,1337.3474,0.0000,2.9976,0.0100
178,1337.3474,0.0000,2.8290,0.0100
178,1337.3474,0.0000,3.0518,0.0100
178,1337.3474,0.0000,3.2085,0.0100
178,1337.3474,0.0000,2.9628,0.0100
178,1337.3474,0.0000,3.7435,0.0100
178,1337.3474,0.0000,3.0952,0.0100
179,1.1845,0.0000,3.9937,0.0100
179,1.1845,0.0000,3.8851,0.0100
179,1.1845,0.0000,4.2806,0.0100
179,1.1845,0.0000,4.4905,0.0100
179,1.1845,0.0000,3.4562,0.0100
179,1.1845,0.0000,3.3152,0.0100
179,1.1845,0.0000,4.9343,0.0100
179,1.1845,0.0000,4.5759,0.0100
180,1369.7944,0.0000,1.6226,0.0100
180,1369.7944,0.0000,2.0714,0.0100
180,1369.7944,0.0000,2.7866,0.0100
180,1369.7944,0.0000,2.9032,0.0100
180,1369.7944,0.0000,1.9845,0.0100
180,1369.7944,0.0000,2.3931,0.0100
180,1369.7944,0.0000,2.2541,0.0100
180,1369.7944,0.0000,2.0864,0.0100
181,1.1520,0.0000,2.7266,0.0100
181,1.1520,0.0000,3.9744,0.0100
181,1.1520,0.0000,4.6541,0.0100
181,1.1520,0.0000,5.2222,0.0100
181,1.1520,0.0000,2.9071,0.0100
181,1.1520,0.0000,3.3115,0.0100
181,1.1520,0.0000,3.3131,0.0100
181,1.1520,0.0000,3.7480,0.0100
182,2176.0726,51.3506,6.4734,0.0100
182,2176.0726,50.9265,6.1241,0.0100
182,2176.0726,49.8588,6.9290,0.0100
182,2176.0726,51.1807,6.4460,0.0100
182,2176.0726,49.9554,6.2971,0.0100
182,2176.0726,49.4184,6.2961,0.0100
182,2176.0726,49.2709,6.2163,0.0100
182,2176.0726,50.5838,6.6256,0.0100
183,1.2357,0.0000,8.8552,0.0100
183,1.2357,0.0000,7.8613,0.0100
183,1.2357,0.0000,9.3059,0.0100
183,1.2357,0.0000,9.1905,0.0100
183,1.2357,0.0000,7.5302,0.0100
183,1.2357,0.0000,8.0625,0.0100
183,1.2357,0.0000,7.7764,0.0100
183,1.2357,0.0000,8.7360,0.0100
184,876.9118,0.0000,8.7836,0.0100
184,876.9118,0.0000,8.5384,0.0100
184,876.9118,0.0000,8.8792,0.0100
184,876.9118,0.0000,8.2832,0.0100
184,876.9118,0.0000,8.4720,0.0100
184,876.9118,0.0000,7.9530,0.0100
184,876.9118,0.0000,8.4644,0.0100
184,876.9118,0.0000,9.1961,0.0100
185,0.9746,0.0000,10.2899,0.0100
185,0.9746,0.0000,9.0971,0.0100
185,0.9746,0.0000,10.1323,0.0100
185,0.9746,0.0000,9.9580,0.0100
185,0.9746,0.0000,8.5676,0.0100
185,0.9746,0.0000,8.8345,0.0100
185,0.9746,0.0000,8.9224,0.0100
185,0.9746,0.0000,10.1656,0.0100
186,3008.7060,0.0000,4.5116,0.0100
186,3008.7060,0.0000,4.9529,0.0100
186,3008.7060,0.0000,6.0232,0.0100
186,3008.7060,0.0000,5.4206,0.0100
186,3008.7060,0.0000,4.9090,0.0100
186,3008.7060,0.0000,5.0440,0.0100
186,3008.7060,0.0000,4.5429,0.0100
186,3008.7060,0.0000,5.2845,0.0100
187,1.2470,0.0000,5.3800,0.0100
187,1.2470,0.0000,6.5695,0.0100
187,1.2470,0.0000,8.0705,0.0100
187,1.2470,0.0000,7.8860,0.0100
187,1.2470,0.0000,5.7597,0.0100
187,1.2470,0.0000,5.9561,0.0100
187,1.2470,0.0000,5.1648,0.0100
187,1.2470,0.0000,6.9578,0.0100
188,3435.9207,45.1956,4.6885,0.0100
188,3435.9207,45.3924,4.3131,0.0100
188,3435.9207,45.0606,4.5888,0.0100
188,3435.9207,48.9793,4.6624,0.0100
188,3435.9207,47.8514,4.4689,0.0100
188,3435.9207,46.4245,4.5594,0.0100
188,3435.9207,45.4995,4.9844,0.0100
188,3435.9207,46.0158,4.5598,0.0100
189,1.2180,0.0000,6.0014,0.0100
189,1.2180,0.0000,4.9667,0.0100
189,1.2180,0.0000,5.4854,0.0100
189,1.2180,0.0000,6.0959,0.0100
189,1.2180,0.0000,4.5674,0.0100
189,1.2180,0.0000,4.9323,0.0100
189,1.2180,0.0000,6.1895,0.0100
189,1.2180,0.0000,5.7600,0.0100
190,3797.3589,0.0000,3.5333,0.0100
190,3797.3589,0.0000,4.2800,0.0100
190,3797.3589,0.0000,5.2103,0.0100
190,3797.3589,0.0000,4.6419,0.0100
190,3797.3589,0.0000,4.0964,0.0100
190,3797.3589,0.0000,4.2869,0.0100
190,3797.3589,0.0000,3.7967,0.0100
190,3797.3589,0.0000,4.4010,0.0100
191,1.2534,0.0000,3.2686,0.0100
191,1.2534,0.0000,5.2076,0.0100
191,1.2534,0.0000,6.3795,0.0100
191,1.2534,0.0000,6.6669,0.0100
191,1.2534,0.0000,4.2149,0.0100
191,1.2534,0.0000,4.7142,0.0100
191,1.2534,0.0000,3.7532,0.0100
191,1.2534,0.0000,5.0753,0.0100
192,776.4228,40.3676,2.6691,0.0100
192,776.4228,42.6506,3.2728,0.0100
192,776.4228,41.8764,3.6047,0.0100
192,776.4228,39.6671,3.5856,0.0100
192,776.4228,41.4536,3.7780,0.0100
192,776.4228,43.0581,3.6245,0.0100
192,776.4228,42.0359,4.6915,0.0100
192,776.4228,41.5776,3.4110,0.0100
193,0.8147,0.0000,4.2971,0.0100
193,0.8147,0.0000,4.8723,0.0100
193,0.8147,0.0000,6.2434,0.0100
193,0.8147,0.0000,5.9137,0.0100
193,0.8147,0.0000,4.6841,0.0100
193,0.8147,0.0000,4.7637,0.0100
193,0.8147,0.0000,6.2124,0.0100
193,0.8147,0.0000,5.3879,0.0100
194,2457.9417,0.0000,7.5658,0.0100
194,2457.9417,0.0000,7.0843,0.0100
194,2457.9417,0.0000,7.9010,0.0100
194,2457.9417,0.0000,7.5321,0.0100
194,2457.9417,0.0000,7.2658,0.0100
194,2457.9417,0.0000,7.3003,0.0100
194,2457.9417,0.0000,7.3761,0.0100
194,2457.9417,0.0000,7.6241,0.0100
195,1.2108,0.0000,10.2908,0.0100
195,1.2108,0.0000,9.0593,0.0100
195,1.2108,0.0000,10.5570,0.0100
195,1.2108,0.0000,10.5885,0.0100
195,1.2108,0.0000,8.6160,0.0100
195,1.2108,0.0000,9.2989,0.0100
195,1.2108,0.0000,9.1470,0.0100
195,1.2108,0.0000,9.9651,0.0100
196,1442.4091,0.0000,7.3894,0.0100
196,1442.4091,0.0000,7.5893,0.0100
196,1442.4091,0.0000,8.7666,0.0100
196,1442.4091,0.0000,8.0529,0.0100
196,1442.4091,0.0000,7.5139,0.0100
196,1442.4091,0.0000,7.5138,0.0100
196,1442.4091,0.0000,7.1400,0.0100
196,1442.4091,0.0000,8.1873,0.0100
197,1.1929,0.0000,8.6939,0.0100
197,1.1929,0.0000,9.0246,0.0100
197,1.1929,0.0000,10.8646,0.0100
197,1.1929,0.0000,10.6212,0.0100
197,1.1929,0.0000,0.0000,0.0100
197,1.1929,0.0000,8.3766,0.0100
197,1.1929,0.0000,7.9562,0.0100
197,1.1929,0.0000,9.9659,0.0100
198,751.6029,0.0000,10.6019,0.0100
198,751.6029,0.0000,10.2593,0.0100
198,751.6029,0.0000,10.3371,0.0100
198,751.6029,0.0000,9.9236,0.0100
198,751.6029,0.0000,10.1783,0.0100
198,751.6029,0.0000,9.3925,0.0100
198,751.6029,0.0000,10.4513,0.0100
198,751.6029,0.0000,11.0483,0.0100
199,0.8230,0.0000,12.3201,0.0100
199,0.8230,0.0000,10.8436,0.0100
199,0.8230,0.0000,11.5731,0.0100
199,0.8230,0.0000,11.6349,0.0100
199,0.8230,0.0000,10.1426,0.0100
199,0.8230,0.0000,10.4189,0.0100
199,0.8230,0.0000,10.9021,0.0100
199,0.8230,0.0000,11.9831,0.0100
200,1108.9905,0.0000,7.2023,0.0100
200,1108.9905,0.0000,6.6968,0.0100
200,1108.9905,0.0000,6.7181,0.0100
200,1108.9905,0.0000,6.9245,0.0100
200,1108.9905,0.0000,7.0889,0.0100
200,1108.9905,0.0000,6.6038,0.0100
200,1108.9905,0.0000,7.6120,0.0100
200,1108.9905,0.0000,7.2598,0.0100
201,1.1620,0.0000,9.0926,0.0100
201,1.1620,0.0000,7.4210,0.0100
201,1.1620,0.0000,7.8187,0.0100
201,1.1620,0.0000,8.6432,0.0100
201,1.1620,0.0000,7.0353,0.0100
201,1.1620,0.0000,7.5465,0.0100
201,1.1620,0.0000,8.5819,0.0100
201,1.1620,0.0000,8.3402,0.0100
202,1177.0677,38.5137,6.1938,0.0100
202,1177.0677,37.8845,8.4183,0.0100
202,1177.0677,39.3195,6.7850,0.0100
202,1177.0677,37.7518,7.5970,0.0100
202,1177.0677,38.4052,6.4746,0.0100
202,1177.0677,38.6813,6.7840,0.0100
202,1177.0677,35.8717,6.0565,0.0100
202,1177.0677,37.2207,7.2895,0.0100
203,1.1439,0.0000,7.1264,0.0100
203,1.1439,0.0000,8.6669,0.0100
203,1.1439,0.0000,10.6412,0.0100
203,1.1439,0.0000,10.5472,0.0100
203,1.1439,0.0000,7.2448,0.0100
203,1.1439,0.0000,7.7827,0.0100
203,1.1439,0.0000,6.6907,0.0100
203,1.1439,0.0000,9.1614,0.0100
204,2192.0792,0.0000,5.3381,0.0100
204,2192.0792,0.0000,5.9577,0.0100
204,2192.0792,0.0000,7.3497,0.0100
204,2192.0792,0.0000,6.6832,0.0100
204,2192.0792,0.0000,5.7795,0.0100
204,2192.0792,0.0000,6.0264,0.0100
204,2192.0792,0.0000,5.4605,0.0100
204,2192.0792,0.0000,6.3308,0.0100
205,1.2306,0.0000,6.1740,0.0100
205,1.2306,0.0000,7.8937,0.0100
205,1.2306,0.0000,9.5952,0.0100
205,1.2306,0.0000,9.5679,0.0100
205,1.2306,0.0000,6.5921,0.0100
205,1.2306,0.0000,7.0405,0.0100
205,1.2306,0.0000,5.9601,0.0100
205,1.2306,0.0000,8.1288,0.0100
206,1483.9343,0.0000,7.5888,0.0100
206,1483.9343,0.0000,7.8874,0.0100
206,1483.9343,0.0000,9.2276,0.0100
206,1483.9343,0.0000,8.4737,0.0100
206,1483.9343,0.0000,7.7484,0.0100
206,1483.9343,0.0000,7.8055,0.0100
206,1483.9343,0.0000,7.3991,0.0100
206,1483.9343,0.0000,8.4809,0.0100
207,1.2273,0.0000,8.7790,0.0100
207,1.2273,0.0000,11.3559,0.0100
207,1.2273,0.0000,9.3904,0.0100
207,1.2273,0.0000,11.0988,0.0100
207,1.2273,0.0000,8.5582,0.0100
207,1.2273,0.0000,8.6614,0.0100
207,1.2273,0.0000,8.1962,0.0100
207,1.2273,0.0000,10.2721,0.0100
208,1390.9726,0.0000,8.5577,0.0100
208,1390.9726,0.0000,7.9315,0.0100
208,1390.9726,0.0000,8.2412,0.0100
208,1390.9726,0.0000,8.2116,0.0100
208,1390.9726,0.0000,8.1911,0.0100
208,1390.9726,0.0000,7.8930,0.0100
208,1390.9726,0.0000,8.5508,0.0100
208,1390.9726,0.0000,8.5670,0.0100
209,1.1589,0.0000,10.9855,0.0100
209,1.1589,0.0000,10.6933,0.0100
209,1.1589,0.0000,10.1497,0.0100
209,1.1589,0.0000,8.7673,0.0100
209,1.1589,0.0000,9.4162,0.0100
209,1.1589,0.0000,9.8979,0.0100
209,1.1589,0.0000,10.1129,0.0100
210,696.6890,0.0000,3.3405,0.0100
210,696.6890,0.0000,4.0222,0.0100
210,696.6890,0.0000,4.5725,0.0100
210,696.6890,0.0000,4.4833,0.0100
210,696.6890,0.0000,4.7719,0.0100
210,696.6890,0.0000,4.5649,0.0100
210,696.6890,0.0000,5.8678,0.0100
210,696.6890,0.0000,4.1784,0.0100
211,0.7534,0.0000,4.6175,0.0100
211,0.7534,0.0000,5.2427,0.0100
211,0.7534,0.0000,6.7044,0.0100
211,0.7534,0.0000,6.3243,0.0100
211,0.7534,0.0000,5.1747,0.0100
211,0.7534,0.0000,5.1697,0.0100
211,0.7534,0.0000,0.0000,0.0100
211,0.7534,0.0000,5.6287,0.0100
212,1073.4097,34.1897,8.7732,0.0100
212,1073.4097,35.4266,9.2046,0.0100
212,1073.4097,33.3593,10.7165,0.0100
212,1073.4097,31.7847,9.7850,0.0100
212,1073.4097,34.2502,8.8453,0.0100
212,1073.4097,33.7019,8.8887,0.0100
212,1073.4097,31.9774,8.4734,0.0100
212,1073.4097,33.3984,9.8604,0.0100
213,0.9256,0.0000,10.3279,0.0100
213,0.9256,0.0000,10.9916,0.0100
213,0.9256,0.0000,12.7724,0.0100
213,0.9256,0.0000,12.3350,0.0100
213,0.9256,0.0000,9.8341,0.0100
213,0.9256,0.0000,9.7972,0.0100
213,0.9256,0.0000,9.4687,0.0100
213,0.9256,0.0000,11.9203,0.0100
214,778.0787,0.0000,12.6371,0.0100
214,778.0787,0.0000,12.5110,0.0100
214,778.0787,0.0000,13.0127,0.0100
214,778.0787,0.0000,12.2514,0.0100
214,778.0787,0.0000,12.0691,0.0100
214,778.0787,0.0000,11.4208,0.0100
214,778.0787,0.0000,12.2421,0.0100
214,778.0787,0.0000,13.2869,0.0100
215,0.8484,0.0000,14.3843,0.0100
215,0.8484,0.0000,14.2101,0.0100
215,0.8484,0.0000,13.2365,0.0100
215,0.8484,0.0000,14.6442,0.0100
215,0.8484,0.0000,12.1369,0.0100
215,0.8484,0.0000,12.4119,0.0100
215,0.8484,0.0000,12.6837,0.0100
215,0.8484,0.0000,14.5439,0.0100
216,2211.5958,0.0000,6.1281,0.0100
216,2211.5958,0.0000,6.7114,0.0100
216,2211.5958,0.0000,8.1720,0.0100
216,2211.5958,0.0000,7.4981,0.0100
216,2211.5958,0.0000,6.5545,0.0100
216,2211.5958,0.0000,6.7715,0.0100
216,2211.5958,0.0000,6.2450,0.0100
216,2211.5958,0.0000,7.1522,0.0100
217,1.2280,0.0000,7.1819,0.0100
217,1.2280,0.0000,8.8148,0.0100
217,1.2280,0.0000,10.7085,0.0100
217,1.2280,0.0000,10.6638,0.0100
217,1.2280,0.0000,7.5042,0.0100
217,1.2280,0.0000,7.8914,0.0100
217,1.2280,0.0000,6.9181,0.0100
217,1.2280,0.0000,9.2158,0.0100
218,3467.8003,31.9195,6.5274,0.0100
218,3467.8003,29.8235,6.9948,0.0100
218,3467.8003,28.3935,8.3685,0.0100
218,3467.8003,28.6566,7.7379,0.0100
218,3467.8003,29.5073,6.9844,0.0100
218,3467.8003,31.1858,7.1345,0.0100
218,3467.8003,29.2242,6.7369,0.0100
218,3467.8003,29.6213,7.4473,0.0100
219,1.2541,0.0000,8.5660,0.0100
219,1.2541,0.0000,11.8515,0.0100
219,1.2541,0.0000,9.8440,0.0100
219,1.2541,0.0000,11.7727,0.0100
219,1.2541,0.0000,8.7864,0.0100
219,1.2541,0.0000,8.9930,0.0100
219,1.2541,0.0000,8.3297,0.0100
219,1.2541,0.0000,10.4613,0.0100
220,965.6998,0.0000,2.6346,0.0100
220,965.6998,0.0000,3.2397,0.0100
220,965.6998,0.0000,4.2553,0.0100
220,965.6998,0.0000,4.6071,0.0100
220,965.6998,0.0000,3.4864,0.0100
220,965.6998,0.0000,3.8089,0.0100
220,965.6998,0.0000,4.2814,0.0100
220,965.6998,0.0000,3.3154,0.0100
221,1.0375,0.0000,4.4280,0.0100
221,1.0375,0.0000,5.7680,0.0100
221,1.0375,0.0000,6.8963,0.0100
221,1.0375,0.0000,7.5510,0.0100
221,1.0375,0.0000,4.6707,0.0100
221,1.0375,0.0000,5.1293,0.0100
221,1.0375,0.0000,5.6595,0.0100
221,1.0375,0.0000,0.0000,0.0100
222,982.0155,0.0000,3.3738,0.0100
222,982.0155,0.0000,4.1213,0.0100
222,982.0155,0.0000,3.9525,0.0100
222,982.0155,0.0000,4.1057,0.0100
222,982.0155,0.0000,4.4688,0.0100
222,982.0155,0.0000,4.2207,0.0100
222,982.0155,0.0000,5.5803,0.0100
222,982.0155,0.0000,4.1609,0.0100
223,1.0722,0.0000,4.9254,0.0100
223,1.0722,0.0000,5.9512,0.0100
223,1.0722,0.0000,6.7047,0.0100
223,1.0722,0.0000,6.4440,0.0100
223,1.0722,0.0000,5.2444,0.0100
223,1.0722,0.0000,4.9193,0.0100
223,1.0722,0.0000,7.0953,0.0100
223,1.0722,0.0000,6.4765,0.0100
224,1157.5051,0.0000,2.4287,0.0100
224,1157.5051,0.0000,3.1507,0.0100
224,1157.5051,0.0000,3.7562,0.0100
224,1157.5051,0.0000,4.0415,0.0100
224,1157.5051,0.0000,3.2229,0.0100
224,1157.5051,0.0000,3.4311,0.0100
224,1157.5051,0.0000,3.9548,0.0100
224,1157.5051,0.0000,3.1370,0.0100
225,1.1431,0.0000,4.3727,0.0100
225,1.1431,0.0000,5.7396,0.0100
225,1.1431,0.0000,6.5871,0.0100
225,1.1431,0.0000,7.0498,0.0100
225,1.1431,0.0000,4.5216,0.0100
225,1.1431,0.0000,4.8817,0.0100
225,1.1431,0.0000,5.4859,0.0100
225,1.1431,0.0000,5.5211,0.0100
226,1702.3434,0.0000,3.8330,0.0100
226,1702.3434,0.0000,4.2753,0.0100
226,1702.3434,0.0000,4.0838,0.0100
226,1702.3434,0.0000,4.2678,0.0100
226,1702.3434,0.0000,4.3337,0.0100
226,1702.3434,0.0000,4.0438,0.0100
226,1702.3434,0.0000,5.1456,0.0100
226,1702.3434,0.0000,4.1826,0.0100
227,1.1501,0.0000,4.9788,0.0100
227,1.1501,0.0000,6.0845,0.0100
227,1.1501,0.0000,6.1880,0.0100
227,1.1501,0.0000,5.6060,0.0100
227,1.1501,0.0000,4.7818,0.0100
227,1.1501,0.0000,4.6576,0.0100
227,1.1501,0.0000,6.4379,0.0100
227,1.1501,0.0000,6.0390,0.0100
228,956.1369,28.7564,2.8253,0.0100
228,956.1369,27.6074,3.6057,0.0100
228,956.1369,26.2589,4.3391,0.0100
228,956.1369,23.7816,4.6707,0.0100
228,956.1369,28.4022,3.9256,0.0100
228,956.1369,25.7035,4.0686,0.0100
228,956.1369,25.6636,4.8613,0.0100
228,956.1369,27.4320,3.6503,0.0100
229,1.0831,0.0000,4.7272,0.0100
229,1.0831,0.0000,7.1233,0.0100
229,1.0831,0.0000,7.4672,0.0100
229,1.0831,0.0000,6.0167,0.0100
229,1.0831,0.0000,5.0850,0.0100
229,1.0831,0.0000,5.3318,0.0100
229,1.0831,0.0000,6.3726,0.0100
229,1.0831,0.0000,5.8705,0.0100
230,2149.7336,0.0000,8.7919,0.0100
230,2149.7336,0.0000,8.1130,0.0100
230,2149.7336,0.0000,8.5047,0.0100
230,2149.7336,0.0000,8.7202,0.0100
230,2149.7336,0.0000,8.3662,0.0100
230,2149.7336,0.0000,8.3619,0.0100
230,2149.7336,0.0000,9.1155,0.0100
230,2149.7336,0.0000,8.6715,0.0100
231,1.2224,0.0000,11.9695,0.0100
231,1.2224,0.0000,9.9001,0.0100
231,1.2224,0.0000,10.6157,0.0100
231,1.2224,0.0000,11.5911,0.0100
231,1.2224,0.0000,9.3041,0.0100
231,1.2224,0.0000,10.1945,0.0100
231,1.2224,0.0000,11.1509,0.0100
231,1.2224,0.0000,10.8649,0.0100
232,1169.9602,0.0000,2.6106,0.0100
232,1169.9602,0.0000,3.4204,0.0100
232,1169.9602,0.0000,3.8811,0.0100
232,1169.9602,0.0000,4.1249,0.0100
232,1169.9602,0.0000,3.5404,0.0100
232,1169.9602,0.0000,3.6396,0.0100
232,1169.9602,0.0000,4.3406,0.0100
232,1169.9602,0.0000,3.3626,0.0100
233,1.1422,0.0000,4.7315,0.0100
233,1.1422,0.0000,6.9516,0.0100
233,1.1422,0.0000,6.1245,0.0100
233,1.1422,0.0000,7.2467,0.0100
233,1.1422,0.0000,4.9543,0.0100
233,1.1422,0.0000,5.2029,0.0100
233,1.1422,0.0000,6.0914,0.0100
233,1.1422,0.0000,5.9883,0.0100
234,1079.9788,0.0000,10.0517,0.0100
234,1079.9788,0.0000,10.4684,0.0100
234,1079.9788,0.0000,12.1171,0.0100
234,1079.9788,0.0000,11.1796,0.0100
234,1079.9788,0.0000,10.0776,0.0100
234,1079.9788,0.0000,10.1088,0.0100
234,1079.9788,0.0000,9.7659,0.0100
234,1079.9788,0.0000,11.1881,0.0100
235,0.8610,0.0000,11.7425,0.0100
235,0.8610,0.0000,14.1604,0.0100
235,0.8610,0.0000,14.3930,0.0100
235,0.8610,0.0000,12.5104,0.0100
235,0.8610,0.0000,11.0340,0.0100
235,0.8610,0.0000,11.1215,0.0100
235,0.8610,0.0000,10.7916,0.0100
235,0.8610,0.0000,13.4621,0.0100
236,706.0748,0.0000,12.8622,0.0100
236,706.0748,0.0000,13.3105,0.0100
236,706.0748,0.0000,14.8714,0.0100
236,706.0748,0.0000,13.6448,0.0100
236,706.0748,0.0000,12.4940,0.0100
236,706.0748,0.0000,12.3570,0.0100
236,706.0748,0.0000,12.2655,0.0100
236,706.0748,0.0000,14.1286,0.0100
237,0.8115,0.0000,13.6690,0.0100
237,0.8115,0.0000,14.0445,0.0100
237,0.8115,0.0000,16.6975,0.0100
237,0.8115,0.0000,15.9241,0.0100
237,0.8115,0.0000,12.4920,0.0100
237,0.8115,0.0000,12.9468,0.0100
237,0.8115,0.0000,12.4669,0.0100
237,0.8115,0.0000,15.5898,0.0100
238,819.4022,25.3462,11.4262,0.0100
238,819.4022,26.2867,11.9201,0.0100
238,819.4022,23.4337,13.6931,0.0100
238,819.4022,23.1605,12.5384,0.0100
238,819.4022,23.3652,11.2542,0.0100
238,819.4022,23.1514,11.2822,0.0100
238,819.4022,22.5776,10.9698,0.0100
238,819.4022,22.9747,12.7103,0.0100
239,0.8961,0.0000,13.1211,0.0100
239,0.8961,0.0000,13.9524,0.0100
239,0.8961,0.0000,16.6536,0.0100
239,0.8961,0.0000,16.1515,0.0100
239,0.8961,0.0000,12.1792,0.0100
239,0.8961,0.0000,12.7626,0.0100
239,0.8961,0.0000,12.0395,0.0100
239,0.8961,0.0000,15.3402,0.0100
240,1552.7649,0.0000,6.5487,0.0100
240,1552.7649,0.0000,6.4330,0.0100
240,1552.7649,0.0000,6.3101,0.0100
240,1552.7649,0.0000,6.6623,0.0100
240,1552.7649,0.0000,6.6890,0.0100
240,1552.7649,0.0000,6.3242,0.0100
240,1552.7649,0.0000,7.6381,0.0100
240,1552.7649,0.0000,6.5812,0.0100
241,1.1786,0.0000,9.0613,0.0100
241,1.1786,0.0000,7.8168,0.0100
241,1.1786,0.0000,8.1979,0.0100
241,1.1786,0.0000,8.9678,0.0100
241,1.1786,0.0000,7.0089,0.0100
241,1.1786,0.0000,7.1711,0.0100
241,1.1786,0.0000,9.6158,0.0100
241,1.1786,0.0000,8.8291,0.0100
242,1925.9065,0.0000,10.9599,0.0100
242,1925.9065,0.0000,10.7596,0.0100
242,1925.9065,0.0000,11.9760,0.0100
242,1925.9065,0.0000,11.4009,0.0100
242,1925.9065,0.0000,10.7267,0.0100
242,1925.9065,0.0000,10.7217,0.0100
242,1925.9065,0.0000,10.8916,0.0100
242,1925.9065,0.0000,11.4095,0.0100
243,1.2257,0.0000,13.9725,0.0100
243,1.2257,0.0000,13.1065,0.0100
243,1.2257,0.0000,15.3819,0.0100
243,1.2257,0.0000,15.1961,0.0100
243,1.2257,0.0000,12.3839,0.0100
243,1.2257,0.0000,12.8740,0.0100
243,1.2257,0.0000,12.8277,0.0100
243,1.2257,0.0000,14.2314,0.0100
244,886.7370,0.0000,14.0647,0.0100
244,886.7370,0.0000,14.1130,0.0100
244,886.7370,0.0000,15.1180,0.0100
244,886.7370,0.0000,14.2193,0.0100
244,886.7370,0.0000,13.5248,0.0100
244,886.7370,0.0000,13.1087,0.0100
244,886.7370,0.0000,13.6223,0.0100
244,886.7370,0.0000,14.9040,0.0100
245,1.0294,0.0000,15.8650,0.0100
245,1.0294,0.0000,15.1083,0.0100
245,1.0294,0.0000,17.3538,0.0100
245,1.0294,0.0000,16.7132,0.0100
245,1.0294,0.0000,13.9105,0.0100
245,1.0294,0.0000,14.1999,0.0100
245,1.0294,0.0000,14.3620,0.0100
245,1.0294,0.0000,16.5630,0.0100
246,969.5258,0.0000,11.9153,0.0100
246,969.5258,0.0000,11.2210,0.0100
246,969.5258,0.0000,11.1194,0.0100
246,969.5258,0.0000,11.3949,0.0100
246,969.5258,0.0000,11.4764,0.0100
246,969.5258,0.0000,10.7298,0.0100
246,969.5258,0.0000,12.3574,0.0100
246,969.5258,0.0000,12.0140,0.0100
247,1.0758,0.0000,14.5842,0.0100
247,1.0758,0.0000,12.3408,0.0100
247,1.0758,0.0000,12.8248,0.0100
247,1.0758,0.0000,13.9351,0.0100
247,1.0758,0.0000,11.6342,0.0100
247,1.0758,0.0000,12.3466,0.0100
247,1.0758,0.0000,13.5539,0.0100
247,1.0758,0.0000,13.4128,0.0100
248,1463.3818,21.6315,5.5691,0.0100
248,1463.3818,21.2727,5.7810,0.0100
248,1463.3818,20.4972,5.5121,0.0100
248,1463.3818,20.9922,5.8396,0.0100
248,1463.3818,21.2552,5.9776,0.0100
248,1463.3818,21.7770,5.5599,0.0100
248,1463.3818,19.8346,6.9890,0.0100
248,1463.3818,21.8143,5.7631,0.0100
249,1.1612,0.0000,8.2048,0.0100
249,1.1612,0.0000,7.7363,0.0100
249,1.1612,0.0000,8.1160,0.0100
249,1.1612,0.0000,8.5562,0.0100
249,1.1612,0.0000,6.8081,0.0100
249,1.1612,0.0000,6.7078,0.0100
249,1.1612,0.0000,9.4819,0.0100
249,1.1612,0.0000,8.6074,0.0100
250,1234.0228,0.0000,8.5801,0.0100
250,1234.0228,0.0000,9.3749,0.0100
250,1234.0228,0.0000,11.6000,0.0100
250,1234.0228,0.0000,10.7255,0.0100
250,1234.0228,0.0000,8.9741,0.0100
250,1234.0228,0.0000,9.4898,0.0100
250,1234.0228,0.0000,8.6930,0.0100
250,1234.0228,0.0000,10.0743,0.0100
251,1.1996,0.0000,9.4763,0.0100
251,1.1996,0.0000,11.5415,0.0100
251,1.1996,0.0000,14.1233,0.0100
251,1.1996,0.0000,14.0912,0.0100
251,1.1996,0.0000,9.7130,0.0100
251,1.1996,0.0000,10.4797,0.0100
251,1.1996,0.0000,9.1540,0.0100
251,1.1996,0.0000,12.0731,0.0100
252,1037.1125,0.0000,4.2668,0.0100
252,1037.1125,0.0000,5.0463,0.0100
252,1037.1125,0.0000,4.7757,0.0100
252,1037.1125,0.0000,4.9773,0.0100
252,1037.1125,0.0000,5.3959,0.0100
252,1037.1125,0.0000,5.0334,0.0100
252,1037.1125,0.0000,6.6890,0.0100
252,1037.1125,0.0000,5.0154,0.0100
253,1.1048,0.0000,6.2987,0.0100
253,1.1048,0.0000,7.9132,0.0100
253,1.1048,0.0000,7.2984,0.0100
253,1.1048,0.0000,7.6976,0.0100
253,1.1048,0.0000,6.3304,0.0100
253,1.1048,0.0000,5.8606,0.0100
253,1.1048,0.0000,8.5483,0.0100
253,1.1048,0.0000,7.8078,0.0100
254,1509.5613,0.0000,2.9014,0.0100
254,1509.5613,0.0000,3.7455,0.0100
254,1509.5613,0.0000,4.5702,0.0100
254,1509.5613,0.0000,4.8089,0.0100
254,1509.5613,0.0000,3.5552,0.0100
254,1509.5613,0.0000,4.0869,0.0100
254,1509.5613,0.0000,4.1578,0.0100
254,1509.5613,0.0000,3.7101,0.0100
255,1.2073,0.0000,6.7032,0.0100
255,1.2073,0.0000,7.3428,0.0100
255,1.2073,0.0000,8.1498,0.0100
255,1.2073,0.0000,4.9561,0.0100
255,1.2073,0.0000,5.4691,0.0100
255,1.2073,0.0000,5.6885,0.0100
255,1.2073,0.0000,6.2430,0.0100
256,1073.3672,0.0000,12.4938,0.0100
256,1073.3672,0.0000,14.2078,0.0100
256,1073.3672,0.0000,12.1208,0.0100
256,1073.3672,0.0000,13.2115,0.0100
256,1073.3672,0.0000,12.0128,0.0100
256,1073.3672,0.0000,11.9993,0.0100
256,1073.3672,0.0000,11.8827,0.0100
256,1073.3672,0.0000,13.3232,0.0100
257,1.1701,0.0000,13.5599,0.0100
257,1.1701,0.0000,14.0160,0.0100
257,1.1701,0.0000,16.6341,0.0100
257,1.1701,0.0000,16.3208,0.0100
257,1.1701,0.0000,12.7257,0.0100
257,1.1701,0.0000,12.9506,0.0100
257,1.1701,0.0000,0.0000,0.0100
257,1.1701,0.0000,15.3753,0.0100
258,1469.1183,19.3186,5.1839,0.0100
258,1469.1183,18.5776,6.1627,0.0100
258,1469.1183,18.7308,8.2151,0.0100
258,1469.1183,19.3407,7.6441,0.0100
258,1469.1183,18.6637,5.8872,0.0100
258,1469.1183,18.3111,6.7026,0.0100
258,1469.1183,17.2441,5.7284,0.0100
258,1469.1183,18.3256,6.5520,0.0100
259,1.2126,0.0000,5.9861,0.0100
259,1.2126,0.0000,8.9553,0.0100
259,1.2126,0.0000,10.6734,0.0100
259,1.2126,0.0000,11.1758,0.0100
259,1.2126,0.0000,6.9599,0.0100
259,1.2126,0.0000,7.9394,0.0100
259,1.2126,0.0000,6.4267,0.0100
259,1.2126,0.0000,8.7756,0.0100
260,1085.0855,0.0000,3.0881,0.0100
260,1085.0855,0.0000,4.0073,0.0100
260,1085.0855,0.0000,4.8329,0.0100
260,1085.0855,0.0000,5.1525,0.0100
260,1085.0855,0.0000,4.1257,0.0100
260,1085.0855,0.0000,4.4578,0.0100
260,1085.0855,0.0000,5.1009,0.0100
260,1085.0855,0.0000,3.9804,0.0100
261,1.1366,0.0000,5.3898,0.0100
261,1.1366,0.0000,7.1191,0.0100
261,1.1366,0.0000,8.0816,0.0100
261,1.1366,0.0000,8.7553,0.0100
261,1.1366,0.0000,5.6906,0.0100
261,1.1366,0.0000,6.1331,0.0100
261,1.1366,0.0000,6.8101,0.0100
261,1.1366,0.0000,6.7190,0.0100
262,4080.9616,0.0000,6.5609,0.0100
262,4080.9616,0.0000,7.5747,0.0100
262,4080.9616,0.0000,9.0182,0.0100
262,4080.9616,0.0000,8.2738,0.0100
262,4080.9616,0.0000,7.2662,0.0100
262,4080.9616,0.0000,7.4968,0.0100
262,4080.9616,0.0000,7.0399,0.0100
262,4080.9616,0.0000,7.8377,0.0100
263,1.2582,0.0000,8.7132,0.0100
263,1.2582,0.0000,11.2916,0.0100
263,1.2582,0.0000,12.8683,0.0100
263,1.2582,0.0000,12.5669,0.0100
263,1.2582,0.0000,9.0170,0.0100
263,1.2582,0.0000,9.7203,0.0100
263,1.2582,0.0000,8.2212,0.0100
263,1.2582,0.0000,11.4395,0.0100
264,1225.3734,50.4629,5.5658,0.0100
264,1225.3734,49.6086,6.6156,0.0100
264,1225.3734,50.6782,8.9858,0.0100
264,1225.3734,52.4504,8.3945,0.0100
264,1225.3734,52.3934,6.2897,0.0100
264,1225.3734,50.2731,7.2940,0.0100
264,1225.3734,48.2375,6.1927,0.0100
264,1225.3734,49.7760,7.0890,0.0100
265,1.1581,0.0000,6.6082,0.0100
265,1.1581,0.0000,9.8439,0.0100
265,1.1581,0.0000,11.7615,0.0100
265,1.1581,0.0000,12.4394,0.0100
265,1.1581,0.0000,7.5991,0.0100
265,1.1581,0.0000,8.7228,0.0100
265,1.1581,0.0000,7.1048,0.0100
265,1.1581,0.0000,9.7071,0.0100
266,1081.9082,0.0000,3.3176,0.0100
266,1081.9082,0.0000,4.2933,0.0100
266,1081.9082,0.0000,5.1234,0.0100
266,1081.9082,0.0000,5.4402,0.0100
266,1081.9082,0.0000,4.5110,0.0100
266,1081.9082,0.0000,4.7983,0.0100
266,1081.9082,0.0000,5.4935,0.0100
266,1081.9082,0.0000,4.1990,0.0100
267,1.1219,0.0000,5.7794,0.0100
267,1.1219,0.0000,8.6460,0.0100
267,1.1219,0.0000,9.3301,0.0100
267,1.1219,0.0000,7.6495,0.0100
267,1.1219,0.0000,6.1710,0.0100
267,1.1219,0.0000,6.5957,0.0100
267,1.1219,0.0000,7.3510,0.0100
267,1.1219,0.0000,7.2552,0.0100
268,2096.7741,0.0000,7.0884,0.0100
268,2096.7741,0.0000,8.0928,0.0100
268,2096.7741,0.0000,10.0735,0.0100
268,2096.7741,0.0000,9.2725,0.0100
268,2096.7741,0.0000,7.7152,0.0100
268,2096.7741,0.0000,8.2505,0.0100
268,2096.7741,0.0000,7.5099,0.0100
268,2096.7741,0.0000,8.5348,0.0100
269,1.1977,0.0000,8.9193,0.0100
269,1.1977,0.0000,11.6433,0.0100
269,1.1977,0.0000,13.5699,0.0100
269,1.1977,0.0000,13.0681,0.0100
269,1.1977,0.0000,9.2982,0.0100
269,1.1977,0.0000,10.2952,0.0100
269,1.1977,0.0000,8.5613,0.0100
269,1.1977,0.0000,11.8877,0.0100
270,987.7956,0.0000,16.6085,0.0100
270,987.7956,0.0000,16.2856,0.0100
270,987.7956,0.0000,16.9093,0.0100
270,987.7956,0.0000,16.3020,0.0100
270,987.7956,0.0000,15.7625,0.0100
270,987.7956,0.0000,15.2324,0.0100
270,987.7956,0.0000,16.3971,0.0100
270,987.7956,0.0000,17.0968,0.0100
271,1.0794,0.0000,19.4196,0.0100
271,1.0794,0.0000,17.8276,0.0100
271,1.0794,0.0000,19.5510,0.0100
271,1.0794,0.0000,19.5939,0.0100
271,1.0794,0.0000,16.4439,0.0100
271,1.0794,0.0000,17.1411,0.0100
271,1.0794,0.0000,17.5539,0.0100
271,1.0794,0.0000,19.2566,0.0100
272,2023.4609,45.0889,3.6538,0.0100
272,2023.4609,43.5516,4.7608,0.0100
272,2023.4609,42.8083,4.8399,0.0100
272,2023.4609,44.8387,4.8591,0.0100
272,2023.4609,44.3776,4.4662,0.0100
272,2023.4609,43.4618,4.5108,0.0100
272,2023.4609,43.7201,5.3062,0.0100
272,2023.4609,45.3527,4.5542,0.0100
273,1.1896,0.0000,5.9798,0.0100
273,1.1896,0.0000,8.1301,0.0100
273,1.1896,0.0000,8.5359,0.0100
273,1.1896,0.0000,8.4304,0.0100
273,1.1896,0.0000,6.4332,0.0100
273,1.1896,0.0000,6.1909,0.0100
273,1.1896,0.0000,8.0117,0.0100
273,1.1896,0.0000,7.9996,0.0100
274,2101.4143,0.0000,12.6928,0.0100
274,2101.4143,0.0000,11.9234,0.0100
274,2101.4143,0.0000,12.3887,0.0100
274,2101.4143,0.0000,12.6618,0.0100
274,2101.4143,0.0000,12.0773,0.0100
274,2101.4143,0.0000,12.1416,0.0100
274,2101.4143,0.0000,13.0866,0.0100
274,2101.4143,0.0000,12.5593,0.0100
275,1.2320,0.0000,17.0825,0.0100
275,1.2320,0.0000,14.6521,0.0100
275,1.2320,0.0000,15.7931,0.0100
275,1.2320,0.0000,16.8623,0.0100
275,1.2320,0.0000,13.8805,0.0100
275,1.2320,0.0000,15.0406,0.0100
275,1.2320,0.0000,15.9757,0.0100
275,1.2320,0.0000,15.7107,0.0100
276,2223.5334,0.0000,13.2523,0.0100
276,2223.5334,0.0000,13.1659,0.0100
276,2223.5334,0.0000,14.5859,0.0100
276,2223.5334,0.0000,14.0240,0.0100
276,2223.5334,0.0000,13.0814,0.0100
276,2223.5334,0.0000,13.1907,0.0100
276,2223.5334,0.0000,13.4629,0.0100
276,2223.5334,0.0000,13.8249,0.0100
277,1.2198,0.0000,17.2724,0.0100
277,1.2198,0.0000,16.4990,0.0100
277,1.2198,0.0000,19.1090,0.0100
277,1.2198,0.0000,19.0830,0.0100
277,1.2198,0.0000,15.4990,0.0100
277,1.2198,0.0000,16.1348,0.0100
277,1.2198,0.0000,16.1043,0.0100
277,1.2198,0.0000,17.7081,0.0100
278,12430.2017,38.9356,6.2954,0.0100
278,12430.2017,38.5551,7.4380,0.0100
278,12430.2017,37.1763,7.5033,0.0100
278,12430.2017,38.1636,6.8910,0.0100
278,12430.2017,38.2454,6.5531,0.0100
278,12430.2017,37.9369,6.6004,0.0100
278,12430.2017,37.3789,7.2886,0.0100
278,12430.2017,38.3489,7.2113,0.0100
279,1.2607,0.0000,6.9302,0.0100
279,1.2607,0.0000,9.3989,0.0100
279,1.2607,0.0000,9.5669,0.0100
279,1.2607,0.0000,9.1936,0.0100
279,1.2607,0.0000,7.0907,0.0100
279,1.2607,0.0000,7.0649,0.0100
279,1.2607,0.0000,8.7567,0.0100
279,1.2607,0.0000,8.9350,0.0100
280,974.5336,0.0000,19.9846,0.0100
280,974.5336,0.0000,19.5779,0.0100
280,974.5336,0.0000,20.1422,0.0100
280,974.5336,0.0000,19.5868,0.0100
280,974.5336,0.0000,18.8681,0.0100
280,974.5336,0.0000,18.2806,0.0100
280,974.5336,0.0000,19.7941,0.0100
280,974.5336,0.0000,20.3720,0.0100
281,1.0745,0.0000,23.2703,0.0100
281,1.0745,0.0000,21.4872,0.0100
281,1.0745,0.0000,23.2754,0.0100
281,1.0745,0.0000,23.4068,0.0100
281,1.0745,0.0000,19.7491,0.0100
281,1.0745,0.0000,20.5772,0.0100
281,1.0745,0.0000,21.2021,0.0100
281,1.0745,0.0000,22.9944,0.0100
282,1536.0976,0.0000,4.4916,0.0100
282,1536.0976,0.0000,5.7783,0.0100
282,1536.0976,0.0000,5.6586,0.0100
282,1536.0976,0.0000,5.7360,0.0100
282,1536.0976,0.0000,5.5925,0.0100
282,1536.0976,0.0000,5.5012,0.0100
282,1536.0976,0.0000,6.8389,0.0100
282,1536.0976,0.0000,5.4476,0.0100
283,1.1750,0.0000,7.4698,0.0100
283,1.1750,0.0000,9.5982,0.0100
283,1.1750,0.0000,10.1144,0.0100
283,1.1750,0.0000,9.9126,0.0100
283,1.1750,0.0000,7.7156,0.0100
283,1.1750,0.0000,7.5307,0.0100
283,1.1750,0.0000,9.5869,0.0100
283,1.1750,0.0000,9.5527,0.0100
284,814.7786,0.0000,5.1648,0.0100
284,814.7786,0.0000,6.9182,0.0100
284,814.7786,0.0000,7.1192,0.0100
284,814.7786,0.0000,7.0546,0.0100
284,814.7786,0.0000,7.6185,0.0100
284,814.7786,0.0000,7.2710,0.0100
284,814.7786,0.0000,9.2893,0.0100
284,814.7786,0.0000,6.6578,0.0100
285,0.9147,0.0000,7.5471,0.0100
285,0.9147,0.0000,9.4891,0.0100
285,0.9147,0.0000,10.9840,0.0100
285,0.9147,0.0000,10.3660,0.0100
285,0.9147,0.0000,8.7707,0.0100
285,0.9147,0.0000,8.3941,0.0100
285,0.9147,0.0000,11.2581,0.0100
285,0.9147,0.0000,9.6763,0.0100
286,1146.9220,32.3502,13.8091,0.0100
286,1146.9220,32.2049,13.2128,0.0100
286,1146.9220,29.0501,12.8778,0.0100
286,1146.9220,30.7993,13.6321,0.0100
286,1146.9220,30.9835,13.5711,0.0100
286,1146.9220,31.1658,12.7988,0.0100
286,1146.9220,30.1696,15.1261,0.0100
286,1146.9220,30.0850,13.6895,0.0100
287,1.1456,0.0000,18.1504,0.0100
287,1.1456,0.0000,15.5322,0.0100
287,1.1456,0.0000,15.6294,0.0100
287,1.1456,0.0000,17.1861,0.0100
287,1.1456,0.0000,14.3204,0.0100
287,1.1456,0.0000,15.2524,0.0100
287,1.1456,0.0000,17.7745,0.0100
287,1.1456,0.0000,16.7674,0.0100
288,721.7169,0.0000,5.1688,0.0100
288,721.7169,0.0000,5.9660,0.0100
288,721.7169,0.0000,8.8819,0.0100
288,721.7169,0.0000,9.3510,0.0100
288,721.7169,0.0000,6.9763,0.0100
288,721.7169,0.0000,7.7307,0.0100
288,721.7169,0.0000,8.6856,0.0100
288,721.7169,0.0000,6.3311,0.0100
289,0.7562,0.0000,7.2663,0.0100
289,0.7562,0.0000,9.7391,0.0100
289,0.7562,0.0000,12.0810,0.0100
289,0.7562,0.0000,13.3300,0.0100
289,0.7562,0.0000,8.1899,0.0100
289,0.7562,0.0000,8.8748,0.0100
289,0.7562,0.0000,9.7476,0.0100
289,0.7562,0.0000,8.6150,0.0100
290,2584.6584,0.0000,13.5511,0.0100
290,2584.6584,0.0000,14.0655,0.0100
290,2584.6584,0.0000,16.1062,0.0100
290,2584.6584,0.0000,15.3612,0.0100
290,2584.6584,0.0000,13.9013,0.0100
290,2584.6584,0.0000,14.1783,0.0100
290,2584.6584,0.0000,14.1332,0.0100
290,2584.6584,0.0000,14.7911,0.0100
291,1.2439,0.0000,17.0855,0.0100
291,1.2439,0.0000,18.0685,0.0100
291,1.2439,0.0000,21.0720,0.0100
291,1.2439,0.0000,21.2247,0.0100
291,1.2439,0.0000,16.5626,0.0100
291,1.2439,0.0000,16.9599,0.0100
291,1.2439,0.0000,16.7132,0.0100
291,1.2439,0.0000,19.2419,0.0100
292,695.0673,0.0000,6.1641,0.0100
292,695.0673,0.0000,8.0053,0.0100
292,695.0673,0.0000,8.3799,0.0100
292,695.0673,0.0000,7.9849,0.0100
292,695.0673,0.0000,9.1459,0.0100
292,695.0673,0.0000,8.6761,0.0100
292,695.0673,0.0000,11.1443,0.0100
292,695.0673,0.0000,7.7899,0.0100
293,0.7253,0.0000,8.4500,0.0100
293,0.7253,0.0000,10.4736,0.0100
293,0.7253,0.0000,12.1349,0.0100
293,0.7253,0.0000,11.1540,0.0100
293,0.7253,0.0000,9.9627,0.0100
293,0.7253,0.0000,9.3557,0.0100
293,0.7253,0.0000,12.9396,0.0100
293,0.7253,0.0000,10.5468,0.0100
294,660.8468,0.0000,5.7288,0.0100
294,660.8468,0.0000,6.4989,0.0100
294,660.8468,0.0000,9.6457,0.0100
294,660.8468,0.0000,10.0405,0.0100
294,660.8468,0.0000,7.7896,0.0100
294,660.8468,0.0000,8.3441,0.0100
294,660.8468,0.0000,9.7903,0.0100
294,660.8468,0.0000,6.9723,0.0100
295,0.6784,0.0000,7.5593,0.0100
295,0.6784,0.0000,9.7706,0.0100
295,0.6784,0.0000,12.4605,0.0100
295,0.6784,0.0000,13.4310,0.0100
295,0.6784,0.0000,8.6352,0.0100
295,0.6784,0.0000,9.0868,0.0100
295,0.6784,0.0000,10.3675,0.0100
295,0.6784,0.0000,8.6658,0.0100
296,750.4931,0.0000,20.9329,0.0100
296,750.4931,0.0000,21.4339,0.0100
296,750.4931,0.0000,23.2954,0.0100
296,750.4931,0.0000,21.8799,0.0100
296,750.4931,0.0000,20.1121,0.0100
296,750.4931,0.0000,19.8637,0.0100
296,750.4931,0.0000,20.3832,0.0100
296,750.4931,0.0000,22.4735,0.0100
297,0.8162,0.0000,22.6469,0.0100
297,0.8162,0.0000,23.0928,0.0100
297,0.8162,0.0000,26.3367,0.0100
297,0.8162,0.0000,25.6338,0.0100
297,0.8162,0.0000,20.4956,0.0100
297,0.8162,0.0000,21.2016,0.0100
297,0.8162,0.0000,21.1391,0.0100
297,0.8162,0.0000,24.9622,0.0100
298,794.7680,28.5613,23.5361,0.0100
298,794.7680,27.1956,22.8960,0.0100
298,794.7680,25.1691,22.8216,0.0100
298,794.7680,27.0383,22.5069,0.0100
298,794.7680,25.4764,21.9908,0.0100
298,794.7680,25.3636,21.0427,0.0100
298,794.7680,25.9084,23.4958,0.0100
298,794.7680,26.5562,23.8129,0.0100
299,0.9033,0.0000,27.6041,0.0100
299,0.9033,0.0000,25.3670,0.0100
299,0.9033,0.0000,26.2486,0.0100
299,0.9033,0.0000,26.7800,0.0100
299,0.9033,0.0000,23.0172,0.0100
299,0.9033,0.0000,23.9631,0.0100
299,0.9033,0.0000,25.3299,0.0100
299,0.9033,0.0000,26.7595,0.0100
300,1279.5082,0.0000,19.9372,0.0100
300,1279.5082,0.0000,19.2142,0.0100
300,1279.5082,0.0000,19.7281,0.0100
300,1279.5082,0.0000,19.5717,0.0100
300,1279.5082,0.0000,18.7826,0.0100
300,1279.5082,0.0000,18.5064,0.0100
300,1279.5082,0.0000,20.1216,0.0100
300,1279.5082,0.0000,20.0221,0.0100
301,1.1701,0.0000,24.4565,0.0100
301,1.1701,0.0000,22.0458,0.0100
301,1.1701,0.0000,23.8939,0.0100
301,1.1701,0.0000,24.5861,0.0100
301,1.1701,0.0000,20.4455,0.0100
301,1.1701,0.0000,21.8906,0.0100
301,1.1701,0.0000,22.5521,0.0100
301,1.1701,0.0000,23.4825,0.0100
302,1987.4915,0.0000,9.5793,0.0100
302,1987.4915,0.0000,9.8824,0.0100
302,1987.4915,0.0000,9.5458,0.0100
302,1987.4915,0.0000,10.0194,0.0100
302,1987.4915,0.0000,9.8053,0.0100
302,1987.4915,0.0000,9.4736,0.0100
302,1987.4915,0.0000,11.3695,0.0100
302,1987.4915,0.0000,9.6943,0.0100
303,1.2028,0.0000,13.0165,0.0100
303,1.2028,0.0000,12.0272,0.0100
303,1.2028,0.0000,12.2011,0.0100
303,1.2028,0.0000,13.0705,0.0100
303,1.2028,0.0000,10.6085,0.0100
303,1.2028,0.0000,10.7207,0.0100
303,1.2028,0.0000,14.3285,0.0100
303,1.2028,0.0000,12.9832,0.0100
304,873.6582,0.0000,23.4148,0.0100
304,873.6582,0.0000,22.9247,0.0100
304,873.6582,0.0000,23.2730,0.0100
304,873.6582,0.0000,22.7738,0.0100
304,873.6582,0.0000,21.9240,0.0100
304,873.6582,0.0000,21.1692,0.0100
304,873.6582,0.0000,23.2474,0.0100
304,873.6582,0.0000,23.7524,0.0100
305,1.0238,0.0000,26.7969,0.0100
305,1.0238,0.0000,24.8869,0.0100
305,1.0238,0.0000,26.3944,0.0100
305,1.0238,0.0000,26.5589,0.0100
305,1.0238,0.0000,22.7634,0.0100
305,1.0238,0.0000,23.5828,0.0100
305,1.0238,0.0000,24.5844,0.0100
305,1.0238,0.0000,26.3563,0.0100
306,915.3188,0.0000,4.9688,0.0100
306,915.3188,0.0000,6.2519,0.0100
306,915.3188,0.0000,9.3132,0.0100
306,915.3188,0.0000,9.5323,0.0100
306,915.3188,0.0000,6.4872,0.0100
306,915.3188,0.0000,7.9178,0.0100
306,915.3188,0.0000,7.2082,0.0100
306,915.3188,0.0000,6.8380,0.0100
307,0.9730,0.0000,6.3579,0.0100
307,0.9730,0.0000,10.8185,0.0100
307,0.9730,0.0000,12.5103,0.0100
307,0.9730,0.0000,14.4122,0.0100
307,0.9730,0.0000,8.1993,0.0100
307,0.9730,0.0000,9.4158,0.0100
307,0.9730,0.0000,8.6394,0.0100
307,0.9730,0.0000,9.8750,0.0100
308,2054.1426,26.5172,13.5126,0.0100
308,2054.1426,24.9089,14.4002,0.0100
308,2054.1426,22.6356,16.9039,0.0100
308,2054.1426,24.0261,16.0204,0.0100
308,2054.1426,23.9399,14.0377,0.0100
308,2054.1426,23.6225,14.4835,0.0100
308,2054.1426,22.1706,14.1259,0.0100
308,2054.1426,24.9819,15.1981,0.0100
309,1.2152,0.0000,16.3073,0.0100
309,1.2152,0.0000,18.8711,0.0100
309,1.2152,0.0000,22.0976,0.0100
309,1.2152,0.0000,22.3105,0.0100
309,1.2152,0.0000,16.3883,0.0100
309,1.2152,0.0000,17.1878,0.0100
309,1.2152,0.0000,16.0618,0.0100
309,1.2152,0.0000,19.6586,0.0100
310,1216.9861,0.0000,18.6700,0.0100
310,1216.9861,0.0000,21.0883,0.0100
310,1216.9861,0.0000,19.9974,0.0100
310,1216.9861,0.0000,17.9813,0.0100
310,1216.9861,0.0000,18.1688,0.0100
310,1216.9861,0.0000,18.2056,0.0100
310,1216.9861,0.0000,19.7076,0.0100
311,1.1654,0.0000,20.5553,0.0100
311,1.1654,0.0000,21.6373,0.0100
311,1.1654,0.0000,25.0720,0.0100
311,1.1654,0.0000,25.1086,0.0100
311,1.1654,0.0000,19.4597,0.0100
311,1.1654,0.0000,19.9374,0.0100
311,1.1654,0.0000,19.7125,0.0100
311,1.1654,0.0000,23.1767,0.0100
312,896.1564,0.0000,4.7194,0.0100
312,896.1564,0.0000,5.9340,0.0100
312,896.1564,0.0000,8.7453,0.0100
312,896.1564,0.0000,9.1981,0.0100
312,896.1564,0.0000,6.3725,0.0100
312,896.1564,0.0000,7.5206,0.0100
312,896.1564,0.0000,7.5483,0.0100
312,896.1564,0.0000,6.3278,0.0100
313,0.9706,0.0000,7.0040,0.0100
313,0.9706,0.0000,10.6593,0.0100
313,0.9706,0.0000,12.2963,0.0100
313,0.9706,0.0000,14.1306,0.0100
313,0.9706,0.0000,8.3544,0.0100
313,0.9706,0.0000,9.1375,0.0100
313,0.9706,0.0000,9.3527,0.0100
313,0.9706,0.0000,9.5826,0.0100
314,909.8430,0.0000,4.7856,0.0100
314,909.8430,0.0000,5.9871,0.0100
314,909.8430,0.0000,8.8069,0.0100
314,909.8430,0.0000,9.2360,0.0100
314,909.8430,0.0000,6.3766,0.0100
314,909.8430,0.0000,7.5757,0.0100
314,909.8430,0.0000,7.3968,0.0100
314,909.8430,0.0000,6.3975,0.0100
315,0.8032,0.0000,6.9477,0.0100
315,0.8032,0.0000,10.6310,0.0100
315,0.8032,0.0000,11.7765,0.0100
315,0.8032,0.0000,13.9568,0.0100
315,0.8032,0.0000,8.5528,0.0100
315,0.8032,0.0000,9.0747,0.0100
315,0.8032,0.0000,9.3827,0.0100
315,0.8032,0.0000,9.6222,0.0100
316,784.3672,0.0000,5.4018,0.0100
316,784.3672,0.0000,6.4654,0.0100
316,784.3672,0.0000,9.0149,0.0100
316,784.3672,0.0000,9.4396,0.0100
316,784.3672,0.0000,7.2800,0.0100
316,784.3672,0.0000,7.9938,0.0100
316,784.3672,0.0000,9.0700,0.0100
316,784.3672,0.0000,6.6580,0.0100
317,0.8405,0.0000,7.9529,0.0100
317,0.8405,0.0000,10.6323,0.0100
317,0.8405,0.0000,12.8061,0.0100
317,0.8405,0.0000,13.9139,0.0100
317,0.8405,0.0000,8.9482,0.0100
317,0.8405,0.0000,0.0000,0.0100
317,0.8405,0.0000,10.6318,0.0100
317,0.8405,0.0000,9.4825,0.0100
318,898.3039,0.0000,21.4720,0.0100
318,898.3039,0.0000,20.6171,0.0100
318,898.3039,0.0000,20.0365,0.0100
318,898.3039,0.0000,20.6297,0.0100
318,898.3039,0.0000,20.4092,0.0100
318,898.3039,0.0000,19.3368,0.0100
318,898.3039,0.0000,22.2387,0.0100
318,898.3039,0.0000,21.4700,0.0100
319,0.9986,0.0000,25.7138,0.0100
319,0.9986,0.0000,22.6972,0.0100
319,0.9986,0.0000,23.0627,0.0100
319,0.9986,0.0000,24.7694,0.0100
319,0.9986,0.0000,21.0299,0.0100
319,0.9986,0.0000,22.2217,0.0100
319,0.9986,0.0000,24.1961,0.0100
319,0.9986,0.0000,24.0442,0.0100
320,747.4686,21.6857,25.4123,0.0100
320,747.4686,21.2812,24.5212,0.0100
320,747.4686,20.7706,23.8505,0.0100
320,747.4686,22.5077,24.0421,0.0100
320,747.4686,22.3112,23.8390,0.0100
320,747.4686,20.7692,22.5091,0.0100
320,747.4686,20.3832,25.7576,0.0100
320,747.4686,20.1860,25.4806,0.0100
321,0.8569,0.0000,29.7807,0.0100
321,0.8569,0.0000,27.0275,0.0100
321,0.8569,0.0000,27.1540,0.0100
321,0.8569,0.0000,28.5634,0.0100
321,0.8569,0.0000,24.6545,0.0100
321,0.8569,0.0000,25.7046,0.0100
321,0.8569,0.0000,27.8158,0.0100
321,0.8569,0.0000,0.0000,0.0100
322,2415.6832,0.0000,5.8560,0.0100
322,2415.6832,0.0000,7.4038,0.0100
322,2415.6832,0.0000,7.3882,0.0100
322,2415.6832,0.0000,7.2548,0.0100
322,2415.6832,0.0000,6.7373,0.0100
322,2415.6832,0.0000,6.8431,0.0100
322,2415.6832,0.0000,7.8389,0.0100
322,2415.6832,0.0000,6.9686,0.0100
323,1.2443,0.0000,8.9946,0.0100
323,1.2443,0.0000,11.8530,0.0100
323,1.2443,0.0000,11.6893,0.0100
323,1.2443,0.0000,11.3482,0.0100
323,1.2443,0.0000,9.1349,0.0100
323,1.2443,0.0000,8.8004,0.0100
323,1.2443,0.0000,10.9517,0.0100
323,1.2443,0.0000,11.2093,0.0100
324,2478.3965,0.0000,13.4072,0.0100
324,2478.3965,0.0000,13.0798,0.0100
324,2478.3965,0.0000,13.0904,0.0100
324,2478.3965,0.0000,13.8455,0.0100
324,2478.3965,0.0000,13.0120,0.0100
324,2478.3965,0.0000,13.1074,0.0100
324,2478.3965,0.0000,14.8929,0.0100
324,2478.3965,0.0000,13.2166,0.0100
325,1.2414,0.0000,15.3268,0.0100
325,1.2414,0.0000,13.6353,0.0100
325,1.2414,0.0000,14.3941,0.0100
325,1.2414,0.0000,15.8117,0.0100
325,1.2414,0.0000,12.5087,0.0100
325,1.2414,0.0000,13.5102,0.0100
325,1.2414,0.0000,16.3958,0.0100
325,1.2414,0.0000,14.4738,0.0100
326,904.5329,0.0000,6.0487,0.0100
326,904.5329,0.0000,7.9816,0.0100
326,904.5329,0.0000,7.9661,0.0100
326,904.5329,0.0000,7.9109,0.0100
326,904.5329,0.0000,8.5681,0.0100
326,904.5329,0.0000,8.1969,0.0100
326,904.5329,0.0000,10.4980,0.0100
326,904.5329,0.0000,7.6041,0.0100
327,0.9967,0.0000,8.9917,0.0100
327,0.9967,0.0000,11.4519,0.0100
327,0.9967,0.0000,12.7728,0.0100
327,0.9967,0.0000,12.0357,0.0100
327,0.9967,0.0000,10.2105,0.0100
327,0.9967,0.0000,9.8792,0.0100
327,0.9967,0.0000,13.0004,0.0100
327,0.9967,0.0000,11.4287,0.0100
328,2102.6410,21.8299,5.7940,0.0100
328,2102.6410,22.2903,7.1566,0.0100
328,2102.6410,20.9409,8.3175,0.0100
328,2102.6410,20.8844,8.2901,0.0100
328,2102.6410,18.8056,6.7208,0.0100
328,2102.6410,18.9581,7.4425,0.0100
328,2102.6410,18.9259,7.3148,0.0100
328,2102.6410,19.7804,7.0968,0.0100
329,1.2134,0.0000,7.2289,0.0100
329,1.2134,0.0000,11.6130,0.0100
329,1.2134,0.0000,12.1344,0.0100
329,1.2134,0.0000,13.3880,0.0100
329,1.2134,0.0000,8.6168,0.0100
329,1.2134,0.0000,9.6183,0.0100
329,1.2134,0.0000,9.2710,0.0100
329,1.2134,0.0000,10.7151,0.0100
330,5116.7229,21.7015,16.7785,0.0100
330,5116.7229,19.5317,16.9170,0.0100
330,5116.7229,18.9038,18.9494,0.0100
330,5116.7229,22.0767,18.6036,0.0100
330,5116.7229,18.5844,16.8914,0.0100
330,5116.7229,18.7595,17.5042,0.0100
330,5116.7229,18.4927,17.9098,0.0100
330,5116.7229,20.3388,17.5281,0.0100
331,1.2361,0.0000,24.8686,0.0100
331,1.2361,0.0000,24.1941,0.0100
331,1.2361,0.0000,27.4824,0.0100
331,1.2361,0.0000,27.9022,0.0100
331,1.2361,0.0000,22.7877,0.0100
331,1.2361,0.0000,23.7353,0.0100
331,1.2361,0.0000,23.9436,0.0100
331,1.2361,0.0000,25.6055,0.0100
332,1991.6449,0.0000,9.9150,0.0100
332,1991.6449,0.0000,10.9478,0.0100
332,1991.6449,0.0000,10.2910,0.0100
332,1991.6449,0.0000,10.4909,0.0100
332,1991.6449,0.0000,10.4703,0.0100
332,1991.6449,0.0000,9.9672,0.0100
332,1991.6449,0.0000,12.1937,0.0100
332,1991.6449,0.0000,10.3052,0.0100
333,1.2132,0.0000,16.3745,0.0100
333,1.2132,0.0000,15.9792,0.0100
333,1.2132,0.0000,15.3981,0.0100
333,1.2132,0.0000,15.7770,0.0100
333,1.2132,0.0000,13.3334,0.0100
333,1.2132,0.0000,0.0000,0.0100
333,1.2132,0.0000,17.4323,0.0100
333,1.2132,0.0000,16.5248,0.0100
334,2533.2514,0.0000,19.5320,0.0100
334,2533.2514,0.0000,19.4858,0.0100
334,2533.2514,0.0000,21.2636,0.0100
334,2533.2514,0.0000,20.9039,0.0100
334,2533.2514,0.0000,19.2996,0.0100
334,2533.2514,0.0000,19.6228,0.0100
334,2533.2514,0.0000,20.2789,0.0100
334,2533.2514,0.0000,20.2309,0.0100
335,1.2296,0.0000,25.7843,0.0100
335,1.2296,0.0000,0.0000,0.0100
335,1.2296,0.0000,27.9636,0.0100
335,1.2296,0.0000,28.3238,0.0100
335,1.2296,0.0000,23.3046,0.0100
335,1.2296,0.0000,24.3087,0.0100
335,1.2296,0.0000,24.5795,0.0100
335,1.2296,0.0000,26.1896,0.0100
336,2364.6654,50.9081,18.5438,0.0100
336,2364.6654,54.4124,17.6919,0.0100
336,2364.6654,53.7337,18.0479,0.0100
336,2364.6654,57.7198,18.8830,0.0100
336,2364.6654,53.9291,17.7297,0.0100
336,2364.6654,54.5488,17.9438,0.0100
336,2364.6654,57.1049,19.5227,0.0100
336,2364.6654,54.2099,18.2572,0.0100
337,1.2389,0.0000,25.5294,0.0100
337,1.2389,0.0000,22.4291,0.0100
337,1.2389,0.0000,23.2725,0.0100
337,1.2389,0.0000,25.2218,0.0100
337,1.2389,0.0000,21.0453,0.0100
337,1.2389,0.0000,22.7032,0.0100
337,1.2389,0.0000,24.4154,0.0100
337,1.2389,0.0000,23.5934,0.0100
338,1082.8572,0.0000,6.6608,0.0100
338,1082.8572,0.0000,8.5093,0.0100
338,1082.8572,0.0000,8.3266,0.0100
338,1082.8572,0.0000,8.3445,0.0100
338,1082.8572,0.0000,8.8942,0.0100
338,1082.8572,0.0000,8.5333,0.0100
338,1082.8572,0.0000,10.7621,0.0100
338,1082.8572,0.0000,8.0359,0.0100
339,1.1116,0.0000,10.5664,0.0100
339,1.1116,0.0000,12.9571,0.0100
339,1.1116,0.0000,13.8753,0.0100
339,1.1116,0.0000,13.2933,0.0100
339,1.1116,0.0000,11.2084,0.0100
339,1.1116,0.0000,10.9358,0.0100
339,1.1116,0.0000,13.9452,0.0100
339,1.1116,0.0000,12.9783,0.0100
340,1161.9422,0.0000,5.3612,0.0100
340,1161.9422,0.0000,7.1275,0.0100
340,1161.9422,0.0000,8.0425,0.0100
340,1161.9422,0.0000,8.3988,0.0100
340,1161.9422,0.0000,7.1951,0.0100
340,1161.9422,0.0000,7.5933,0.0100
340,1161.9422,0.0000,8.6885,0.0100
340,1161.9422,0.0000,6.7807,0.0100
341,1.1213,0.0000,9.2025,0.0100
341,1.1213,0.0000,12.5166,0.0100
341,1.1213,0.0000,13.4140,0.0100
341,1.1213,0.0000,14.1020,0.0100
341,1.1213,0.0000,9.9912,0.0100
341,1.1213,0.0000,10.5698,0.0100
341,1.1213,0.0000,11.7082,0.0100
341,1.1213,0.0000,11.6230,0.0100
342,1720.6865,0.0000,13.6375,0.0100
342,1720.6865,0.0000,14.9170,0.0100
342,1720.6865,0.0000,18.1280,0.0100
342,1720.6865,0.0000,17.0838,0.0100
342,1720.6865,0.0000,14.3804,0.0100
342,1720.6865,0.0000,15.3176,0.0100
342,1720.6865,0.0000,14.3421,0.0100
342,1720.6865,0.0000,15.7674,0.0100
343,1.2343,0.0000,15.0255,0.0100
343,1.2343,0.0000,19.0016,0.0100
343,1.2343,0.0000,22.2642,0.0100
343,1.2343,0.0000,22.5560,0.0100
343,1.2343,0.0000,15.8863,0.0100
343,1.2343,0.0000,17.2686,0.0100
343,1.2343,0.0000,14.9614,0.0100
343,1.2343,0.0000,19.2231,0.0100
344,1070.0405,0.0000,6.0620,0.0100
344,1070.0405,0.0000,7.4288,0.0100
344,1070.0405,0.0000,10.5275,0.0100
344,1070.0405,0.0000,10.7074,0.0100
344,1070.0405,0.0000,7.5889,0.0100
344,1070.0405,0.0000,9.1788,0.0100
344,1070.0405,0.0000,8.4829,0.0100
344,1070.0405,0.0000,7.9718,0.0100
345,1.1197,0.0000,7.6285,0.0100
345,1.1197,0.0000,12.7818,0.0100
345,1.1197,0.0000,14.1349,0.0100
345,1.1197,0.0000,16.2511,0.0100
345,1.1197,0.0000,9.7831,0.0100
345,1.1197,0.0000,10.9423,0.0100
345,1.1197,0.0000,10.2850,0.0100
345,1.1197,0.0000,11.5919,0.0100
346,622.6781,46.9947,34.0814,0.0100
346,622.6781,44.8323,33.1209,0.0100
346,622.6781,45.8605,31.9896,0.0100
346,622.6781,46.3841,32.0456,0.0100
346,622.6781,45.1781,31.7178,0.0100
346,622.6781,46.3676,29.8463,0.0100
346,622.6781,44.5471,34.0734,0.0100
346,622.6781,46.9994,34.2211,0.0100
347,0.6645,0.0000,38.7160,0.0100
347,0.6645,0.0000,35.9250,0.0100
347,0.6645,0.0000,35.6619,0.0100
347,0.6645,0.0000,36.5969,0.0100
347,0.6645,0.0000,32.5862,0.0100
347,0.6645,0.0000,33.3036,0.0100
347,0.6645,0.0000,36.0016,0.0100
347,0.6645,0.0000,37.4878,0.0100
348,679.5280,0.0000,7.7425,0.0100
348,679.5280,0.0000,8.8799,0.0100
348,679.5280,0.0000,12.7088,0.0100
348,679.5280,0.0000,13.0350,0.0100
348,679.5280,0.0000,10.3482,0.0100
348,679.5280,0.0000,11.3635,0.0100
348,679.5280,0.0000,13.0490,0.0100
348,679.5280,0.0000,9.2647,0.0100
349,0.6810,0.0000,10.3627,0.0100
349,0.6810,0.0000,13.4783,0.0100
349,0.6810,0.0000,16.6144,0.0100
349,0.6810,0.0000,17.7092,0.0100
349,0.6810,0.0000,11.8693,0.0100
349,0.6810,0.0000,12.5479,0.0100
349,0.6810,0.0000,14.1296,0.0100
349,0.6810,0.0000,11.8843,0.0100
350,1397.2768,0.0000,5.6246,0.0100
350,1397.2768,0.0000,7.1840,0.0100
350,1397.2768,0.0000,8.6588,0.0100
350,1397.2768,0.0000,9.0698,0.0100
350,1397.2768,0.0000,7.0201,0.0100
350,1397.2768,0.0000,7.9566,0.0100
350,1397.2768,0.0000,8.1006,0.0100
350,1397.2768,0.0000,7.0562,0.0100
351,1.1645,0.0000,8.6119,0.0100
351,1.1645,0.0000,12.8299,0.0100
351,1.1645,0.0000,13.6215,0.0100
351,1.1645,0.0000,15.0435,0.0100
351,1.1645,0.0000,9.8156,0.0100
351,1.1645,0.0000,10.8621,0.0100
351,1.1645,0.0000,11.0280,0.0100
351,1.1645,0.0000,11.8870,0.0100
352,752.6769,0.0000,6.6961,0.0100
352,752.6769,0.0000,8.1993,0.0100
352,752.6769,0.0000,12.5428,0.0100
352,752.6769,0.0000,13.0743,0.0100
352,752.6769,0.0000,9.1391,0.0100
352,752.6769,0.0000,10.7179,0.0100
352,752.6769,0.0000,10.8281,0.0100
352,752.6769,0.0000,8.9345,0.0100
353,0.8441,0.0000,8.8706,0.0100
353,0.8441,0.0000,13.4170,0.0100
353,0.8441,0.0000,15.8361,0.0100
353,0.8441,0.0000,18.1425,0.0100
353,0.8441,0.0000,10.7658,0.0100
353,0.8441,0.0000,11.9516,0.0100
353,0.8441,0.0000,12.3099,0.0100
353,0.8441,0.0000,12.0495,0.0100
354,1592.9249,0.0000,10.5097,0.0100
354,1592.9249,0.0000,11.5091,0.0100
354,1592.9249,0.0000,10.7339,0.0100
354,1592.9249,0.0000,11.1980,0.0100
354,1592.9249,0.0000,11.4603,0.0100
354,1592.9249,0.0000,10.7438,0.0100
354,1592.9249,0.0000,13.2871,0.0100
354,1592.9249,0.0000,10.9372,0.0100
355,1.1784,0.0000,15.1494,0.0100
355,1.1784,0.0000,15.1723,0.0100
355,1.1784,0.0000,15.0641,0.0100
355,1.1784,0.0000,15.6169,0.0100
355,1.1784,0.0000,13.0216,0.0100
355,1.1784,0.0000,12.6971,0.0100
355,1.1784,0.0000,17.1738,0.0100
355,1.1784,0.0000,15.7536,0.0100
356,1009.9036,0.0000,5.7734,0.0100
356,1009.9036,0.0000,7.4498,0.0100
356,1009.9036,0.0000,8.9714,0.0100
356,1009.9036,0.0000,9.4026,0.0100
356,1009.9036,0.0000,7.8039,0.0100
356,1009.9036,0.0000,8.4093,0.0100
356,1009.9036,0.0000,9.4922,0.0100
356,1009.9036,0.0000,7.2411,0.0100
357,1.1024,0.0000,9.2484,0.0100
357,1.1024,0.0000,12.4217,0.0100
357,1.1024,0.0000,13.6972,0.0100
357,1.1024,0.0000,14.6521,0.0100
357,1.1024,0.0000,10.1463,0.0100
357,1.1024,0.0000,10.8729,0.0100
357,1.1024,0.0000,11.9335,0.0100
357,1.1024,0.0000,11.3124,0.0100
358,1219.3703,38.9755,5.8506,0.0100
358,1219.3703,41.4444,7.3411,0.0100
358,1219.3703,35.4039,9.6290,0.0100
358,1219.3703,39.3280,10.0170,0.0100
358,1219.3703,39.5809,7.3572,0.0100
358,1219.3703,37.7091,8.6553,0.0100
358,1219.3703,39.0582,8.4831,0.0100
358,1219.3703,35.9119,7.4410,0.0100
359,1.1689,0.0000,8.4370,0.0100
359,1.1689,0.0000,13.0635,0.0100
359,1.1689,0.0000,14.0524,0.0100
359,1.1689,0.0000,15.9414,0.0100
359,1.1689,0.0000,10.0851,0.0100
359,1.1689,0.0000,11.2028,0.0100
359,1.1689,0.0000,11.1157,0.0100
359,1.1689,0.0000,11.8647,0.0100
360,1138.9849,0.0000,25.2249,0.0100
360,1138.9849,0.0000,25.7455,0.0100
360,1138.9849,0.0000,28.2575,0.0100
360,1138.9849,0.0000,27.1237,0.0100
360,1138.9849,0.0000,24.9427,0.0100
360,1138.9849,0.0000,24.9742,0.0100
360,1138.9849,0.0000,25.4152,0.0100
360,1138.9849,0.0000,26.9163,0.0100
361,1.1744,0.0000,28.3517,0.0100
361,1.1744,0.0000,28.9365,0.0100
361,1.1744,0.0000,32.8094,0.0100
361,1.1744,0.0000,32.9102,0.0100
361,1.1744,0.0000,26.7479,0.0100
361,1.1744,0.0000,27.2416,0.0100
361,1.1744,0.0000,27.2987,0.0100
361,1.1744,0.0000,30.9070,0.0100
362,2722.4006,0.0000,16.2122,0.0100
362,2722.4006,0.0000,16.0850,0.0100
362,2722.4006,0.0000,15.8732,0.0100
362,2722.4006,0.0000,16.7585,0.0100
362,2722.4006,0.0000,15.8903,0.0100
362,2722.4006,0.0000,15.9289,0.0100
362,2722.4006,0.0000,18.0760,0.0100
362,2722.4006,0.0000,16.1164,0.0100
363,1.2419,0.0000,21.7500,0.0100
363,1.2419,0.0000,19.1869,0.0100
363,1.2419,0.0000,19.1630,0.0100
363,1.2419,0.0000,20.8719,0.0100
363,1.2419,0.0000,0.0000,0.0100
363,1.2419,0.0000,18.4420,0.0100
363,1.2419,0.0000,22.0169,0.0100
363,1.2419,0.0000,20.2697,0.0100
364,832.2825,0.0000,6.6043,0.0100
364,832.2825,0.0000,8.1433,0.0100
364,832.2825,0.0000,12.0572,0.0100
364,832.2825,0.0000,12.3203,0.0100
364,832.2825,0.0000,8.7588,0.0100
364,832.2825,0.0000,10.3044,0.0100
364,832.2825,0.0000,10.0676,0.0100
364,832.2825,0.0000,8.7558,0.0100
365,0.4818,0.0000,8.8825,0.0100
365,0.4818,0.0000,14.4302,0.0100
365,0.4818,0.0000,15.4680,0.0100
365,0.4818,0.0000,17.6579,0.0100
365,0.4818,0.0000,11.0580,0.0100
365,0.4818,0.0000,12.0466,0.0100
365,0.4818,0.0000,11.5424,0.0100
365,0.4818,0.0000,12.8922,0.0100
366,1299.9403,29.2419,20.5519,0.0100
366,1299.9403,29.0649,21.5498,0.0100
366,1299.9403,30.9287,25.0166,0.0100
366,1299.9403,33.4264,23.7714,0.0100
366,1299.9403,31.4326,20.9207,0.0100
366,1299.9403,30.3264,21.5987,0.0100
366,1299.9403,28.0777,21.0656,0.0100
366,1299.9403,31.4253,22.8185,0.0100
367,1.2017,0.0000,23.4539,0.0100
367,1.2017,0.0000,26.3648,0.0100
367,1.2017,0.0000,30.5356,0.0100
367,1.2017,0.0000,30.6212,0.0100
367,1.2017,0.0000,23.4325,0.0100
367,1.2017,0.0000,24.5506,0.0100
367,1.2017,0.0000,23.1968,0.0100
367,1.2017,0.0000,27.7095,0.0100
368,6994.3741,29.3880,15.2317,0.0100
368,6994.3741,27.2466,15.5401,0.0100
368,6994.3741,30.3243,15.5088,0.0100
368,6994.3741,27.5710,16.0291,0.0100
368,6994.3741,28.7113,14.8681,0.0100
368,6994.3741,27.9770,15.2529,0.0100
368,6994.3741,26.9495,17.0404,0.0100
368,6994.3741,24.2863,15.3654,0.0100
369,1.2440,0.0000,21.0572,0.0100
369,1.2440,0.0000,19.2515,0.0100
369,1.2440,0.0000,19.0498,0.0100
369,1.2440,0.0000,20.4483,0.0100
369,1.2440,0.0000,17.0446,0.0100
369,1.2440,0.0000,17.7034,0.0100
369,1.2440,0.0000,22.0514,0.0100
369,1.2440,0.0000,20.1160,0.0100
370,6785.4498,23.4443,15.9218,0.0100
370,6785.4498,22.5478,17.5044,0.0100
370,6785.4498,25.1162,19.8244,0.0100
370,6785.4498,24.4564,19.0612,0.0100
370,6785.4498,24.1062,17.3479,0.0100
370,6785.4498,22.4518,17.7140,0.0100
370,6785.4498,24.2038,17.4250,0.0100
370,6785.4498,22.9078,18.0701,0.0100
371,1.2479,0.0000,19.3680,0.0100
371,1.2479,0.0000,23.9149,0.0100
371,1.2479,0.0000,27.3327,0.0100
371,1.2479,0.0000,27.7510,0.0100
371,1.2479,0.0000,20.5563,0.0100
371,1.2479,0.0000,22.0949,0.0100
371,1.2479,0.0000,19.5179,0.0100
371,1.2479,0.0000,24.2953,0.0100
372,7325.1593,22.7062,19.6316,0.0100
372,7325.1593,21.9829,20.7192,0.0100
372,7325.1593,19.5011,23.3474,0.0100
372,7325.1593,20.3779,22.8346,0.0100
372,7325.1593,19.4335,20.9210,0.0100
372,7325.1593,18.6560,21.5050,0.0100
372,7325.1593,19.8293,21.5893,0.0100
372,7325.1593,22.0501,21.5275,0.0100
373,1.2438,0.0000,29.2154,0.0100
373,1.2438,0.0000,31.1422,0.0100
373,1.2438,0.0000,34.0311,0.0100
373,1.2438,0.0000,34.7138,0.0100
373,1.2438,0.0000,28.4916,0.0100
373,1.2438,0.0000,29.1795,0.0100
373,1.2438,0.0000,28.6052,0.0100
373,1.2438,0.0000,32.5670,0.0100
374,775.0801,0.0000,39.3280,0.0100
374,775.0801,0.0000,39.0969,0.0100
374,775.0801,0.0000,39.9598,0.0100
374,775.0801,0.0000,39.0908,0.0100
374,775.0801,0.0000,37.1358,0.0100
374,775.0801,0.0000,36.4338,0.0100
374,775.0801,0.0000,38.7565,0.0100
374,775.0801,0.0000,40.0289,0.0100
375,0.9027,0.0000,43.0886,0.0100
375,0.9027,0.0000,41.8979,0.0100
375,0.9027,0.0000,44.5234,0.0100
375,0.9027,0.0000,44.3941,0.0100
375,0.9027,0.0000,38.3063,0.0100
375,0.9027,0.0000,39.2558,0.0100
375,0.9027,0.0000,40.2391,0.0100
375,0.9027,0.0000,44.0147,0.0100
376,1520.3559,0.0000,11.4562,0.0100
376,1520.3559,0.0000,13.1474,0.0100
376,1520.3559,0.0000,12.1874,0.0100
376,1520.3559,0.0000,12.4998,0.0100
376,1520.3559,0.0000,12.9624,0.0100
376,1520.3559,0.0000,12.2528,0.0100
376,1520.3559,0.0000,15.2496,0.0100
376,1520.3559,0.0000,12.3198,0.0100
377,1.1804,0.0000,16.6109,0.0100
377,1.1804,0.0000,17.7615,0.0100
377,1.1804,0.0000,17.4136,0.0100
377,1.1804,0.0000,17.3473,0.0100
377,1.1804,0.0000,15.1011,0.0100
377,1.1804,0.0000,14.5136,0.0100
377,1.1804,0.0000,19.4139,0.0100
377,1.1804,0.0000,17.8826,0.0100
378,884.7395,0.0000,7.6767,0.0100
378,884.7395,0.0000,9.5272,0.0100
378,884.7395,0.0000,12.2958,0.0100
378,884.7395,0.0000,12.6500,0.0100
378,884.7395,0.0000,10.1532,0.0100
378,884.7395,0.0000,11.3747,0.0100
378,884.7395,0.0000,12.6486,0.0100
378,884.7395,0.0000,9.4869,0.0100
379,0.9935,0.0000,11.4288,0.0100
379,0.9935,0.0000,15.2859,0.0100
379,0.9935,0.0000,17.3940,0.0100
379,0.9935,0.0000,18.4758,0.0100
379,0.9935,0.0000,12.7747,0.0100
379,0.9935,0.0000,13.7067,0.0100
379,0.9935,0.0000,15.0636,0.0100
379,0.9935,0.0000,13.5792,0.0100
380,1730.6980,0.0000,7.5272,0.0100
380,1730.6980,0.0000,9.4024,0.0100
380,1730.6980,0.0000,10.5063,0.0100
380,1730.6980,0.0000,10.8326,0.0100
380,1730.6980,0.0000,8.9283,0.0100
380,1730.6980,0.0000,9.8860,0.0100
380,1730.6980,0.0000,10.1717,0.0100
380,1730.6980,0.0000,9.1244,0.0100
381,1.2064,0.0000,10.6326,0.0100
381,1.2064,0.0000,15.6558,0.0100
381,1.2064,0.0000,16.1170,0.0100
381,1.2064,0.0000,17.2954,0.0100
381,1.2064,0.0000,11.9437,0.0100
381,1.2064,0.0000,13.1873,0.0100
381,1.2064,0.0000,13.2889,0.0100
381,1.2064,0.0000,14.5271,0.0100
382,1106.5670,17.1523,29.3851,0.0100
382,1106.5670,20.7836,29.9536,0.0100
382,1106.5670,20.6815,33.1658,0.0100
382,1106.5670,20.9183,31.8078,0.0100
382,1106.5670,16.4682,29.1767,0.0100
382,1106.5670,16.1554,29.3199,0.0100
382,1106.5670,19.0663,29.5135,0.0100
382,1106.5670,20.1250,31.4854,0.0100
383,1.1565,0.0000,32.8159,0.0100
383,1.1565,0.0000,34.2718,0.0100
383,1.1565,0.0000,38.5390,0.0100
383,1.1565,0.0000,38.7514,0.0100
383,1.1565,0.0000,31.3902,0.0100
383,1.1565,0.0000,32.0738,0.0100
383,1.1565,0.0000,31.7048,0.0100
383,1.1565,0.0000,36.5669,0.0100
384,790.1094,0.0000,40.9410,0.0100
384,790.1094,0.0000,39.7922,0.0100
384,790.1094,0.0000,38.7509,0.0100
384,790.1094,0.0000,39.0500,0.0100
384,790.1094,0.0000,38.2415,0.0100
384,790.1094,0.0000,36.8690,0.0100
384,790.1094,0.0000,40.7602,0.0100
384,790.1094,0.0000,40.7452,0.0100
385,0.9279,0.0000,46.3134,0.0100
385,0.9279,0.0000,43.0501,0.0100
385,0.9279,0.0000,43.2921,0.0100
385,0.9279,0.0000,44.5007,0.0100
385,0.9279,0.0000,39.5857,0.0100
385,0.9279,0.0000,40.8843,0.0100
385,0.9279,0.0000,42.9940,0.0100
385,0.9279,0.0000,44.7778,0.0100
386,1070.6683,0.0000,13.2726,0.0100
386,1070.6683,0.0000,15.3186,0.0100
386,1070.6683,0.0000,14.1209,0.0100
386,1070.6683,0.0000,14.5812,0.0100
386,1070.6683,0.0000,15.5295,0.0100
386,1070.6683,0.0000,14.3950,0.0100
386,1070.6683,0.0000,18.4483,0.0100
386,1070.6683,0.0000,14.1500,0.0100
387,0.5671,0.0000,19.3070,0.0100
387,0.5671,0.0000,19.8120,0.0100
387,0.5671,0.0000,19.2587,0.0100
387,0.5671,0.0000,19.9304,0.0100
387,0.5671,0.0000,17.1104,0.0100
387,0.5671,0.0000,16.5635,0.0100
387,0.5671,0.0000,21.7433,0.0100
387,0.5671,0.0000,20.3062,0.0100
388,2494.5639,0.0000,27.6613,0.0100
388,2494.5639,0.0000,27.5800,0.0100
388,2494.5639,0.0000,29.4967,0.0100
388,2494.5639,0.0000,29.3389,0.0100
388,2494.5639,0.0000,27.4287,0.0100
388,2494.5639,0.0000,27.9507,0.0100
388,2494.5639,0.0000,28.7759,0.0100
388,2494.5639,0.0000,28.5216,0.0100
389,1.2427,0.0000,36.1095,0.0100
389,1.2427,0.0000,34.6752,0.0100
389,1.2427,0.0000,38.2748,0.0100
389,1.2427,0.0000,38.8990,0.0100
389,1.2427,0.0000,33.0199,0.0100
389,1.2427,0.0000,34.3480,0.0100
389,1.2427,0.0000,34.7500,0.0100
389,1.2427,0.0000,36.6514,0.0100
390,1027.4554,0.0000,9.9722,0.0100
390,1027.4554,0.0000,12.4033,0.0100
390,1027.4554,0.0000,11.9283,0.0100
390,1027.4554,0.0000,11.7404,0.0100
390,1027.4554,0.0000,12.7973,0.0100
390,1027.4554,0.0000,12.2449,0.0100
390,1027.4554,0.0000,15.5314,0.0100
390,1027.4554,0.0000,11.5720,0.0100
391,1.0663,0.0000,15.3949,0.0100
391,1.0663,0.0000,18.1016,0.0100
391,1.0663,0.0000,18.7706,0.0100
391,1.0663,0.0000,17.7709,0.0100
391,1.0663,0.0000,15.5037,0.0100
391,1.0663,0.0000,15.0798,0.0100
391,1.0663,0.0000,19.3790,0.0100
391,1.0663,0.0000,17.8384,0.0100
392,1149.5476,19.0286,36.6941,0.0100
392,1149.5476,20.1078,35.8993,0.0100
392,1149.5476,20.0374,35.9795,0.0100
392,1149.5476,18.6657,36.1214,0.0100
392,1149.5476,19.1951,34.7892,0.0100
392,1149.5476,16.2470,34.3331,0.0100
392,1149.5476,19.2171,36.7718,0.0100
392,1149.5476,22.7388,36.6748,0.0100
393,1.1344,0.0000,43.4512,0.0100
393,1.1344,0.0000,40.3837,0.0100
393,1.1344,0.0000,42.4086,0.0100
393,1.1344,0.0000,43.3830,0.0100
393,1.1344,0.0000,37.4127,0.0100
393,1.1344,0.0000,39.3822,0.0100
393,1.1344,0.0000,40.1061,0.0100
393,1.1344,0.0000,42.4649,0.0100
394,847.7318,0.0000,8.7154,0.0100
394,847.7318,0.0000,10.3975,0.0100
394,847.7318,0.0000,15.3567,0.0100
394,847.7318,0.0000,15.5113,0.0100
394,847.7318,0.0000,11.2515,0.0100
394,847.7318,0.0000,13.4174,0.0100
394,847.7318,0.0000,12.8568,0.0100
394,847.7318,0.0000,11.4580,0.0100
395,0.6349,0.0000,11.3580,0.0100
395,0.6349,0.0000,18.2547,0.0100
395,0.6349,0.0000,19.9180,0.0100
395,0.6349,0.0000,21.5421,0.0100
395,0.6349,0.0000,13.5958,0.0100
395,0.6349,0.0000,15.5213,0.0100
395,0.6349,0.0000,14.2185,0.0100
395,0.6349,0.0000,16.5628,0.0100
396,1182.7187,0.0000,30.3065,0.0100
396,1182.7187,0.0000,30.9050,0.0100
396,1182.7187,0.0000,33.9051,0.0100
396,1182.7187,0.0000,32.5213,0.0100
396,1182.7187,0.0000,30.0881,0.0100
396,1182.7187,0.0000,30.3076,0.0100
396,1182.7187,0.0000,30.5729,0.0100
396,1182.7187,0.0000,32.3656,0.0100
397,1.1701,0.0000,33.7797,0.0100
397,1.1701,0.0000,35.1804,0.0100
397,1.1701,0.0000,39.2722,0.0100
397,1.1701,0.0000,39.4921,0.0100
397,1.1701,0.0000,32.3023,0.0100
397,1.1701,0.0000,32.9697,0.0100
397,1.1701,0.0000,32.6786,0.0100
397,1.1701,0.0000,37.4189,0.0100
398,1256.8981,0.0000,28.7116,0.0100
398,1256.8981,0.0000,27.8554,0.0100
398,1256.8981,0.0000,26.7922,0.0100
398,1256.8981,0.0000,28.2135,0.0100
398,1256.8981,0.0000,27.9297,0.0100
398,1256.8981,0.0000,26.9737,0.0100
398,1256.8981,0.0000,30.4377,0.0100
398,1256.8981,0.0000,28.3665,0.0100
399,1.1839,0.0000,35.8013,0.0100
399,1.1839,0.0000,31.8511,0.0100
399,1.1839,0.0000,31.4966,0.0100
399,1.1839,0.0000,33.8921,0.0100
399,1.1839,0.0000,29.7247,0.0100
399,1.1839,0.0000,31.2245,0.0100
399,1.1839,0.0000,34.2680,0.0100
399,1.1839,0.0000,33.2292,0.0100
400,4125.9099,20.9193,15.9984,0.0100
400,4125.9099,26.9653,17.9934,0.0100
400,4125.9099,22.0508,20.4368,0.0100
400,4125.9099,24.1832,19.2049,0.0100
400,4125.9099,21.8010,17.2974,0.0100
400,4125.9099,24.9771,17.8601,0.0100
400,4125.9099,28.8951,16.9907,0.0100
400,4125.9099,22.4900,18.4402,0.0100
401,1.2343,0.0000,17.1800,0.0100
401,1.2343,0.0000,22.7929,0.0100
401,1.2343,0.0000,25.3591,0.0100
401,1.2343,0.0000,25.7415,0.0100
401,1.2343,0.0000,18.5624,0.0100
401,1.2343,0.0000,20.7309,0.0100
401,1.2343,0.0000,17.0939,0.0100
401,1.2343,0.0000,22.7517,0.0100
402,729.9405,0.0000,41.6325,0.0100
402,729.9405,0.0000,42.0077,0.0100
402,729.9405,0.0000,43.7497,0.0100
402,729.9405,0.0000,42.2165,0.0100
402,729.9405,0.0000,39.8151,0.0100
402,729.9405,0.0000,39.3200,0.0100
402,729.9405,0.0000,40.6632,0.0100
402,729.9405,0.0000,43.1434,0.0100
403,0.7896,0.0000,0.0000,0.0100
403,0.7896,0.0000,0.0000,0.0100
403,0.7896,0.0000,48.2369,0.0100
403,0.7896,0.0000,47.8597,0.0100
403,0.7896,0.0000,40.8451,0.0100
403,0.7896,0.0000,41.8943,0.0100
403,0.7896,0.0000,41.8986,0.0100
403,0.7896,0.0000,47.1897,0.0100
404,825.1815,0.0000,8.8545,0.0100
404,825.1815,0.0000,10.5896,0.0100
404,825.1815,0.0000,15.6088,0.0100
404,825.1815,0.0000,15.8197,0.0100
404,825.1815,0.0000,11.5307,0.0100
404,825.1815,0.0000,13.5762,0.0100
404,825.1815,0.0000,13.3264,0.0100
404,825.1815,0.0000,11.4954,0.0100
405,0.4631,0.0000,11.7822,0.0100
405,0.4631,0.0000,18.3054,0.0100
405,0.4631,0.0000,19.4631,0.0100
405,0.4631,0.0000,22.1048,0.0100
405,0.4631,0.0000,14.3984,0.0100
405,0.4631,0.0000,15.6221,0.0100
405,0.4631,0.0000,14.9986,0.0100
405,0.4631,0.0000,16.5856,0.0100
406,1051.3291,0.0000,25.4612,0.0100
406,1051.3291,0.0000,26.7587,0.0100
406,1051.3291,0.0000,31.2289,0.0100
406,1051.3291,0.0000,29.7528,0.0100
406,1051.3291,0.0000,25.8774,0.0100
406,1051.3291,0.0000,27.0658,0.0100
406,1051.3291,0.0000,25.7111,0.0100
406,1051.3291,0.0000,28.4528,0.0100
407,1.1305,0.0000,27.1111,0.0100
407,1.1305,0.0000,31.2995,0.0100
407,1.1305,0.0000,36.1538,0.0100
407,1.1305,0.0000,36.2418,0.0100
407,1.1305,0.0000,27.2832,0.0100
407,1.1305,0.0000,29.1480,0.0100
407,1.1305,0.0000,26.5717,0.0100
407,1.1305,0.0000,32.8433,0.0100
408,875.4888,0.0000,41.2351,0.0100
408,875.4888,0.0000,40.1307,0.0100
408,875.4888,0.0000,39.0362,0.0100
408,875.4888,0.0000,39.4588,0.0100
408,875.4888,0.0000,38.6935,0.0100
408,875.4888,0.0000,37.5213,0.0100
408,875.4888,0.0000,41.0089,0.0100
408,875.4888,0.0000,40.9061,0.0100
409,0.9614,0.0000,47.3882,0.0100
409,0.9614,0.0000,43.9847,0.0100
409,0.9614,0.0000,44.3400,0.0100
409,0.9614,0.0000,45.7103,0.0100
409,0.9614,0.0000,40.4158,0.0100
409,0.9614,0.0000,42.0194,0.0100
409,0.9614,0.0000,43.6996,0.0100
409,0.9614,0.0000,45.7865,0.0100
410,1231.2730,51.7660,20.8910,0.0100
410,1231.2730,55.8756,22.3343,0.0100
410,1231.2730,59.0681,27.0917,0.0100
410,1231.2730,57.1424,25.7715,0.0100
410,1231.2730,52.3758,21.8604,0.0100
410,1231.2730,50.6971,23.4226,0.0100
410,1231.2730,57.3137,21.6040,0.0100
410,1231.2730,54.4361,23.9414,0.0100
411,1.1678,0.0000,22.8121,0.0100
411,1.1678,0.0000,28.0090,0.0100
411,1.1678,0.0000,32.3293,0.0100
411,1.1678,0.0000,32.8041,0.0100
411,1.1678,0.0000,24.0069,0.0100
411,1.1678,0.0000,26.1549,0.0100
411,1.1678,0.0000,22.6915,0.0100
411,1.1678,0.0000,28.9908,0.0100
412,3201.1741,0.0000,20.7802,0.0100
412,3201.1741,0.0000,21.1964,0.0100
412,3201.1741,0.0000,20.4502,0.0100
412,3201.1741,0.0000,21.4257,0.0100
412,3201.1741,0.0000,20.6573,0.0100
412,3201.1741,0.0000,20.5673,0.0100
412,3201.1741,0.0000,23.0793,0.0100
412,3201.1741,0.0000,20.7751,0.0100
413,1.2233,0.0000,27.6232,0.0100
413,1.2233,0.0000,25.0941,0.0100
413,1.2233,0.0000,24.6379,0.0100
413,1.2233,0.0000,26.2550,0.0100
413,1.2233,0.0000,22.5322,0.0100
413,1.2233,0.0000,23.3440,0.0100
413,1.2233,0.0000,28.0052,0.0100
413,1.2233,0.0000,26.2173,0.0100
414,1113.8422,0.0000,32.1427,0.0100
414,1113.8422,0.0000,31.1647,0.0100
414,1113.8422,0.0000,29.7321,0.0100
414,1113.8422,0.0000,31.2093,0.0100
414,1113.8422,0.0000,31.2208,0.0100
414,1113.8422,0.0000,29.8831,0.0100
414,1113.8422,0.0000,33.7256,0.0100
414,1113.8422,0.0000,31.6826,0.0100
415,1.1581,0.0000,39.3749,0.0100
415,1.1581,0.0000,35.0527,0.0100
415,1.1581,0.0000,34.5888,0.0100
415,1.1581,0.0000,37.0018,0.0100
415,1.1581,0.0000,32.8506,0.0100
415,1.1581,0.0000,34.1942,0.0100
415,1.1581,0.0000,37.2444,0.0100
415,1.1581,0.0000,36.5565,0.0100
416,981.1339,0.0000,16.8678,0.0100
416,981.1339,0.0000,18.1251,0.0100
416,981.1339,0.0000,16.8905,0.0100
416,981.1339,0.0000,17.1905,0.0100
416,981.1339,0.0000,19.0987,0.0100
416,981.1339,0.0000,17.2640,0.0100
416,981.1339,0.0000,21.8451,0.0100
416,981.1339,0.0000,17.1945,0.0100
417,1.0581,0.0000,22.8797,0.0100
417,1.0581,0.0000,22.3321,0.0100
417,1.0581,0.0000,21.8049,0.0100
417,1.0581,0.0000,22.1178,0.0100
417,1.0581,0.0000,20.2170,0.0100
417,1.0581,0.0000,19.0831,0.0100
417,1.0581,0.0000,26.0994,0.0100
417,1.0581,0.0000,22.5728,0.0100
418,755.2444,46.2997,45.6747,0.0100
418,755.2444,48.1094,45.3642,0.0100
418,755.2444,48.1852,45.6010,0.0100
418,755.2444,47.9296,44.8577,0.0100
418,755.2444,50.8058,43.1228,0.0100
418,755.2444,45.4148,42.2334,0.0100
418,755.2444,50.7749,44.6885,0.0100
418,755.2444,48.7178,45.9776,0.0100
419,0.7596,0.0000,48.7964,0.0100
419,0.7596,0.0000,47.5758,0.0100
419,0.7596,0.0000,50.3601,0.0100
419,0.7596,0.0000,50.2988,0.0100
419,0.7596,0.0000,44.0336,0.0100
419,0.7596,0.0000,45.3898,0.0100
419,0.7596,0.0000,45.5614,0.0100
419,0.7596,0.0000,49.6737,0.0100
420,1138.9056,0.0000,14.7626,0.0100
420,1138.9056,0.0000,16.8712,0.0100
420,1138.9056,0.0000,15.3802,0.0100
420,1138.9056,0.0000,15.7136,0.0100
420,1138.9056,0.0000,16.9742,0.0100
420,1138.9056,0.0000,15.6005,0.0100
420,1138.9056,0.0000,19.8289,0.0100
420,1138.9056,0.0000,15.4854,0.0100
421,0.5556,0.0000,21.5617,0.0100
421,0.5556,0.0000,21.9227,0.0100
421,0.5556,0.0000,21.1049,0.0100
421,0.5556,0.0000,21.4983,0.0100
421,0.5556,0.0000,18.9120,0.0100
421,0.5556,0.0000,17.9932,0.0100
421,0.5556,0.0000,23.5700,0.0100
421,0.5556,0.0000,22.2896,0.0100
422,1875.2885,0.0000,10.6170,0.0100
422,1875.2885,0.0000,13.1392,0.0100
422,1875.2885,0.0000,12.6228,0.0100
422,1875.2885,0.0000,12.6131,0.0100
422,1875.2885,0.0000,12.3289,0.0100
422,1875.2885,0.0000,12.3358,0.0100
422,1875.2885,0.0000,14.1611,0.0100
422,1875.2885,0.0000,12.1050,0.0100
423,1.2135,0.0000,15.5776,0.0100
423,1.2135,0.0000,19.1845,0.0100
423,1.2135,0.0000,18.9416,0.0100
423,1.2135,0.0000,18.2790,0.0100
423,1.2135,0.0000,15.3848,0.0100
423,1.2135,0.0000,15.2021,0.0100
423,1.2135,0.0000,18.0554,0.0100
423,1.2135,0.0000,18.0823,0.0100
424,1286.2592,0.0000,38.3106,0.0100
424,1286.2592,0.0000,37.3934,0.0100
424,1286.2592,0.0000,36.9707,0.0100
424,1286.2592,0.0000,37.5236,0.0100
424,1286.2592,0.0000,36.3669,0.0100
424,1286.2592,0.0000,36.0616,0.0100
424,1286.2592,0.0000,38.4080,0.0100
424,1286.2592,0.0000,37.9789,0.0100
425,1.1779,0.0000,46.1396,0.0100
425,1.1779,0.0000,42.5413,0.0100
425,1.1779,0.0000,44.0906,0.0100
425,1.1779,0.0000,45.4833,0.0100
425,1.1779,0.0000,39.7451,0.0100
425,1.1779,0.0000,41.9023,0.0100
425,1.1779,0.0000,42.5320,0.0100
425,1.1779,0.0000,44.5511,0.0100
426,817.4077,0.0000,9.6293,0.0100
426,817.4077,0.0000,11.1304,0.0100
426,817.4077,0.0000,16.4536,0.0100
426,817.4077,0.0000,16.7446,0.0100
426,817.4077,0.0000,12.3954,0.0100
426,817.4077,0.0000,14.5424,0.0100
426,817.4077,0.0000,14.7380,0.0100
426,817.4077,0.0000,12.0450,0.0100
427,0.8592,0.0000,13.1057,0.0100
427,0.8592,0.0000,18.7713,0.0100
427,0.8592,0.0000,21.4349,0.0100
427,0.8592,0.0000,24.0440,0.0100
427,0.8592,0.0000,15.3231,0.0100
427,0.8592,0.0000,17.0976,0.0100
427,0.8592,0.0000,17.0869,0.0100
427,0.8592,0.0000,17.2213,0.0100
428,1003.9647,39.9666,16.6417,0.0100
428,1003.9647,42.6774,18.1216,0.0100
428,1003.9647,43.5509,16.8228,0.0100
428,1003.9647,46.8393,17.1528,0.0100
428,1003.9647,40.4031,19.0232,0.0100
428,1003.9647,41.6122,17.2819,0.0100
428,1003.9647,41.3479,21.8330,0.0100
428,1003.9647,35.2661,17.0411,0.0100
429,1.0982,0.0000,23.2675,0.0100
429,1.0982,0.0000,0.0000,0.0100
429,1.0982,0.0000,22.5351,0.0100
429,1.0982,0.0000,22.5976,0.0100
429,1.0982,0.0000,20.8792,0.0100
429,1.0982,0.0000,0.0000,0.0100
429,1.0982,0.0000,26.7560,0.0100
429,1.0982,0.0000,23.2086,0.0100
430,892.5851,0.0000,39.6422,0.0100
430,892.5851,0.0000,40.3192,0.0100
430,892.5851,0.0000,43.0173,0.0100
430,892.5851,0.0000,41.2876,0.0100
430,892.5851,0.0000,38.5161,0.0100
430,892.5851,0.0000,38.6769,0.0100
430,892.5851,0.0000,39.0071,0.0100
430,892.5851,0.0000,41.6245,0.0100
431,1.0238,0.0000,42.8523,0.0100
431,1.0238,0.0000,44.1897,0.0100
431,1.0238,0.0000,47.9323,0.0100
431,1.0238,0.0000,47.7774,0.0100
431,1.0238,0.0000,40.3009,0.0100
431,1.0238,0.0000,41.1981,0.0100
431,1.0238,0.0000,40.6171,0.0100
431,1.0238,0.0000,46.3917,0.0100
432,1296.3042,0.0000,9.3538,0.0100
432,1296.3042,0.0000,11.1248,0.0100
432,1296.3042,0.0000,14.1675,0.0100
432,1296.3042,0.0000,14.4298,0.0100
432,1296.3042,0.0000,11.1640,0.0100
432,1296.3042,0.0000,13.0015,0.0100
432,1296.3042,0.0000,12.6177,0.0100
432,1296.3042,0.0000,11.2640,0.0100
433,1.1474,0.0000,12.6206,0.0100
433,1.1474,0.0000,18.7182,0.0100
433,1.1474,0.0000,19.6542,0.0100
433,1.1474,0.0000,22.0098,0.0100
433,1.1474,0.0000,14.7821,0.0100
433,1.1474,0.0000,16.3923,0.0100
433,1.1474,0.0000,16.0430,0.0100
433,1.1474,0.0000,17.4311,0.0100
434,2904.0565,0.0000,32.7697,0.0100
434,2904.0565,0.0000,32.1871,0.0100
434,2904.0565,0.0000,33.0974,0.0100
434,2904.0565,0.0000,33.7770,0.0100
434,2904.0565,0.0000,31.8128,0.0100
434,2904.0565,0.0000,32.6224,0.0100
434,2904.0565,0.0000,33.6561,0.0100
434,2904.0565,0.0000,32.7853,0.0100
435,1.2365,0.0000,44.3178,0.0100
435,1.2365,0.0000,41.0331,0.0100
435,1.2365,0.0000,44.1295,0.0100
435,1.2365,0.0000,45.1079,0.0100
435,1.2365,0.0000,38.9480,0.0100
435,1.2365,0.0000,41.5611,0.0100
435,1.2365,0.0000,41.4961,0.0100
435,1.2365,0.0000,43.1192,0.0100
436,1185.1273,37.2124,38.0811,0.0100
436,1185.1273,40.4912,37.0690,0.0100
436,1185.1273,37.8578,38.1014,0.0100
436,1185.1273,33.8586,39.2166,0.0100
436,1185.1273,32.8496,37.3022,0.0100
436,1185.1273,29.4923,36.7162,0.0100
436,1185.1273,29.3933,39.6120,0.0100
436,1185.1273,34.7851,38.6037,0.0100
437,1.0903,0.0000,47.3361,0.0100
437,1.0903,0.0000,43.4578,0.0100
437,1.0903,0.0000,45.6763,0.0100
437,1.0903,0.0000,47.1529,0.0100
437,1.0903,0.0000,40.0607,0.0100
437,1.0903,0.0000,43.8631,0.0100
437,1.0903,0.0000,43.2659,0.0100
437,1.0903,0.0000,45.8825,0.0100
438,1185.4723,0.0000,10.2664,0.0100
438,1185.4723,0.0000,13.1413,0.0100
438,1185.4723,0.0000,13.2629,0.0100
438,1185.4723,0.0000,13.1730,0.0100
438,1185.4723,0.0000,13.2471,0.0100
438,1185.4723,0.0000,13.3089,0.0100
438,1185.4723,0.0000,15.6981,0.0100
438,1185.4723,0.0000,11.9926,0.0100
439,1.1564,0.0000,15.7803,0.0100
439,1.1564,0.0000,19.9035,0.0100
439,1.1564,0.0000,20.5415,0.0100
439,1.1564,0.0000,19.7768,0.0100
439,1.1564,0.0000,16.9361,0.0100
439,1.1564,0.0000,17.1119,0.0100
439,1.1564,0.0000,19.7812,0.0100
439,1.1564,0.0000,18.8251,0.0100
440,727.7330,0.0000,50.0047,0.0100
440,727.7330,0.0000,49.9979,0.0100
440,727.7330,0.0000,50.6320,0.0100
440,727.7330,0.0000,49.3987,0.0100
440,727.7330,0.0000,47.2675,0.0100
440,727.7330,0.0000,46.6859,0.0100
440,727.7330,0.0000,48.6656,0.0100
440,727.7330,0.0000,50.6739,0.0100
441,0.8569,0.0000,53.7436,0.0100
441,0.8569,0.0000,53.2066,0.0100
441,0.8569,0.0000,55.2844,0.0100
441,0.8569,0.0000,55.0093,0.0100
441,0.8569,0.0000,48.5595,0.0100
441,0.8569,0.0000,49.4309,0.0100
441,0.8569,0.0000,49.9212,0.0100
441,0.8569,0.0000,54.9490,0.0100
442,1433.0051,0.0000,17.3147,0.0100
442,1433.0051,0.0000,19.5091,0.0100
442,1433.0051,0.0000,18.0275,0.0100
442,1433.0051,0.0000,18.4871,0.0100
442,1433.0051,0.0000,19.2589,0.0100
442,1433.0051,0.0000,18.2208,0.0100
442,1433.0051,0.0000,21.7490,0.0100
442,1433.0051,0.0000,18.0959,0.0100
443,1.2768,0.0000,28.7391,0.0100
443,1.2768,0.0000,28.5943,0.0100
443,1.2768,0.0000,26.9169,0.0100
443,1.2768,0.0000,26.9662,0.0100
443,1.2768,0.0000,24.0319,0.0100
443,1.2768,0.0000,23.3079,0.0100
443,1.2768,0.0000,29.3659,0.0100
443,1.2768,0.0000,28.8336,0.0100
444,1155.3339,0.0000,9.0684,0.0100
444,1155.3339,0.0000,11.5144,0.0100
444,1155.3339,0.0000,13.3798,0.0100
444,1155.3339,0.0000,13.7836,0.0100
444,1155.3339,0.0000,11.6762,0.0100
444,1155.3339,0.0000,12.7241,0.0100
444,1155.3339,0.0000,13.8145,0.0100
444,1155.3339,0.0000,10.9185,0.0100
445,1.1244,0.0000,14.4644,0.0100
445,1.1244,0.0000,19.2331,0.0100
445,1.1244,0.0000,20.2132,0.0100
445,1.1244,0.0000,21.5158,0.0100
445,1.1244,0.0000,15.5214,0.0100
445,1.1244,0.0000,16.8361,0.0100
445,1.1244,0.0000,17.5769,0.0100
445,1.1244,0.0000,17.7426,0.0100
446,743.8825,0.0000,48.8555,0.0100
446,743.8825,0.0000,47.5109,0.0100
446,743.8825,0.0000,44.7555,0.0100
446,743.8825,0.0000,45.6212,0.0100
446,743.8825,0.0000,45.9086,0.0100
446,743.8825,0.0000,43.8721,0.0100
446,743.8825,0.0000,48.6737,0.0100
446,743.8825,0.0000,48.0723,0.0100
447,0.8026,0.0000,55.5222,0.0100
447,0.8026,0.0000,51.2264,0.0100
447,0.8026,0.0000,49.8578,0.0100
447,0.8026,0.0000,51.8612,0.0100
447,0.8026,0.0000,47.1589,0.0100
447,0.8026,0.0000,48.5116,0.0100
447,0.8026,0.0000,51.5048,0.0100
447,0.8026,0.0000,53.0044,0.0100
448,800.3562,0.0000,49.6526,0.0100
448,800.3562,0.0000,48.4217,0.0100
448,800.3562,0.0000,46.5402,0.0100
448,800.3562,0.0000,46.9974,0.0100
448,800.3562,0.0000,46.3134,0.0100
448,800.3562,0.0000,45.0130,0.0100
448,800.3562,0.0000,48.8629,0.0100
448,800.3562,0.0000,48.9735,0.0100
449,0.8924,0.0000,56.1026,0.0100
449,0.8924,0.0000,52.4672,0.0100
449,0.8924,0.0000,52.0108,0.0100
449,0.8924,0.0000,53.3644,0.0100
449,0.8924,0.0000,48.1472,0.0100
449,0.8924,0.0000,49.6967,0.0100
449,0.8924,0.0000,51.3769,0.0100
449,0.8924,0.0000,54.1659,0.0100
450,804.0086,32.5324,51.7410,0.0100
450,804.0086,27.2768,50.7965,0.0100
450,804.0086,24.9768,49.7689,0.0100
450,804.0086,30.8524,49.6726,0.0100
450,804.0086,28.4286,48.3060,0.0100
450,804.0086,23.4505,47.3952,0.0100
450,804.0086,27.9420,50.6006,0.0100
450,804.0086,26.8257,51.2716,0.0100
451,0.9486,0.0000,57.7436,0.0100
451,0.9486,0.0000,54.9563,0.0100
451,0.9486,0.0000,55.3503,0.0100
451,0.9486,0.0000,55.9817,0.0100
451,0.9486,0.0000,50.6829,0.0100
451,0.9486,0.0000,51.8320,0.0100
451,0.9486,0.0000,52.8452,0.0100
451,0.9486,0.0000,56.5247,0.0100
452,4132.7840,0.0000,13.8776,0.0100
452,4132.7840,0.0000,16.3194,0.0100
452,4132.7840,0.0000,16.0361,0.0100
452,4132.7840,0.0000,15.3615,0.0100
452,4132.7840,0.0000,14.6534,0.0100
452,4132.7840,0.0000,14.9229,0.0100
452,4132.7840,0.0000,15.7089,0.0100
452,4132.7840,0.0000,15.5577,0.0100
453,1.2414,0.0000,15.2672,0.0100
453,1.2414,0.0000,20.3104,0.0100
453,1.2414,0.0000,19.8154,0.0100
453,1.2414,0.0000,20.0346,0.0100
453,1.2414,0.0000,15.5844,0.0100
453,1.2414,0.0000,16.3838,0.0100
453,1.2414,0.0000,17.2701,0.0100
453,1.2414,0.0000,18.7781,0.0100
454,1286.6803,0.0000,43.1979,0.0100
454,1286.6803,0.0000,42.3766,0.0100
454,1286.6803,0.0000,41.8549,0.0100
454,1286.6803,0.0000,42.4619,0.0100
454,1286.6803,0.0000,41.0415,0.0100
454,1286.6803,0.0000,40.8592,0.0100
454,1286.6803,0.0000,43.1001,0.0100
454,1286.6803,0.0000,42.8506,0.0100
455,1.1875,0.0000,51.5123,0.0100
455,1.1875,0.0000,47.9112,0.0100
455,1.1875,0.0000,49.6089,0.0100
455,1.1875,0.0000,50.9228,0.0100
455,1.1875,0.0000,44.6217,0.0100
455,1.1875,0.0000,46.9830,0.0100
455,1.1875,0.0000,47.3285,0.0100
455,1.1875,0.0000,50.0288,0.0100
456,1248.3410,26.8129,16.3359,0.0100
456,1248.3410,33.5547,18.7669,0.0100
456,1248.3410,29.9525,17.4062,0.0100
456,1248.3410,23.8176,17.8167,0.0100
456,1248.3410,26.6450,19.0203,0.0100
456,1248.3410,23.5719,17.9389,0.0100
456,1248.3410,28.4481,21.9338,0.0100
456,1248.3410,35.2703,17.4365,0.0100
457,1.0329,0.0000,20.5768,0.0100
457,1.0329,0.0000,22.4106,0.0100
457,1.0329,0.0000,22.8787,0.0100
457,1.0329,0.0000,22.4145,0.0100
457,1.0329,0.0000,19.4556,0.0100
457,1.0329,0.0000,19.6456,0.0100
457,1.0329,0.0000,24.0718,0.0100
457,1.0329,0.0000,22.4723,0.0100
458,997.8993,0.0000,10.0579,0.0100
458,997.8993,0.0000,12.1790,0.0100
458,997.8993,0.0000,15.9395,0.0100
458,997.8993,0.0000,16.2761,0.0100
458,997.8993,0.0000,12.8156,0.0100
458,997.8993,0.0000,14.6373,0.0100
458,997.8993,0.0000,15.4360,0.0100
458,997.8993,0.0000,12.3547,0.0100
459,1.0350,0.0000,15.2608,0.0100
459,1.0350,0.0000,20.6303,0.0100
459,1.0350,0.0000,22.5641,0.0100
459,1.0350,0.0000,24.6810,0.0100
459,1.0350,0.0000,16.9376,0.0100
459,1.0350,0.0000,18.6578,0.0100
459,1.0350,0.0000,19.1790,0.0100
459,1.0350,0.0000,18.8627,0.0100
460,1355.7154,0.0000,20.5948,0.0100
460,1355.7154,0.0000,22.0298,0.0100
460,1355.7154,0.0000,20.3152,0.0100
460,1355.7154,0.0000,21.0093,0.0100
460,1355.7154,0.0000,22.2873,0.0100
460,1355.7154,0.0000,20.8240,0.0100
460,1355.7154,0.0000,24.8536,0.0100
460,1355.7154,0.0000,20.8072,0.0100
461,1.1566,0.0000,27.7698,0.0100
461,1.1566,0.0000,26.4828,0.0100
461,1.1566,0.0000,25.6986,0.0100
461,1.1566,0.0000,26.4300,0.0100
461,1.1566,0.0000,23.8351,0.0100
461,1.1566,0.0000,23.2437,0.0100
461,1.1566,0.0000,30.0945,0.0100
461,1.1566,0.0000,27.1385,0.0100
462,1269.3497,0.0000,42.8903,0.0100
462,1269.3497,0.0000,41.7121,0.0100
462,1269.3497,0.0000,40.4984,0.0100
462,1269.3497,0.0000,41.7015,0.0100
462,1269.3497,0.0000,40.8048,0.0100
462,1269.3497,0.0000,40.2341,0.0100
462,1269.3497,0.0000,43.2528,0.0100
462,1269.3497,0.0000,42.0406,0.0100
463,1.0056,0.0000,51.2103,0.0100
463,1.0056,0.0000,47.0770,0.0100
463,1.0056,0.0000,48.7871,0.0100
463,1.0056,0.0000,50.5224,0.0100
463,1.0056,0.0000,43.5093,0.0100
463,1.0056,0.0000,47.1407,0.0100
463,1.0056,0.0000,46.8652,0.0100
463,1.0056,0.0000,49.3388,0.0100
464,794.5026,0.0000,14.6206,0.0100
464,794.5026,0.0000,17.8440,0.0100
464,794.5026,0.0000,17.8567,0.0100
464,794.5026,0.0000,16.8031,0.0100
464,794.5026,0.0000,19.5650,0.0100
464,794.5026,0.0000,18.4208,0.0100
464,794.5026,0.0000,22.9300,0.0100
464,794.5026,0.0000,16.5597,0.0100
465,0.8923,0.0000,19.5701,0.0100
465,0.8923,0.0000,23.3005,0.0100
465,0.8923,0.0000,24.8261,0.0100
465,0.8923,0.0000,22.3996,0.0100
465,0.8923,0.0000,21.3732,0.0100
465,0.8923,0.0000,20.7249,0.0100
465,0.8923,0.0000,26.4215,0.0100
465,0.8923,0.0000,22.4094,0.0100
466,907.8585,0.0000,48.6168,0.0100
466,907.8585,0.0000,47.3730,0.0100
466,907.8585,0.0000,45.1841,0.0100
466,907.8585,0.0000,46.2097,0.0100
466,907.8585,0.0000,45.9412,0.0100
466,907.8585,0.0000,44.4921,0.0100
466,907.8585,0.0000,48.5358,0.0100
466,907.8585,0.0000,47.8715,0.0100
467,1.0430,0.0000,56.0241,0.0100
467,1.0430,0.0000,51.5986,0.0100
467,1.0430,0.0000,51.0236,0.0100
467,1.0430,0.0000,53.2049,0.0100
467,1.0430,0.0000,48.0564,0.0100
467,1.0430,0.0000,49.7163,0.0100
467,1.0430,0.0000,51.9760,0.0100
467,1.0430,0.0000,53.5021,0.0100
468,1012.0689,28.4304,32.4300,0.0100
468,1012.0689,38.0256,33.8966,0.0100
468,1012.0689,32.0532,39.0713,0.0100
468,1012.0689,23.3531,37.4319,0.0100
468,1012.0689,32.4603,32.8239,0.0100
468,1012.0689,29.1895,34.3568,0.0100
468,1012.0689,42.8785,32.4015,0.0100
468,1012.0689,32.5309,35.8285,0.0100
469,1.1178,0.0000,34.0169,0.0100
469,1.1178,0.0000,38.9280,0.0100
469,1.1178,0.0000,44.2731,0.0100
469,1.1178,0.0000,44.4677,0.0100
469,1.1178,0.0000,34.5238,0.0100
469,1.1178,0.0000,36.6201,0.0100
469,1.1178,0.0000,33.1749,0.0100
469,1.1178,0.0000,40.9063,0.0100
470,2015.7173,0.0000,16.6545,0.0100
470,2015.7173,0.0000,19.1228,0.0100
470,2015.7173,0.0000,17.8113,0.0100
470,2015.7173,0.0000,17.9110,0.0100
470,2015.7173,0.0000,18.3188,0.0100
470,2015.7173,0.0000,17.6192,0.0100
470,2015.7173,0.0000,20.5488,0.0100
470,2015.7173,0.0000,17.6749,0.0100
471,1.2034,0.0000,22.5582,0.0100
471,1.2034,0.0000,24.1208,0.0100
471,1.2034,0.0000,23.3448,0.0100
471,1.2034,0.0000,23.1887,0.0100
471,1.2034,0.0000,20.7701,0.0100
471,1.2034,0.0000,20.0137,0.0100
471,1.2034,0.0000,25.1707,0.0100
471,1.2034,0.0000,24.0756,0.0100
472,1099.4723,0.0000,16.7030,0.0100
472,1099.4723,0.0000,19.0837,0.0100
472,1099.4723,0.0000,17.8403,0.0100
472,1099.4723,0.0000,18.0033,0.0100
472,1099.4723,0.0000,19.6664,0.0100
472,1099.4723,0.0000,18.2788,0.0100
472,1099.4723,0.0000,22.8207,0.0100
472,1099.4723,0.0000,17.6987,0.0100
473,1.0011,0.0000,21.3524,0.0100
473,1.0011,0.0000,23.6980,0.0100
473,1.0011,0.0000,24.4091,0.0100
473,1.0011,0.0000,23.0354,0.0100
473,1.0011,0.0000,20.3714,0.0100
473,1.0011,0.0000,20.2624,0.0100
473,1.0011,0.0000,25.5916,0.0100
473,1.0011,0.0000,23.2513,0.0100
474,1243.3058,0.0000,10.0562,0.0100
474,1243.3058,0.0000,12.7301,0.0100
474,1243.3058,0.0000,14.1826,0.0100
474,1243.3058,0.0000,14.4306,0.0100
474,1243.3058,0.0000,12.4805,0.0100
474,1243.3058,0.0000,13.6787,0.0100
474,1243.3058,0.0000,14.9288,0.0100
474,1243.3058,0.0000,12.1176,0.0100
475,1.1307,0.0000,16.2217,0.0100
475,1.1307,0.0000,21.2715,0.0100
475,1.1307,0.0000,21.9345,0.0100
475,1.1307,0.0000,23.0099,0.0100
475,1.1307,0.0000,17.0844,0.0100
475,1.1307,0.0000,18.6731,0.0100
475,1.1307,0.0000,19.2555,0.0100
475,1.1307,0.0000,19.7517,0.0100
476,839.3662,0.0000,42.5728,0.0100
476,839.3662,0.0000,43.7372,0.0100
476,839.3662,0.0000,47.5040,0.0100
476,839.3662,0.0000,45.5959,0.0100
476,839.3662,0.0000,41.7163,0.0100
476,839.3662,0.0000,42.5911,0.0100
476,839.3662,0.0000,41.6531,0.0100
476,839.3662,0.0000,45.3411,0.0100
477,0.7610,0.0000,46.5380,0.0100
477,0.7610,0.0000,49.6310,0.0100
477,0.7610,0.0000,52.6340,0.0100
477,0.7610,0.0000,52.4309,0.0100
477,0.7610,0.0000,44.7170,0.0100
477,0.7610,0.0000,45.3899,0.0100
477,0.7610,0.0000,44.1930,0.0100
477,0.7610,0.0000,51.4529,0.0100
478,768.5013,32.5312,52.9074,0.0100
478,768.5013,25.9260,53.2106,0.0100
478,768.5013,23.1768,54.4116,0.0100
478,768.5013,45.0529,53.1011,0.0100
478,768.5013,34.6311,50.6076,0.0100
478,768.5013,22.4433,50.1804,0.0100
478,768.5013,36.5171,51.5572,0.0100
478,768.5013,41.0223,53.9532,0.0100
479,0.8973,0.0000,56.9049,0.0100
479,0.8973,0.0000,57.1393,0.0100
479,0.8973,0.0000,59.4536,0.0100
479,0.8973,0.0000,59.6193,0.0100
479,0.8973,0.0000,52.3879,0.0100
479,0.8973,0.0000,53.3163,0.0100
479,0.8973,0.0000,52.9780,0.0100
479,0.8973,0.0000,58.8752,0.0100
480,977.6248,0.0000,49.3508,0.0100
480,977.6248,0.0000,48.2117,0.0100
480,977.6248,0.0000,46.2096,0.0100
480,977.6248,0.0000,47.3807,0.0100
480,977.6248,0.0000,47.0385,0.0100
480,977.6248,0.0000,45.7304,0.0100
480,977.6248,0.0000,49.2644,0.0100
480,977.6248,0.0000,48.6329,0.0100
481,1.1062,0.0000,57.0561,0.0100
481,1.1062,0.0000,52.5169,0.0100
481,1.1062,0.0000,52.3401,0.0100
481,1.1062,0.0000,54.6281,0.0100
481,1.1062,0.0000,49.4159,0.0100
481,1.1062,0.0000,50.9915,0.0100
481,1.1062,0.0000,52.7740,0.0100
481,1.1062,0.0000,54.5181,0.0100
482,665.2576,0.0000,13.7573,0.0100
482,665.2576,0.0000,15.0916,0.0100
482,665.2576,0.0000,22.7548,0.0100
482,665.2576,0.0000,22.6819,0.0100
482,665.2576,0.0000,17.7915,0.0100
482,665.2576,0.0000,20.2596,0.0100
482,665.2576,0.0000,21.8151,0.0100
482,665.2576,0.0000,16.3479,0.0100
483,0.6473,0.0000,17.2991,0.0100
483,0.6473,0.0000,22.6495,0.0100
483,0.6473,0.0000,27.2539,0.0100
483,0.6473,0.0000,29.5329,0.0100
483,0.6473,0.0000,19.3944,0.0100
483,0.6473,0.0000,21.9844,0.0100
483,0.6473,0.0000,22.6869,0.0100
483,0.6473,0.0000,20.2248,0.0100
484,1051.9815,0.0000,44.4011,0.0100
484,1051.9815,0.0000,45.0430,0.0100
484,1051.9815,0.0000,47.5434,0.0100
484,1051.9815,0.0000,46.1904,0.0100
484,1051.9815,0.0000,43.5347,0.0100
484,1051.9815,0.0000,43.8093,0.0100
484,1051.9815,0.0000,44.0805,0.0100
484,1051.9815,0.0000,46.0976,0.0100
485,1.1498,0.0000,48.7658,0.0100
485,1.1498,0.0000,49.6064,0.0100
485,1.1498,0.0000,53.1434,0.0100
485,1.1498,0.0000,53.6529,0.0100
485,1.1498,0.0000,46.1404,0.0100
485,1.1498,0.0000,46.7615,0.0100
485,1.1498,0.0000,46.0077,0.0100
485,1.1498,0.0000,51.8168,0.0100
486,2765.7053,0.0000,38.2779,0.0100
486,2765.7053,0.0000,37.6712,0.0100
486,2765.7053,0.0000,38.1610,0.0100
486,2765.7053,0.0000,39.3849,0.0100
486,2765.7053,0.0000,37.4429,0.0100
486,2765.7053,0.0000,38.2527,0.0100
486,2765.7053,0.0000,39.3243,0.0100
486,2765.7053,0.0000,38.2839,0.0100
487,1.2270,0.0000,51.6209,0.0100
487,1.2270,0.0000,47.6750,0.0100
487,1.2270,0.0000,50.3589,0.0100
487,1.2270,0.0000,52.0546,0.0100
487,1.2270,0.0000,45.5768,0.0100
487,1.2270,0.0000,48.3850,0.0100
487,1.2270,0.0000,48.0108,0.0100
487,1.2270,0.0000,50.0669,0.0100
488,963.6414,32.5196,51.1161,0.0100
488,963.6414,35.4372,50.6707,0.0100
488,963.6414,35.2687,50.7192,0.0100
488,963.6414,33.8120,50.7491,0.0100
488,963.6414,35.0174,49.2017,0.0100
488,963.6414,29.0151,48.5533,0.0100
488,963.6414,39.5221,50.6765,0.0100
488,963.6414,31.1001,51.1031,0.0100
489,0.9225,0.0000,52.8847,0.0100
489,0.9225,0.0000,49.6142,0.0100
489,0.9225,0.0000,52.3469,0.0100
489,0.9225,0.0000,53.9111,0.0100
489,0.9225,0.0000,48.2656,0.0100
489,0.9225,0.0000,48.9673,0.0100
489,0.9225,0.0000,49.4810,0.0100
489,0.9225,0.0000,51.7033,0.0100
490,3236.2228,0.0000,31.4070,0.0100
490,3236.2228,0.0000,31.3877,0.0100
490,3236.2228,0.0000,30.7471,0.0100
490,3236.2228,0.0000,32.3572,0.0100
490,3236.2228,0.0000,31.0871,0.0100
490,3236.2228,0.0000,31.1157,0.0100
490,3236.2228,0.0000,33.4806,0.0100
490,3236.2228,0.0000,31.1487,0.0100
491,1.2296,0.0000,42.2316,0.0100
491,1.2296,0.0000,38.2487,0.0100
491,1.2296,0.0000,38.1131,0.0100
491,1.2296,0.0000,40.2361,0.0100
491,1.2296,0.0000,35.8406,0.0100
491,1.2296,0.0000,37.6020,0.0100
491,1.2296,0.0000,40.3925,0.0100
491,1.2296,0.0000,39.6472,0.0100
492,5288.7417,38.5688,26.0044,0.0100
492,5288.7417,43.6831,26.9971,0.0100
492,5288.7417,42.3172,26.2381,0.0100
492,5288.7417,31.4018,27.1619,0.0100
492,5288.7417,39.5091,26.1862,0.0100
492,5288.7417,30.3384,26.2008,0.0100
492,5288.7417,40.7376,28.5656,0.0100
492,5288.7417,29.3922,26.2745,0.0100
493,1.2313,0.0000,33.6695,0.0100
493,1.2313,0.0000,31.1846,0.0100
493,1.2313,0.0000,30.6437,0.0100
493,1.2313,0.0000,32.2202,0.0100
493,1.2313,0.0000,28.7373,0.0100
493,1.2313,0.0000,29.2566,0.0100
493,1.2313,0.0000,34.2384,0.0100
493,1.2313,0.0000,32.4236,0.0100
494,980.7531,0.0000,12.6376,0.0100
494,980.7531,0.0000,15.9276,0.0100
494,980.7531,0.0000,16.6235,0.0100
494,980.7531,0.0000,16.2641,0.0100
494,980.7531,0.0000,16.9268,0.0100
494,980.7531,0.0000,16.9096,0.0100
494,980.7531,0.0000,19.8460,0.0100
494,980.7531,0.0000,14.6614,0.0100
495,1.0578,0.0000,19.1298,0.0100
495,1.0578,0.0000,22.6198,0.0100
495,1.0578,0.0000,24.1743,0.0100
495,1.0578,0.0000,22.9819,0.0100
495,1.0578,0.0000,20.3225,0.0100
495,1.0578,0.0000,21.1655,0.0100
495,1.0578,0.0000,23.7222,0.0100
495,1.0578,0.0000,21.3949,0.0100
496,4037.2274,59.5785,18.9376,0.0100
496,4037.2274,65.6085,21.1157,0.0100
496,4037.2274,67.6056,23.3101,0.0100
496,4037.2274,65.1775,21.9673,0.0100
496,4037.2274,57.8550,20.3699,0.0100
496,4037.2274,64.4039,20.8742,0.0100
496,4037.2274,62.9313,19.7854,0.0100
496,4037.2274,71.7976,21.5014,0.0100
497,1.2442,0.0000,18.9158,0.0100
497,1.2442,0.0000,25.5130,0.0100
497,1.2442,0.0000,26.9414,0.0100
497,1.2442,0.0000,28.0283,0.0100
497,1.2442,0.0000,20.8781,0.0100
497,1.2442,0.0000,22.7351,0.0100
497,1.2442,0.0000,19.3169,0.0100
497,1.2442,0.0000,24.9301,0.0100
498,785.9665,0.0000,55.5784,0.0100
498,785.9665,0.0000,54.5612,0.0100
498,785.9665,0.0000,52.1535,0.0100
498,785.9665,0.0000,53.0931,0.0100
498,785.9665,0.0000,53.2846,0.0100
498,785.9665,0.0000,51.3005,0.0100
498,785.9665,0.0000,55.1532,0.0100
498,785.9665,0.0000,55.3153,0.0100
499,0.8665,0.0000,62.0994,0.0100
499,0.8665,0.0000,58.2578,0.0100
499,0.8665,0.0000,57.2817,0.0100
499,0.8665,0.0000,59.4018,0.0100
499,0.8665,0.0000,54.7745,0.0100
499,0.8665,0.0000,55.4991,0.0100
499,0.8665,0.0000,57.2209,0.0100
499,0.8665,0.0000,60.4690,0.0100
500,2500.2678,0.0000,13.5377,0.0100
500,2500.2678,0.0000,15.8606,0.0100
500,2500.2678,0.0000,16.5413,0.0100
500,2500.2678,0.0000,16.4662,0.0100
500,2500.2678,0.0000,14.9596,0.0100
500,2500.2678,0.0000,15.8302,0.0100
500,2500.2678,0.0000,15.9523,0.0100
500,2500.2678,0.0000,15.5350,0.0100
501,1.2306,0.0000,15.9583,0.0100
501,1.2306,0.0000,22.0043,0.0100
501,1.2306,0.0000,21.7303,0.0100
501,1.2306,0.0000,22.9379,0.0100
501,1.2306,0.0000,17.2911,0.0100
501,1.2306,0.0000,18.5362,0.0100
501,1.2306,0.0000,18.3756,0.0100
501,1.2306,0.0000,20.4223,0.0100
502,2005.2036,0.0000,40.2663,0.0100
502,2005.2036,0.0000,39.5149,0.0100
502,2005.2036,0.0000,39.3745,0.0100
502,2005.2036,0.0000,40.8995,0.0100
502,2005.2036,0.0000,39.5940,0.0100
502,2005.2036,0.0000,39.4929,0.0100
502,2005.2036,0.0000,41.2765,0.0100
502,2005.2036,0.0000,40.0790,0.0100
503,1.2522,0.0000,51.8606,0.0100
503,1.2522,0.0000,48.6399,0.0100
503,1.2522,0.0000,50.4076,0.0100
503,1.2522,0.0000,52.3530,0.0100
503,1.2522,0.0000,45.6103,0.0100
503,1.2522,0.0000,49.0710,0.0100
503,1.2522,0.0000,47.9308,0.0100
503,1.2522,0.0000,50.9750,0.0100
504,694.6689,56.2065,17.4879,0.0100
504,694.6689,73.7187,20.8141,0.0100
504,694.6689,61.4075,22.3331,0.0100
504,694.6689,61.8144,20.3752,0.0100
504,694.6689,59.0168,23.9694,0.0100
504,694.6689,53.7950,22.7863,0.0100
504,694.6689,61.0183,27.4871,0.0100
504,694.6689,59.7985,19.4561,0.0100
505,0.7193,0.0000,23.0825,0.0100
505,0.7193,0.0000,26.1662,0.0100
505,0.7193,0.0000,28.8430,0.0100
505,0.7193,0.0000,26.1866,0.0100
505,0.7193,0.0000,25.5927,0.0100
505,0.7193,0.0000,25.5249,0.0100
505,0.7193,0.0000,30.5338,0.0100
505,0.7193,0.0000,24.8051,0.0100
506,1334.9933,0.0000,17.8062,0.0100
506,1334.9933,0.0000,19.2189,0.0100
506,1334.9933,0.0000,24.6685,0.0100
506,1334.9933,0.0000,23.5705,0.0100
506,1334.9933,0.0000,19.4627,0.0100
506,1334.9933,0.0000,21.9215,0.0100
506,1334.9933,0.0000,19.5317,0.0100
506,1334.9933,0.0000,20.8464,0.0100
507,1.2003,0.0000,18.8808,0.0100
507,1.2003,0.0000,25.8305,0.0100
507,1.2003,0.0000,28.2637,0.0100
507,1.2003,0.0000,30.5632,0.0100
507,1.2003,0.0000,21.5007,0.0100
507,1.2003,0.0000,23.4784,0.0100
507,1.2003,0.0000,20.4761,0.0100
507,1.2003,0.0000,25.4107,0.0100
508,1304.3520,0.0000,37.2597,0.0100
508,1304.3520,0.0000,36.6339,0.0100
508,1304.3520,0.0000,35.2163,0.0100
508,1304.3520,0.0000,36.9736,0.0100
508,1304.3520,0.0000,37.6631,0.0100
508,1304.3520,0.0000,35.8339,0.0100
508,1304.3520,0.0000,37.0514,0.0100
508,1304.3520,0.0000,39.6049,0.0100
509,1.1833,0.0000,45.6553,0.0100
509,1.1833,0.0000,41.1166,0.0100
509,1.1833,0.0000,40.8030,0.0100
509,1.1833,0.0000,43.0266,0.0100
509,1.1833,0.0000,39.7824,0.0100
509,1.1833,0.0000,40.6875,0.0100
509,1.1833,0.0000,43.6850,0.0100
509,1.1833,0.0000,42.9715,0.0100
510,1069.5847,0.0000,31.8848,0.0100
510,1069.5847,0.0000,33.4546,0.0100
510,1069.5847,0.0000,39.2280,0.0100
510,1069.5847,0.0000,37.5681,0.0100
510,1069.5847,0.0000,32.8980,0.0100
510,1069.5847,0.0000,34.7203,0.0100
510,1069.5847,0.0000,32.1899,0.0100
510,1069.5847,0.0000,35.7474,0.0100
511,1.1144,0.0000,32.8691,0.0100
511,1.1144,0.0000,39.0603,0.0100
511,1.1144,0.0000,44.2930,0.0100
511,1.1144,0.0000,45.0031,0.0100
511,1.1144,0.0000,34.6912,0.0100
511,1.1144,0.0000,36.6887,0.0100
511,1.1144,0.0000,32.3409,0.0100
511,1.1144,0.0000,41.0433,0.0100
512,2910.0139,47.1907,15.2987,0.0100
512,2910.0139,55.5887,18.2643,0.0100
512,2910.0139,59.2467,17.6849,0.0100
512,2910.0139,50.4452,17.2173,0.0100
512,2910.0139,44.5009,16.9906,0.0100
512,2910.0139,54.0614,16.9215,0.0100
512,2910.0139,48.8355,18.1898,0.0100
512,2910.0139,60.9493,17.1026,0.0100
513,1.2088,0.0000,19.8614,0.0100
513,1.2088,0.0000,24.8379,0.0100
513,1.2088,0.0000,24.0699,0.0100
513,1.2088,0.0000,23.6445,0.0100
513,1.2088,0.0000,19.8547,0.0100
513,1.2088,0.0000,20.9400,0.0100
513,1.2088,0.0000,22.3017,0.0100
513,1.2088,0.0000,23.2949,0.0100
514,2189.1278,0.0000,28.0300,0.0100
514,2189.1278,0.0000,28.7300,0.0100
514,2189.1278,0.0000,27.5270,0.0100
514,2189.1278,0.0000,28.6681,0.0100
514,2189.1278,0.0000,29.1617,0.0100
514,2189.1278,0.0000,28.0233,0.0100
514,2189.1278,0.0000,31.1630,0.0100
514,2189.1278,0.0000,28.0933,0.0100
515,1.1793,0.0000,36.5865,0.0100
515,1.1793,0.0000,33.4575,0.0100
515,1.1793,0.0000,33.1240,0.0100
515,1.1793,0.0000,34.5409,0.0100
515,1.1793,0.0000,31.4481,0.0100
515,1.1793,0.0000,32.0081,0.0100
515,1.1793,0.0000,36.9358,0.0100
515,1.1793,0.0000,34.9827,0.0100
516,601.1851,0.0000,65.2293,0.0100
516,601.1851,0.0000,63.9623,0.0100
516,601.1851,0.0000,60.5626,0.0100
516,601.1851,0.0000,61.3737,0.0100
516,601.1851,0.0000,62.3722,0.0100
516,601.1851,0.0000,59.5189,0.0100
516,601.1851,0.0000,64.5586,0.0100
516,601.1851,0.0000,65.2314,0.0100
517,0.6119,0.0000,70.3411,0.0100
517,0.6119,0.0000,66.1208,0.0100
517,0.6119,0.0000,64.2465,0.0100
517,0.6119,0.0000,66.0847,0.0100
517,0.6119,0.0000,62.6762,0.0100
517,0.6119,0.0000,63.0747,0.0100
517,0.6119,0.0000,65.3524,0.0100
517,0.6119,0.0000,68.9662,0.0100
518,1570.4869,0.0000,13.3315,0.0100
518,1570.4869,0.0000,16.5813,0.0100
518,1570.4869,0.0000,16.3150,0.0100
518,1570.4869,0.0000,16.3367,0.0100
518,1570.4869,0.0000,16.1082,0.0100
518,1570.4869,0.0000,16.3579,0.0100
518,1570.4869,0.0000,18.2468,0.0100
518,1570.4869,0.0000,15.3226,0.0100
519,1.2087,0.0000,19.3126,0.0100
519,1.2087,0.0000,23.9295,0.0100
519,1.2087,0.0000,23.5454,0.0100
519,1.2087,0.0000,22.8609,0.0100
519,1.2087,0.0000,19.8456,0.0100
519,1.2087,0.0000,20.7311,0.0100
519,1.2087,0.0000,22.4899,0.0100
519,1.2087,0.0000,22.2869,0.0100
520,1297.1735,0.0000,12.2245,0.0100
520,1297.1735,0.0000,14.2199,0.0100
520,1297.1735,0.0000,17.4060,0.0100
520,1297.1735,0.0000,17.7778,0.0100
520,1297.1735,0.0000,14.3025,0.0100
520,1297.1735,0.0000,16.4405,0.0100
520,1297.1735,0.0000,16.2608,0.0100
520,1297.1735,0.0000,14.2558,0.0100
521,1.1564,0.0000,22.7496,0.0100
521,1.1564,0.0000,0.0000,0.0100
521,1.1564,0.0000,23.4038,0.0100
521,1.1564,0.0000,26.1530,0.0100
521,1.1564,0.0000,18.5304,0.0100
521,1.1564,0.0000,20.9898,0.0100
521,1.1564,0.0000,20.1492,0.0100
521,1.1564,0.0000,21.1362,0.0100
522,1158.2962,39.0053,19.7692,0.0100
522,1158.2962,64.1136,22.6936,0.0100
522,1158.2962,58.5758,21.2028,0.0100
522,1158.2962,40.8068,21.2879,0.0100
522,1158.2962,41.7261,23.3443,0.0100
522,1158.2962,34.4218,21.5822,0.0100
522,1158.2962,43.1719,26.2680,0.0100
522,1158.2962,42.0095,20.9801,0.0100
523,0.7358,0.0000,25.3405,0.0100
523,0.7358,0.0000,26.9741,0.0100
523,0.7358,0.0000,27.0592,0.0100
523,0.7358,0.0000,26.8355,0.0100
523,0.7358,0.0000,23.7780,0.0100
523,0.7358,0.0000,25.4424,0.0100
523,0.7358,0.0000,28.3134,0.0100
523,0.7358,0.0000,27.3421,0.0100
524,3484.3192,0.0000,30.2165,0.0100
524,3484.3192,0.0000,30.5352,0.0100
524,3484.3192,0.0000,29.8441,0.0100
524,3484.3192,0.0000,31.3023,0.0100
524,3484.3192,0.0000,30.8006,0.0100
524,3484.3192,0.0000,30.2563,0.0100
524,3484.3192,0.0000,32.8813,0.0100
524,3484.3192,0.0000,30.2947,0.0100
525,1.2356,0.0000,39.4851,0.0100
525,1.2356,0.0000,35.7019,0.0100
525,1.2356,0.0000,35.7986,0.0100
525,1.2356,0.0000,37.5090,0.0100
525,1.2356,0.0000,34.2463,0.0100
525,1.2356,0.0000,35.6363,0.0100
525,1.2356,0.0000,39.1018,0.0100
525,1.2356,0.0000,37.5328,0.0100
526,1344.6843,0.0000,48.9676,0.0100
526,1344.6843,0.0000,48.4411,0.0100
526,1344.6843,0.0000,49.0355,0.0100
526,1344.6843,0.0000,49.7059,0.0100
526,1344.6843,0.0000,48.3026,0.0100
526,1344.6843,0.0000,47.9060,0.0100
526,1344.6843,0.0000,49.1651,0.0100
526,1344.6843,0.0000,49.6659,0.0100
527,1.1651,0.0000,57.0229,0.0100
527,1.1651,0.0000,53.9823,0.0100
527,1.1651,0.0000,57.2303,0.0100
527,1.1651,0.0000,58.9422,0.0100
527,1.1651,0.0000,52.1875,0.0100
527,1.1651,0.0000,54.6675,0.0100
527,1.1651,0.0000,52.5785,0.0100
527,1.1651,0.0000,57.4896,0.0100
528,1035.4288,35.7182,50.8316,0.0100
528,1035.4288,48.6343,50.7253,0.0100
528,1035.4288,34.6255,52.7253,0.0100
528,1035.4288,46.4172,52.1495,0.0100
528,1035.4288,36.5566,50.4548,0.0100
528,1035.4288,41.8634,50.1853,0.0100
528,1035.4288,35.8524,50.7775,0.0100
528,1035.4288,41.4961,52.4417,0.0100
529,1.0892,0.0000,56.5835,0.0100
529,1.0892,0.0000,55.7515,0.0100
529,1.0892,0.0000,59.0396,0.0100
529,1.0892,0.0000,60.7229,0.0100
529,1.0892,0.0000,53.6171,0.0100
529,1.0892,0.0000,55.2179,0.0100
529,1.0892,0.0000,52.7135,0.0100
529,1.0892,0.0000,59.2077,0.0100
530,1684.0557,0.0000,46.7774,0.0100
530,1684.0557,0.0000,45.6662,0.0100
530,1684.0557,0.0000,45.4849,0.0100
530,1684.0557,0.0000,47.1357,0.0100
530,1684.0557,0.0000,46.1539,0.0100
530,1684.0557,0.0000,45.7394,0.0100
530,1684.0557,0.0000,47.5342,0.0100
530,1684.0557,0.0000,46.8183,0.0100
531,1.2035,0.0000,57.2786,0.0100
531,1.2035,0.0000,52.2381,0.0100
531,1.2035,0.0000,54.6936,0.0100
531,1.2035,0.0000,57.2785,0.0100
531,1.2035,0.0000,51.1929,0.0100
531,1.2035,0.0000,54.7633,0.0100
531,1.2035,0.0000,0.0000,0.0100
531,1.2035,0.0000,55.6388,0.0100
532,748.9660,0.0000,15.6162,0.0100
532,748.9660,0.0000,16.6223,0.0100
532,748.9660,0.0000,23.8683,0.0100
532,748.9660,0.0000,23.9528,0.0100
532,748.9660,0.0000,19.1005,0.0100
532,748.9660,0.0000,22.0359,0.0100
532,748.9660,0.0000,23.2157,0.0100
532,748.9660,0.0000,17.7993,0.0100
533,0.7864,0.0000,19.9962,0.0100
533,0.7864,0.0000,24.9472,0.0100
533,0.7864,0.0000,28.6586,0.0100
533,0.7864,0.0000,31.5104,0.0100
533,0.7864,0.0000,21.5514,0.0100
533,0.7864,0.0000,24.8021,0.0100
533,0.7864,0.0000,24.8736,0.0100
533,0.7864,0.0000,22.3331,0.0100
534,729.8930,0.0000,63.9688,0.0100
534,729.8930,0.0000,62.3073,0.0100
534,729.8930,0.0000,60.1684,0.0100
534,729.8930,0.0000,61.1425,0.0100
534,729.8930,0.0000,61.1933,0.0100
534,729.8930,0.0000,59.3295,0.0100
534,729.8930,0.0000,63.0840,0.0100
534,729.8930,0.0000,63.7826,0.0100
535,0.7834,0.0000,69.7378,0.0100
535,0.7834,0.0000,65.3195,0.0100
535,0.7834,0.0000,64.7580,0.0100
535,0.7834,0.0000,66.8833,0.0100
535,0.7834,0.0000,62.2795,0.0100
535,0.7834,0.0000,64.5964,0.0100
535,0.7834,0.0000,64.0804,0.0100
535,0.7834,0.0000,68.3996,0.0100
536,905.6366,0.0000,23.6931,0.0100
536,905.6366,0.0000,25.6422,0.0100
536,905.6366,0.0000,24.7050,0.0100
536,905.6366,0.0000,24.3005,0.0100
536,905.6366,0.0000,28.0231,0.0100
536,905.6366,0.0000,25.4256,0.0100
536,905.6366,0.0000,31.2543,0.0100
536,905.6366,0.0000,24.3659,0.0100
537,1.0059,0.0000,30.2550,0.0100
537,1.0059,0.0000,30.8839,0.0100
537,1.0059,0.0000,30.2907,0.0100
537,1.0059,0.0000,29.7416,0.0100
537,1.0059,0.0000,29.0755,0.0100
537,1.0059,0.0000,28.3413,0.0100
537,1.0059,0.0000,35.4252,0.0100
537,1.0059,0.0000,30.6535,0.0100
538,1168.3601,0.0000,46.7979,0.0100
538,1168.3601,0.0000,45.4760,0.0100
538,1168.3601,0.0000,43.9606,0.0100
538,1168.3601,0.0000,45.8559,0.0100
538,1168.3601,0.0000,46.4328,0.0100
538,1168.3601,0.0000,44.6540,0.0100
538,1168.3601,0.0000,48.2274,0.0100
538,1168.3601,0.0000,46.5446,0.0100
539,1.1801,0.0000,55.0924,0.0100
539,1.1801,0.0000,49.5063,0.0100
539,1.1801,0.0000,50.0658,0.0100
539,1.1801,0.0000,52.8685,0.0100
539,1.1801,0.0000,48.6937,0.0100
539,1.1801,0.0000,51.0279,0.0100
539,1.1801,0.0000,51.8042,0.0100
539,1.1801,0.0000,52.1993,0.0100
540,1596.0086,37.1773,13.8455,0.0100
540,1596.0086,41.4442,17.2859,0.0100
540,1596.0086,31.5196,17.7337,0.0100
540,1596.0086,28.6215,18.3173,0.0100
540,1596.0086,32.9606,16.8685,0.0100
540,1596.0086,27.3979,17.7502,0.0100
540,1596.0086,43.8079,18.6479,0.0100
540,1596.0086,33.4060,16.1844,0.0100
541,1.2236,0.0000,20.0529,0.0100
541,1.2236,0.0000,25.2504,0.0100
541,1.2236,0.0000,24.9629,0.0100
541,1.2236,0.0000,25.5499,0.0100
541,1.2236,0.0000,20.8491,0.0100
541,1.2236,0.0000,22.5233,0.0100
541,1.2236,0.0000,23.0389,0.0100
541,1.2236,0.0000,23.2250,0.0100
542,1762.6166,0.0000,19.6786,0.0100
542,1762.6166,0.0000,21.0686,0.0100
542,1762.6166,0.0000,25.8949,0.0100
542,1762.6166,0.0000,24.6625,0.0100
542,1762.6166,0.0000,21.3193,0.0100
542,1762.6166,0.0000,23.3711,0.0100
542,1762.6166,0.0000,21.1054,0.0100
542,1762.6166,0.0000,22.5480,0.0100
543,1.1958,0.0000,20.8993,0.0100
543,1.1958,0.0000,28.3141,0.0100
543,1.1958,0.0000,29.7953,0.0100
543,1.1958,0.0000,32.5125,0.0100
543,1.1958,0.0000,23.4306,0.0100
543,1.1958,0.0000,25.7682,0.0100
543,1.1958,0.0000,22.3055,0.0100
543,1.1958,0.0000,27.7797,0.0100
544,1580.0823,0.0000,48.4096,0.0100
544,1580.0823,0.0000,46.9944,0.0100
544,1580.0823,0.0000,46.6789,0.0100
544,1580.0823,0.0000,48.4681,0.0100
544,1580.0823,0.0000,47.8546,0.0100
544,1580.0823,0.0000,47.2296,0.0100
544,1580.0823,0.0000,49.2195,0.0100
544,1580.0823,0.0000,48.2656,0.0100
545,1.2140,0.0000,58.6044,0.0100
545,1.2140,0.0000,53.1224,0.0100
545,1.2140,0.0000,55.4192,0.0100
545,1.2140,0.0000,58.1224,0.0100
545,1.2140,0.0000,52.5299,0.0100
545,1.2140,0.0000,56.3245,0.0100
545,1.2140,0.0000,54.2600,0.0100
545,1.2140,0.0000,56.6117,0.0100
546,1472.3362,0.0000,41.0697,0.0100
546,1472.3362,0.0000,42.0235,0.0100
546,1472.3362,0.0000,46.5219,0.0100
546,1472.3362,0.0000,45.3172,0.0100
546,1472.3362,0.0000,42.5319,0.0100
546,1472.3362,0.0000,43.3734,0.0100
546,1472.3362,0.0000,42.1818,0.0100
546,1472.3362,0.0000,44.2955,0.0100
547,1.1947,0.0000,47.7293,0.0100
547,1.1947,0.0000,50.3218,0.0100
547,1.1947,0.0000,51.8015,0.0100
547,1.1947,0.0000,54.2865,0.0100
547,1.1947,0.0000,47.8992,0.0100
547,1.1947,0.0000,47.5632,0.0100
547,1.1947,0.0000,45.4874,0.0100
547,1.1947,0.0000,52.1138,0.0100
548,666.6901,28.3580,57.1386,0.0100
548,666.6901,30.7442,57.9126,0.0100
548,666.6901,25.6446,61.9452,0.0100
548,666.6901,41.4877,60.1705,0.0100
548,666.6901,33.4034,56.1925,0.0100
548,666.6901,26.0693,56.8693,0.0100
548,666.6901,27.7586,55.5499,0.0100
548,666.6901,24.4319,60.5707,0.0100
549,0.6737,0.0000,59.2305,0.0100
549,0.6737,0.0000,61.8664,0.0100
549,0.6737,0.0000,66.9312,0.0100
549,0.6737,0.0000,67.0907,0.0100
549,0.6737,0.0000,57.3661,0.0100
549,0.6737,0.0000,60.3130,0.0100
549,0.6737,0.0000,55.8814,0.0100
549,0.6737,0.0000,65.6653,0.0100
550,1410.0182,0.0000,52.2012,0.0100
550,1410.0182,0.0000,50.8863,0.0100
550,1410.0182,0.0000,52.0849,0.0100
550,1410.0182,0.0000,50.6099,0.0100
550,1410.0182,0.0000,51.1311,0.0100
550,1410.0182,0.0000,50.7028,0.0100
550,1410.0182,0.0000,52.5398,0.0100
550,1410.0182,0.0000,52.2535,0.0100
551,1.2110,0.0000,61.1125,0.0100
551,1.2110,0.0000,55.8543,0.0100
551,1.2110,0.0000,58.3111,0.0100
551,1.2110,0.0000,60.9977,0.0100
551,1.2110,0.0000,54.8385,0.0100
551,1.2110,0.0000,58.9198,0.0100
551,1.2110,0.0000,56.3213,0.0100
551,1.2110,0.0000,59.5903,0.0100
552,1159.0389,0.0000,56.0056,0.0100
552,1159.0389,0.0000,54.8546,0.0100
552,1159.0389,0.0000,54.8979,0.0100
552,1159.0389,0.0000,55.7670,0.0100
552,1159.0389,0.0000,54.6107,0.0100
552,1159.0389,0.0000,54.0982,0.0100
552,1159.0389,0.0000,55.8413,0.0100
552,1159.0389,0.0000,56.3233,0.0100
553,1.1640,0.0000,63.3535,0.0100
553,1.1640,0.0000,59.1058,0.0100
553,1.1640,0.0000,61.8204,0.0100
553,1.1640,0.0000,63.8411,0.0100
553,1.1640,0.0000,57.4417,0.0100
553,1.1640,0.0000,60.9095,0.0100
553,1.1640,0.0000,58.1870,0.0100
553,1.1640,0.0000,62.8485,0.0100
554,1089.3020,0.0000,13.7522,0.0100
554,1089.3020,0.0000,16.3925,0.0100
554,1089.3020,0.0000,19.0133,0.0100
554,1089.3020,0.0000,19.4709,0.0100
554,1089.3020,0.0000,17.0552,0.0100
554,1089.3020,0.0000,18.7627,0.0100
554,1089.3020,0.0000,20.0418,0.0100
554,1089.3020,0.0000,15.7693,0.0100
555,1.1149,0.0000,20.8023,0.0100
555,1.1149,0.0000,25.3369,0.0100
555,1.1149,0.0000,26.2680,0.0100
555,1.1149,0.0000,28.2657,0.0100
555,1.1149,0.0000,21.3823,0.0100
555,1.1149,0.0000,24.3424,0.0100
555,1.1149,0.0000,24.0802,0.0100
555,1.1149,0.0000,23.2494,0.0100
556,851.4280,0.0000,62.9347,0.0100
556,851.4280,0.0000,61.8004,0.0100
556,851.4280,0.0000,61.5425,0.0100
556,851.4280,0.0000,61.9250,0.0100
556,851.4280,0.0000,60.6882,0.0100
556,851.4280,0.0000,60.0035,0.0100
556,851.4280,0.0000,62.0868,0.0100
556,851.4280,0.0000,63.2414,0.0100
557,0.9795,0.0000,0.0000,0.0100
557,0.9795,0.0000,65.0235,0.0100
557,0.9795,0.0000,66.6260,0.0100
557,0.9795,0.0000,68.2298,0.0100
557,0.9795,0.0000,62.3775,0.0100
557,0.9795,0.0000,65.1058,0.0100
557,0.9795,0.0000,62.7450,0.0100
557,0.9795,0.0000,68.2038,0.0100
558,956.2944,0.0000,56.9569,0.0100
558,956.2944,0.0000,56.6279,0.0100
558,956.2944,0.0000,58.4372,0.0100
558,956.2944,0.0000,57.8465,0.0100
558,956.2944,0.0000,55.9401,0.0100
558,956.2944,0.0000,55.7511,0.0100
558,956.2944,0.0000,56.5490,0.0100
558,956.2944,0.0000,58.2734,0.0100
559,1.0853,0.0000,61.4872,0.0100
559,1.0853,0.0000,60.1218,0.0100
559,1.0853,0.0000,63.3130,0.0100
559,1.0853,0.0000,64.8172,0.0100
559,1.0853,0.0000,57.8671,0.0100
559,1.0853,0.0000,60.1328,0.0100
559,1.0853,0.0000,57.2725,0.0100
559,1.0853,0.0000,63.5417,0.0100
560,784.9601,23.1839,55.5286,0.0100
560,784.9601,30.7705,56.0854,0.0100
560,784.9601,30.5492,59.8904,0.0100
560,784.9601,30.1503,58.2189,0.0100
560,784.9601,24.6593,54.8497,0.0100
560,784.9601,33.3416,55.4472,0.0100
560,784.9601,40.9419,54.5209,0.0100
560,784.9601,41.5374,58.5600,0.0100
561,0.8523,0.0000,58.5052,0.0100
561,0.8523,0.0000,65.6290,0.0100
561,0.8523,0.0000,60.5053,0.0100
561,0.8523,0.0000,64.9650,0.0100
561,0.8523,0.0000,56.7116,0.0100
561,0.8523,0.0000,59.2433,0.0100
561,0.8523,0.0000,55.1508,0.0100
561,0.8523,0.0000,64.0735,0.0100
562,1234.5048,0.0000,15.4356,0.0100
562,1234.5048,0.0000,17.3336,0.0100
562,1234.5048,0.0000,21.9371,0.0100
562,1234.5048,0.0000,21.8189,0.0100
562,1234.5048,0.0000,17.5248,0.0100
562,1234.5048,0.0000,20.3118,0.0100
562,1234.5048,0.0000,19.3131,0.0100
562,1234.5048,0.0000,17.8980,0.0100
563,0.5426,0.0000,20.3460,0.0100
563,0.5426,0.0000,27.8476,0.0100
563,0.5426,0.0000,27.6094,0.0100
563,0.5426,0.0000,30.9914,0.0100
563,0.5426,0.0000,22.4700,0.0100
563,0.5426,0.0000,25.2404,0.0100
563,0.5426,0.0000,22.2876,0.0100
563,0.5426,0.0000,25.7575,0.0100
564,1098.5092,0.0000,53.3344,0.0100
564,1098.5092,0.0000,53.2124,0.0100
564,1098.5092,0.0000,55.9904,0.0100
564,1098.5092,0.0000,55.0966,0.0100
564,1098.5092,0.0000,52.8206,0.0100
564,1098.5092,0.0000,53.0734,0.0100
564,1098.5092,0.0000,53.2485,0.0100
564,1098.5092,0.0000,55.1194,0.0100
565,1.1529,0.0000,57.8290,0.0100
565,1.1529,0.0000,57.2859,0.0100
565,1.1529,0.0000,61.0851,0.0100
565,1.1529,0.0000,62.8868,0.0100
565,1.1529,0.0000,55.2921,0.0100
565,1.1529,0.0000,57.3968,0.0100
565,1.1529,0.0000,54.0648,0.0100
565,1.1529,0.0000,60.8791,0.0100
566,1410.8239,0.0000,23.6149,0.0100
566,1410.8239,0.0000,24.8469,0.0100
566,1410.8239,0.0000,31.0955,0.0100
566,1410.8239,0.0000,29.5845,0.0100
566,1410.8239,0.0000,25.2089,0.0100
566,1410.8239,0.0000,28.0563,0.0100
566,1410.8239,0.0000,25.1786,0.0100
566,1410.8239,0.0000,27.1053,0.0100
567,1.1927,0.0000,24.3993,0.0100
567,1.1927,0.0000,31.7420,0.0100
567,1.1927,0.0000,34.8873,0.0100
567,1.1927,0.0000,37.1045,0.0100
567,1.1927,0.0000,27.2217,0.0100
567,1.1927,0.0000,30.1878,0.0100
567,1.1927,0.0000,25.5024,0.0100
567,1.1927,0.0000,32.2016,0.0100
568,1647.5772,0.0000,42.6232,0.0100
568,1647.5772,0.0000,43.2197,0.0100
568,1647.5772,0.0000,47.5009,0.0100
568,1647.5772,0.0000,46.2936,0.0100
568,1647.5772,0.0000,43.6852,0.0100
568,1647.5772,0.0000,44.3976,0.0100
568,1647.5772,0.0000,43.7098,0.0100
568,1647.5772,0.0000,45.4449,0.0100
569,1.2148,0.0000,47.1337,0.0100
569,1.2148,0.0000,49.6570,0.0100
569,1.2148,0.0000,54.4135,0.0100
569,1.2148,0.0000,56.1452,0.0100
569,1.2148,0.0000,47.6624,0.0100
569,1.2148,0.0000,49.1194,0.0100
569,1.2148,0.0000,45.7434,0.0100
569,1.2148,0.0000,52.7967,0.0100
570,2333.9785,25.3133,47.1379,0.0100
570,2333.9785,22.2680,45.9407,0.0100
570,2333.9785,26.9202,46.6172,0.0100
570,2333.9785,34.5161,48.3310,0.0100
570,2333.9785,38.0384,46.7164,0.0100
570,2333.9785,28.3537,46.8489,0.0100
570,2333.9785,33.9496,48.2296,0.0100
570,2333.9785,39.9331,47.1995,0.0100
571,1.2378,0.0000,59.9286,0.0100
571,1.2378,0.0000,54.5517,0.0100
571,1.2378,0.0000,58.0222,0.0100
571,1.2378,0.0000,60.4714,0.0100
571,1.2378,0.0000,54.0151,0.0100
571,1.2378,0.0000,58.7621,0.0100
571,1.2378,0.0000,55.4470,0.0100
571,1.2378,0.0000,57.9952,0.0100
572,2058.2856,0.0000,46.0884,0.0100
572,2058.2856,0.0000,46.1246,0.0100
572,2058.2856,0.0000,48.9646,0.0100
572,2058.2856,0.0000,48.8491,0.0100
572,2058.2856,0.0000,46.7773,0.0100
572,2058.2856,0.0000,47.1970,0.0100
572,2058.2856,0.0000,47.4001,0.0100
572,2058.2856,0.0000,47.8554,0.0100
573,1.2118,0.0000,55.2098,0.0100
573,1.2118,0.0000,58.3213,0.0100
573,1.2118,0.0000,60.3813,0.0100
573,1.2118,0.0000,54.1145,0.0100
573,1.2118,0.0000,52.9257,0.0100
573,1.2118,0.0000,55.4580,0.0100
573,1.2118,0.0000,52.1936,0.0100
573,1.2118,0.0000,57.6093,0.0100
574,1204.7855,0.0000,14.9158,0.0100
574,1204.7855,0.0000,18.4794,0.0100
574,1204.7855,0.0000,19.3086,0.0100
574,1204.7855,0.0000,19.2317,0.0100
574,1204.7855,0.0000,18.3911,0.0100
574,1204.7855,0.0000,19.4248,0.0100
574,1204.7855,0.0000,21.3108,0.0100
574,1204.7855,0.0000,17.0342,0.0100
575,1.0919,0.0000,23.4001,0.0100
575,1.0919,0.0000,0.0000,0.0100
575,1.0919,0.0000,29.0067,0.0100
575,1.0919,0.0000,28.8748,0.0100
575,1.0919,0.0000,22.3701,0.0100
575,1.0919,0.0000,26.2849,0.0100
575,1.0919,0.0000,23.6011,0.0100
575,1.0919,0.0000,27.3871,0.0100
576,1566.7820,0.0000,29.9609,0.0100
576,1566.7820,0.0000,31.2202,0.0100
576,1566.7820,0.0000,37.2602,0.0100
576,1566.7820,0.0000,35.4734,0.0100
576,1566.7820,0.0000,31.3664,0.0100
576,1566.7820,0.0000,33.1975,0.0100
576,1566.7820,0.0000,30.6009,0.0100
576,1566.7820,0.0000,33.4466,0.0100
577,1.1808,0.0000,31.1342,0.0100
577,1.1808,0.0000,38.5113,0.0100
577,1.1808,0.0000,42.3636,0.0100
577,1.1808,0.0000,44.1264,0.0100
577,1.1808,0.0000,33.7874,0.0100
577,1.1808,0.0000,36.4355,0.0100
577,1.1808,0.0000,30.6215,0.0100
577,1.1808,0.0000,39.4470,0.0100
578,868.3385,41.9922,16.6119,0.0100
578,868.3385,36.8575,18.3453,0.0100
578,868.3385,37.3997,22.7543,0.0100
578,868.3385,46.5691,23.1063,0.0100
578,868.3385,42.8413,20.0761,0.0100
578,868.3385,34.5112,22.4613,0.0100
578,868.3385,37.1974,24.3119,0.0100
578,868.3385,35.1627,18.2288,0.0100
579,0.9512,0.0000,22.5222,0.0100
579,0.9512,0.0000,26.5394,0.0100
579,0.9512,0.0000,29.0846,0.0100
579,0.9512,0.0000,30.8183,0.0100
579,0.9512,0.0000,23.3671,0.0100
579,0.9512,0.0000,26.3412,0.0100
579,0.9512,0.0000,27.0859,0.0100
579,0.9512,0.0000,23.3968,0.0100
580,819.4360,0.0000,64.0887,0.0100
580,819.4360,0.0000,63.7777,0.0100
580,819.4360,0.0000,64.9538,0.0100
580,819.4360,0.0000,64.1563,0.0100
580,819.4360,0.0000,61.9376,0.0100
580,819.4360,0.0000,61.8260,0.0100
580,819.4360,0.0000,62.8377,0.0100
580,819.4360,0.0000,64.9320,0.0100
581,0.8908,0.0000,67.7598,0.0100
581,0.8908,0.0000,66.8402,0.0100
581,0.8908,0.0000,69.2235,0.0100
581,0.8908,0.0000,70.3408,0.0100
581,0.8908,0.0000,62.8737,0.0100
581,0.8908,0.0000,65.8776,0.0100
581,0.8908,0.0000,62.3898,0.0100
581,0.8908,0.0000,69.5143,0.0100
582,929.3658,0.0000,18.9962,0.0100
582,929.3658,0.0000,22.9620,0.0100
582,929.3658,0.0000,22.8257,0.0100
582,929.3658,0.0000,21.8316,0.0100
582,929.3658,0.0000,24.6204,0.0100
582,929.3658,0.0000,23.9082,0.0100
582,929.3658,0.0000,28.1719,0.0100
582,929.3658,0.0000,21.1996,0.0100
583,0.9831,0.0000,27.2934,0.0100
583,0.9831,0.0000,30.1354,0.0100
583,0.9831,0.0000,31.2171,0.0100
583,0.9831,0.0000,29.2269,0.0100
583,0.9831,0.0000,27.6238,0.0100
583,0.9831,0.0000,28.9080,0.0100
583,0.9831,0.0000,32.3989,0.0100
583,0.9831,0.0000,0.0000,0.0100
584,1471.1618,0.0000,26.6187,0.0100
584,1471.1618,0.0000,28.9825,0.0100
584,1471.1618,0.0000,27.1609,0.0100
584,1471.1618,0.0000,27.4411,0.0100
584,1471.1618,0.0000,29.4646,0.0100
584,1471.1618,0.0000,27.6026,0.0100
584,1471.1618,0.0000,31.8855,0.0100
584,1471.1618,0.0000,27.3530,0.0100
585,1.1766,0.0000,34.2263,0.0100
585,1.1766,0.0000,33.8203,0.0100
585,1.1766,0.0000,32.8294,0.0100
585,1.1766,0.0000,33.4094,0.0100
585,1.1766,0.0000,31.0150,0.0100
585,1.1766,0.0000,31.4897,0.0100
585,1.1766,0.0000,37.2905,0.0100
585,1.1766,0.0000,34.3990,0.0100
586,1035.6201,0.0000,26.0561,0.0100
586,1035.6201,0.0000,28.4719,0.0100
586,1035.6201,0.0000,26.9190,0.0100
586,1035.6201,0.0000,26.8786,0.0100
586,1035.6201,0.0000,30.1825,0.0100
586,1035.6201,0.0000,27.6512,0.0100
586,1035.6201,0.0000,33.4299,0.0100
586,1035.6201,0.0000,26.8429,0.0100
587,1.0838,0.0000,33.4195,0.0100
587,1.0838,0.0000,33.9495,0.0100
587,1.0838,0.0000,33.0518,0.0100
587,1.0838,0.0000,32.7392,0.0100
587,1.0838,0.0000,31.4252,0.0100
587,1.0838,0.0000,31.4435,0.0100
587,1.0838,0.0000,37.9659,0.0100
587,1.0838,0.0000,33.8524,0.0100
588,981.8845,0.0000,53.3609,0.0100
588,981.8845,0.0000,53.5306,0.0100
588,981.8845,0.0000,57.2136,0.0100
588,981.8845,0.0000,55.7006,0.0100
588,981.8845,0.0000,52.8084,0.0100
588,981.8845,0.0000,53.1733,0.0100
588,981.8845,0.0000,52.7563,0.0100
588,981.8845,0.0000,55.5130,0.0100
589,1.0639,0.0000,55.9714,0.0100
589,1.0639,0.0000,62.6874,0.0100
589,1.0639,0.0000,61.4905,0.0100
589,1.0639,0.0000,57.2157,0.0100
589,1.0639,0.0000,54.5420,0.0100
589,1.0639,0.0000,56.4618,0.0100
589,1.0639,0.0000,52.9365,0.0100
589,1.0639,0.0000,60.4742,0.0100
590,878.6527,57.0233,65.9885,0.0100
590,878.6527,72.9477,64.5738,0.0100
590,878.6527,66.4078,62.7961,0.0100
590,878.6527,75.0173,63.6673,0.0100
590,878.6527,70.2612,63.1137,0.0100
590,878.6527,69.5129,61.9110,0.0100
590,878.6527,61.6843,64.9767,0.0100
590,878.6527,78.7461,65.3502,0.0100
591,0.9965,0.0000,72.5216,0.0100
591,0.9965,0.0000,67.6428,0.0100
591,0.9965,0.0000,67.7911,0.0100
591,0.9965,0.0000,70.0518,0.0100
591,0.9965,0.0000,64.4847,0.0100
591,0.9965,0.0000,66.0282,0.0100
591,0.9965,0.0000,68.0779,0.0100
591,0.9965,0.0000,70.4361,0.0100
592,878.2032,0.0000,17.6062,0.0100
592,878.2032,0.0000,20.2436,0.0100
592,878.2032,0.0000,22.9613,0.0100
592,878.2032,0.0000,22.8670,0.0100
592,878.2032,0.0000,22.1873,0.0100
592,878.2032,0.0000,23.0200,0.0100
592,878.2032,0.0000,26.0557,0.0100
592,878.2032,0.0000,19.0494,0.0100
593,0.9913,0.0000,24.0093,0.0100
593,0.9913,0.0000,29.3312,0.0100
593,0.9913,0.0000,27.3667,0.0100
593,0.9913,0.0000,29.6263,0.0100
593,0.9913,0.0000,24.5924,0.0100
593,0.9913,0.0000,26.9146,0.0100
593,0.9913,0.0000,28.9048,0.0100
593,0.9913,0.0000,24.5726,0.0100
594,3016.7090,0.0000,18.5738,0.0100
594,3016.7090,0.0000,21.3468,0.0100
594,3016.7090,0.0000,21.5167,0.0100
594,3016.7090,0.0000,21.0484,0.0100
594,3016.7090,0.0000,20.0603,0.0100
594,3016.7090,0.0000,20.6958,0.0100
594,3016.7090,0.0000,20.9712,0.0100
594,3016.7090,0.0000,20.7886,0.0100
595,1.2269,0.0000,21.6023,0.0100
595,1.2269,0.0000,27.2174,0.0100
595,1.2269,0.0000,26.5214,0.0100
595,1.2269,0.0000,27.7929,0.0100
595,1.2269,0.0000,21.8443,0.0100
595,1.2269,0.0000,23.7974,0.0100
595,1.2269,0.0000,23.2808,0.0100
595,1.2269,0.0000,25.4361,0.0100
596,865.3921,0.0000,63.1944,0.0100
596,865.3921,0.0000,63.0710,0.0100
596,865.3921,0.0000,64.5826,0.0100
596,865.3921,0.0000,63.6211,0.0100
596,865.3921,0.0000,61.3000,0.0100
596,865.3921,0.0000,61.3827,0.0100
596,865.3921,0.0000,62.2221,0.0100
596,865.3921,0.0000,64.1318,0.0100
597,0.9887,0.0000,66.7550,0.0100
597,0.9887,0.0000,66.0108,0.0100
597,0.9887,0.0000,68.7113,0.0100
597,0.9887,0.0000,69.7837,0.0100
597,0.9887,0.0000,62.5455,0.0100
597,0.9887,0.0000,64.9779,0.0100
597,0.9887,0.0000,61.8659,0.0100
597,0.9887,0.0000,68.5093,0.0100
598,937.8192,68.2747,15.9887,0.0100
598,937.8192,78.4849,17.5521,0.0100
598,937.8192,47.9138,23.2532,0.0100
598,937.8192,84.8429,23.4357,0.0100
598,937.8192,63.4118,18.8973,0.0100
598,937.8192,63.8777,21.9885,0.0100
598,937.8192,66.4322,22.4814,0.0100
598,937.8192,69.8112,18.1514,0.0100
599,1.0136,0.0000,22.2259,0.0100
599,1.0136,0.0000,27.3080,0.0100
599,1.0136,0.0000,29.3609,0.0100
599,1.0136,0.0000,32.3205,0.0100
599,1.0136,0.0000,23.0717,0.0100
599,1.0136,0.0000,26.1052,0.0100
599,1.0136,0.0000,26.1880,0.0100
599,1.0136,0.0000,24.2879,0.0100
600,1065.6586,0.0000,60.0767,0.0100
600,1065.6586,0.0000,58.6041,0.0100
600,1065.6586,0.0000,57.1127,0.0100
600,1065.6586,0.0000,58.6818,0.0100
600,1065.6586,0.0000,58.6242,0.0100
600,1065.6586,0.0000,57.3808,0.0100
600,1065.6586,0.0000,60.5710,0.0100
600,1065.6586,0.0000,59.2561,0.0100
601,0.7428,0.0000,65.0335,0.0100
601,0.7428,0.0000,0.0000,0.0100
601,0.7428,0.0000,61.6374,0.0100
601,0.7428,0.0000,64.4659,0.0100
601,0.7428,0.0000,57.3132,0.0100
601,0.7428,0.0000,62.8532,0.0100
601,0.7428,0.0000,59.3123,0.0100
601,0.7428,0.0000,62.3855,0.0100
602,741.5310,0.0000,22.4587,0.0100
602,741.5310,0.0000,25.2773,0.0100
602,741.5310,0.0000,27.2811,0.0100
602,741.5310,0.0000,25.2528,0.0100
602,741.5310,0.0000,28.6049,0.0100
602,741.5310,0.0000,28.0574,0.0100
602,741.5310,0.0000,32.9392,0.0100
602,741.5310,0.0000,23.5832,0.0100
603,0.7644,0.0000,31.5226,0.0100
603,0.7644,0.0000,29.1026,0.0100
603,0.7644,0.0000,34.4212,0.0100
603,0.7644,0.0000,31.8327,0.0100
603,0.7644,0.0000,30.3132,0.0100
603,0.7644,0.0000,31.5117,0.0100
603,0.7644,0.0000,36.1417,0.0100
603,0.7644,0.0000,29.4489,0.0100
604,1264.2789,0.0000,35.3773,0.0100
604,1264.2789,0.0000,36.4068,0.0100
604,1264.2789,0.0000,43.1520,0.0100
604,1264.2789,0.0000,40.9997,0.0100
604,1264.2789,0.0000,36.2104,0.0100
604,1264.2789,0.0000,38.4284,0.0100
604,1264.2789,0.0000,35.5646,0.0100
604,1264.2789,0.0000,38.7848,0.0100
605,1.1522,0.0000,35.6025,0.0100
605,1.1522,0.0000,42.6070,0.0100
605,1.1522,0.0000,47.6004,0.0100
605,1.1522,0.0000,48.8415,0.0100
605,1.1522,0.0000,38.0158,0.0100
605,1.1522,0.0000,40.5142,0.0100
605,1.1522,0.0000,35.0976,0.0100
605,1.1522,0.0000,43.9728,0.0100
606,1260.5060,0.0000,51.2627,0.0100
606,1260.5060,0.0000,51.6970,0.0100
606,1260.5060,0.0000,55.5256,0.0100
606,1260.5060,0.0000,53.9246,0.0100
606,1260.5060,0.0000,51.1345,0.0100
606,1260.5060,0.0000,51.8830,0.0100
606,1260.5060,0.0000,51.4113,0.0100
606,1260.5060,0.0000,53.2366,0.0100
607,1.1896,0.0000,54.6209,0.0100
607,1.1896,0.0000,56.0700,0.0100
607,1.1896,0.0000,60.6110,0.0100
607,1.1896,0.0000,61.6751,0.0100
607,1.1896,0.0000,53.6422,0.0100
607,1.1896,0.0000,54.8984,0.0100
607,1.1896,0.0000,52.1436,0.0100
607,1.1896,0.0000,58.8584,0.0100
608,1232.1509,0.0000,34.0164,0.0100
608,1232.1509,0.0000,35.0646,0.0100
608,1232.1509,0.0000,42.0168,0.0100
608,1232.1509,0.0000,39.8955,0.0100
608,1232.1509,0.0000,34.9078,0.0100
608,1232.1509,0.0000,37.3262,0.0100
608,1232.1509,0.0000,34.2586,0.0100
608,1232.1509,0.0000,37.4922,0.0100
609,1.1613,0.0000,33.9524,0.0100
609,1.1613,0.0000,41.0884,0.0100
609,1.1613,0.0000,46.0688,0.0100
609,1.1613,0.0000,47.3159,0.0100
609,1.1613,0.0000,36.5429,0.0100
609,1.1613,0.0000,39.0163,0.0100
609,1.1613,0.0000,33.7653,0.0100
609,1.1613,0.0000,42.3425,0.0100
610,908.3564,53.9257,62.9612,0.0100
610,908.3564,57.5430,61.2744,0.0100
610,908.3564,44.2030,59.5372,0.0100
610,908.3564,59.8241,60.9489,0.0100
610,908.3564,63.1032,61.5991,0.0100
610,908.3564,71.7569,59.6334,0.0100
610,908.3564,50.8875,63.4764,0.0100
610,908.3564,35.5589,61.9703,0.0100
611,0.6121,0.0000,64.2149,0.0100
611,0.6121,0.0000,57.0681,0.0100
611,0.6121,0.0000,60.9382,0.0100
611,0.6121,0.0000,62.6918,0.0100
611,0.6121,0.0000,57.5107,0.0100
611,0.6121,0.0000,61.0527,0.0100
611,0.6121,0.0000,59.5635,0.0100
611,0.6121,0.0000,60.4269,0.0100
612,1304.8311,0.0000,57.6607,0.0100
612,1304.8311,0.0000,56.1466,0.0100
612,1304.8311,0.0000,55.0167,0.0100
612,1304.8311,0.0000,56.4513,0.0100
612,1304.8311,0.0000,55.9756,0.0100
612,1304.8311,0.0000,55.0767,0.0100
612,1304.8311,0.0000,57.9780,0.0100
612,1304.8311,0.0000,56.6199,0.0100
613,1.0889,0.0000,65.0874,0.0100
613,1.0889,0.0000,62.3404,0.0100
613,1.0889,0.0000,64.6025,0.0100
613,1.0889,0.0000,59.7149,0.0100
613,1.0889,0.0000,56.7705,0.0100
613,1.0889,0.0000,62.7337,0.0100
613,1.0889,0.0000,58.6045,0.0100
613,1.0889,0.0000,62.8106,0.0100
614,1001.5304,0.0000,18.9861,0.0100
614,1001.5304,0.0000,19.7496,0.0100
614,1001.5304,0.0000,27.3308,0.0100
614,1001.5304,0.0000,26.9817,0.0100
614,1001.5304,0.0000,21.3074,0.0100
614,1001.5304,0.0000,25.1595,0.0100
614,1001.5304,0.0000,23.4349,0.0100
614,1001.5304,0.0000,21.8408,0.0100
615,1.0916,0.0000,21.4965,0.0100
615,1.0916,0.0000,28.2914,0.0100
615,1.0916,0.0000,30.4880,0.0100
615,1.0916,0.0000,34.5003,0.0100
615,1.0916,0.0000,23.7034,0.0100
615,1.0916,0.0000,26.7687,0.0100
615,1.0916,0.0000,24.7534,0.0100
615,1.0916,0.0000,26.3243,0.0100
616,753.9137,0.0000,74.8003,0.0100
616,753.9137,0.0000,73.3519,0.0100
616,753.9137,0.0000,72.0655,0.0100
616,753.9137,0.0000,72.0804,0.0100
616,753.9137,0.0000,70.8803,0.0100
616,753.9137,0.0000,70.0267,0.0100
616,753.9137,0.0000,73.0090,0.0100
616,753.9137,0.0000,73.8090,0.0100
617,0.8425,0.0000,79.3029,0.0100
617,0.8425,0.0000,76.9996,0.0100
617,0.8425,0.0000,75.4769,0.0100
617,0.8425,0.0000,76.1435,0.0100
617,0.8425,0.0000,71.4161,0.0100
617,0.8425,0.0000,74.0099,0.0100
617,0.8425,0.0000,71.9385,0.0100
617,0.8425,0.0000,77.6725,0.0100
618,1059.3850,0.0000,44.4230,0.0100
618,1059.3850,0.0000,45.3168,0.0100
618,1059.3850,0.0000,51.8212,0.0100
618,1059.3850,0.0000,49.4854,0.0100
618,1059.3850,0.0000,44.7034,0.0100
618,1059.3850,0.0000,46.4727,0.0100
618,1059.3850,0.0000,44.1150,0.0100
618,1059.3850,0.0000,47.8543,0.0100
619,1.1412,0.0000,44.2980,0.0100
619,1.1412,0.0000,49.5983,0.0100
619,1.1412,0.0000,55.6701,0.0100
619,1.1412,0.0000,0.0000,0.0100
619,1.1412,0.0000,45.8525,0.0100
619,1.1412,0.0000,47.8185,0.0100
619,1.1412,0.0000,43.3320,0.0100
619,1.1412,0.0000,52.1494,0.0100
620,1139.8716,0.0000,55.3885,0.0100
620,1139.8716,0.0000,55.4149,0.0100
620,1139.8716,0.0000,58.9659,0.0100
620,1139.8716,0.0000,57.2315,0.0100
620,1139.8716,0.0000,54.6415,0.0100
620,1139.8716,0.0000,55.1290,0.0100
620,1139.8716,0.0000,55.1215,0.0100
620,1139.8716,0.0000,56.9058,0.0100
621,1.1637,0.0000,58.4192,0.0100
621,1.1637,0.0000,58.8451,0.0100
621,1.1637,0.0000,64.3193,0.0100
621,1.1637,0.0000,63.3911,0.0100
621,1.1637,0.0000,56.5702,0.0100
621,1.1637,0.0000,57.6997,0.0100
621,1.1637,0.0000,55.2062,0.0100
621,1.1637,0.0000,61.7382,0.0100
622,1314.3651,37.5900,60.2929,0.0100
622,1314.3651,49.8202,59.3538,0.0100
622,1314.3651,43.8266,58.7048,0.0100
622,1314.3651,48.0644,59.8610,0.0100
622,1314.3651,58.4478,59.0204,0.0100
622,1314.3651,36.3781,58.3662,0.0100
622,1314.3651,43.7423,60.4729,0.0100
622,1314.3651,45.5373,59.8210,0.0100
623,1.1961,0.0000,70.6664,0.0100
623,1.1961,0.0000,67.0139,0.0100
623,1.1961,0.0000,65.0835,0.0100
623,1.1961,0.0000,69.4123,0.0100
623,1.1961,0.0000,63.0949,0.0100
623,1.1961,0.0000,65.9493,0.0100
623,1.1961,0.0000,64.6557,0.0100
623,1.1961,0.0000,67.9665,0.0100
624,856.0540,0.0000,25.7138,0.0100
624,856.0540,0.0000,28.9315,0.0100
624,856.0540,0.0000,28.4112,0.0100
624,856.0540,0.0000,26.9348,0.0100
624,856.0540,0.0000,31.5837,0.0100
624,856.0540,0.0000,29.4805,0.0100
624,856.0540,0.0000,35.5701,0.0100
624,856.0540,0.0000,27.0871,0.0100
625,0.9472,0.0000,33.7430,0.0100
625,0.9472,0.0000,35.1916,0.0100
625,0.9472,0.0000,35.3637,0.0100
625,0.9472,0.0000,32.4851,0.0100
625,0.9472,0.0000,32.4545,0.0100
625,0.9472,0.0000,31.9524,0.0100
625,0.9472,0.0000,39.1615,0.0100
625,0.9472,0.0000,33.5174,0.0100
626,817.1835,0.0000,27.9273,0.0100
626,817.1835,0.0000,31.0757,0.0100
626,817.1835,0.0000,30.1420,0.0100
626,817.1835,0.0000,28.7026,0.0100
626,817.1835,0.0000,33.5314,0.0100
626,817.1835,0.0000,30.8062,0.0100
626,817.1835,0.0000,37.7704,0.0100
626,817.1835,0.0000,28.8496,0.0100
627,0.4269,0.0000,36.7975,0.0100
627,0.4269,0.0000,35.9582,0.0100
627,0.4269,0.0000,34.9260,0.0100
627,0.4269,0.0000,36.9677,0.0100
627,0.4269,0.0000,33.6728,0.0100
627,0.4269,0.0000,33.2924,0.0100
627,0.4269,0.0000,39.9797,0.0100
627,0.4269,0.0000,36.7712,0.0100
628,967.8095,0.0000,65.7686,0.0100
628,967.8095,0.0000,63.7939,0.0100
628,967.8095,0.0000,61.7791,0.0100
628,967.8095,0.0000,62.7749,0.0100
628,967.8095,0.0000,63.1137,0.0100
628,967.8095,0.0000,61.3035,0.0100
628,967.8095,0.0000,65.2753,0.0100
628,967.8095,0.0000,64.4861,0.0100
629,1.0150,0.0000,72.1845,0.0100
629,1.0150,0.0000,66.8324,0.0100
629,1.0150,0.0000,67.3411,0.0100
629,1.0150,0.0000,69.0715,0.0100
629,1.0150,0.0000,63.2494,0.0100
629,1.0150,0.0000,66.5818,0.0100
629,1.0150,0.0000,66.4810,0.0100
629,1.0150,0.0000,69.5340,0.0100
630,1456.3961,0.0000,38.5231,0.0100
630,1456.3961,0.0000,39.3957,0.0100
630,1456.3961,0.0000,37.3913,0.0100
630,1456.3961,0.0000,38.0288,0.0100
630,1456.3961,0.0000,40.0736,0.0100
630,1456.3961,0.0000,38.0385,0.0100
630,1456.3961,0.0000,42.6684,0.0100
630,1456.3961,0.0000,38.0241,0.0100
631,1.1548,0.0000,47.3361,0.0100
631,1.1548,0.0000,43.2113,0.0100
631,1.1548,0.0000,42.7970,0.0100
631,1.1548,0.0000,43.4386,0.0100
631,1.1548,0.0000,41.1171,0.0100
631,1.1548,0.0000,41.7030,0.0100
631,1.1548,0.0000,47.6748,0.0100
631,1.1548,0.0000,44.6137,0.0100
632,1304.0669,0.0000,38.1335,0.0100
632,1304.0669,0.0000,39.0891,0.0100
632,1304.0669,0.0000,46.1108,0.0100
632,1304.0669,0.0000,43.6007,0.0100
632,1304.0669,0.0000,38.8755,0.0100
632,1304.0669,0.0000,41.0546,0.0100
632,1304.0669,0.0000,38.2630,0.0100
632,1304.0669,0.0000,41.5474,0.0100
633,1.1506,0.0000,38.2702,0.0100
633,1.1506,0.0000,45.3492,0.0100
633,1.1506,0.0000,50.7839,0.0100
633,1.1506,0.0000,51.6691,0.0100
633,1.1506,0.0000,40.6230,0.0100
633,1.1506,0.0000,42.9555,0.0100
633,1.1506,0.0000,37.6259,0.0100
633,1.1506,0.0000,46.8509,0.0100
634,2060.7496,51.6839,48.3323,0.0100
634,2060.7496,47.6155,47.5293,0.0100
634,2060.7496,50.5430,46.6417,0.0100
634,2060.7496,54.7743,48.3184,0.0100
634,2060.7496,45.8155,48.1672,0.0100
634,2060.7496,62.5717,47.1474,0.0100
634,2060.7496,32.0552,50.5062,0.0100
634,2060.7496,43.9195,47.6043,0.0100
635,1.2140,0.0000,60.6177,0.0100
635,1.2140,0.0000,54.4347,0.0100
635,1.2140,0.0000,55.6906,0.0100
635,1.2140,0.0000,57.1504,0.0100
635,1.2140,0.0000,52.9016,0.0100
635,1.2140,0.0000,55.1204,0.0100
635,1.2140,0.0000,56.7041,0.0100
635,1.2140,0.0000,56.6774,0.0100
636,740.3145,0.0000,79.4193,0.0100
636,740.3145,0.0000,77.7193,0.0100
636,740.3145,0.0000,75.9912,0.0100
636,740.3145,0.0000,75.9316,0.0100
636,740.3145,0.0000,75.1449,0.0100
636,740.3145,0.0000,74.0212,0.0100
636,740.3145,0.0000,77.6057,0.0100
636,740.3145,0.0000,78.1927,0.0100
637,0.8265,0.0000,83.8259,0.0100
637,0.8265,0.0000,79.4146,0.0100
637,0.8265,0.0000,79.8258,0.0100
637,0.8265,0.0000,80.5856,0.0100
637,0.8265,0.0000,75.2030,0.0100
637,0.8265,0.0000,77.0091,0.0100
637,0.8265,0.0000,76.3840,0.0100
637,0.8265,0.0000,81.9688,0.0100
638,1346.7871,0.0000,55.3670,0.0100
638,1346.7871,0.0000,53.9239,0.0100
638,1346.7871,0.0000,52.4657,0.0100
638,1346.7871,0.0000,53.9247,0.0100
638,1346.7871,0.0000,54.4641,0.0100
638,1346.7871,0.0000,52.7658,0.0100
638,1346.7871,0.0000,56.8246,0.0100
638,1346.7871,0.0000,54.3561,0.0100
639,1.1312,0.0000,66.0248,0.0100
639,1.1312,0.0000,59.2026,0.0100
639,1.1312,0.0000,60.2721,0.0100
639,1.1312,0.0000,61.7286,0.0100
639,1.1312,0.0000,57.2530,0.0100
639,1.1312,0.0000,59.6346,0.0100
639,1.1312,0.0000,60.7964,0.0100
639,1.1312,0.0000,61.8149,0.0100
640,1581.1836,0.0000,51.6239,0.0100
640,1581.1836,0.0000,50.5376,0.0100
640,1581.1836,0.0000,49.2349,0.0100
640,1581.1836,0.0000,50.7790,0.0100
640,1581.1836,0.0000,51.1405,0.0100
640,1581.1836,0.0000,49.6805,0.0100
640,1581.1836,0.0000,53.4840,0.0100
640,1581.1836,0.0000,50.6939,0.0100
641,1.1778,0.0000,62.6934,0.0100
641,1.1778,0.0000,56.2614,0.0100
641,1.1778,0.0000,57.3023,0.0100
641,1.1778,0.0000,58.7030,0.0100
641,1.1778,0.0000,54.5742,0.0100
641,1.1778,0.0000,56.6350,0.0100
641,1.1778,0.0000,58.3932,0.0100
641,1.1778,0.0000,58.6397,0.0100
642,768.1624,52.7947,68.4543,0.0100
642,768.1624,52.7962,68.5977,0.0100
642,768.1624,53.4683,71.8066,0.0100
642,768.1624,47.5013,69.3584,0.0100
642,768.1624,35.6966,66.0754,0.0100
642,768.1624,40.3697,66.4869,0.0100
642,768.1624,48.7201,66.7500,0.0100
642,768.1624,65.2997,70.1122,0.0100
643,0.8787,0.0000,70.4988,0.0100
643,0.8787,0.0000,71.4594,0.0100
643,0.8787,0.0000,75.9026,0.0100
643,0.8787,0.0000,75.4437,0.0100
643,0.8787,0.0000,67.2875,0.0100
643,0.8787,0.0000,68.0516,0.0100
643,0.8787,0.0000,66.2378,0.0100
643,0.8787,0.0000,74.2290,0.0100
644,1256.8220,0.0000,35.9711,0.0100
644,1256.8220,0.0000,37.8469,0.0100
644,1256.8220,0.0000,35.6440,0.0100
644,1256.8220,0.0000,35.7693,0.0100
644,1256.8220,0.0000,38.8138,0.0100
644,1256.8220,0.0000,36.3771,0.0100
644,1256.8220,0.0000,41.6704,0.0100
644,1256.8220,0.0000,35.9228,0.0100
645,1.1771,0.0000,43.3438,0.0100
645,1.1771,0.0000,40.9316,0.0100
645,1.1771,0.0000,39.8635,0.0100
645,1.1771,0.0000,40.3880,0.0100
645,1.1771,0.0000,38.9162,0.0100
645,1.1771,0.0000,37.7394,0.0100
645,1.1771,0.0000,46.0847,0.0100
645,1.1771,0.0000,41.5068,0.0100
646,1015.4161,0.0000,58.1543,0.0100
646,1015.4161,0.0000,58.4111,0.0100
646,1015.4161,0.0000,63.1880,0.0100
646,1015.4161,0.0000,60.8267,0.0100
646,1015.4161,0.0000,57.4220,0.0100
646,1015.4161,0.0000,58.3312,0.0100
646,1015.4161,0.0000,57.6571,0.0100
646,1015.4161,0.0000,60.4619,0.0100
647,1.0825,0.0000,59.3538,0.0100
647,1.0825,0.0000,61.3669,0.0100
647,1.0825,0.0000,67.1530,0.0100
647,1.0825,0.0000,67.3116,0.0100
647,1.0825,0.0000,58.5783,0.0100
647,1.0825,0.0000,59.2194,0.0100
647,1.0825,0.0000,56.9682,0.0100
647,1.0825,0.0000,64.9343,0.0100
648,6500.4812,46.2184,46.6826,0.0100
648,6500.4812,63.1271,45.9286,0.0100
648,6500.4812,40.0304,47.4714,0.0100
648,6500.4812,48.6448,49.1871,0.0100
648,6500.4812,56.2360,46.8658,0.0100
648,6500.4812,40.9335,48.0221,0.0100
648,6500.4812,23.6009,49.3568,0.0100
648,6500.4812,61.1568,46.8702,0.0100
649,1.2436,0.0000,65.6533,0.0100
649,1.2436,0.0000,60.5875,0.0100
649,1.2436,0.0000,63.5209,0.0100
649,1.2436,0.0000,65.6915,0.0100
649,1.2436,0.0000,58.8645,0.0100
649,1.2436,0.0000,0.0000,0.0100
649,1.2436,0.0000,61.8673,0.0100
649,1.2436,0.0000,63.3724,0.0100
650,2504.5984,0.0000,52.5627,0.0100
650,2504.5984,0.0000,51.5435,0.0100
650,2504.5984,0.0000,51.6173,0.0100
650,2504.5984,0.0000,53.5022,0.0100
650,2504.5984,0.0000,52.5125,0.0100
650,2504.5984,0.0000,52.3960,0.0100
650,2504.5984,0.0000,54.8186,0.0100
651,1.2392,0.0000,61.8921,0.0100
651,1.2392,0.0000,55.6013,0.0100
651,1.2392,0.0000,60.6600,0.0100
651,1.2392,0.0000,61.5738,0.0100
651,1.2392,0.0000,56.7961,0.0100
651,1.2392,0.0000,59.1729,0.0100
651,1.2392,0.0000,59.6663,0.0100
651,1.2392,0.0000,58.6198,0.0100
652,2625.6502,36.0153,50.0184,0.0100
652,2625.6502,58.5193,49.8232,0.0100
652,2625.6502,56.4018,49.3701,0.0100
652,2625.6502,49.4507,51.2180,0.0100
652,2625.6502,33.7921,50.5680,0.0100
652,2625.6502,36.0373,50.3127,0.0100
652,2625.6502,55.5081,53.0974,0.0100
652,2625.6502,45.4888,50.0222,0.0100
653,1.2231,0.0000,64.3094,0.0100
653,1.2231,0.0000,62.0155,0.0100
653,1.2231,0.0000,59.9763,0.0100
653,1.2231,0.0000,58.1600,0.0100
653,1.2231,0.0000,57.4129,0.0100
653,1.2231,0.0000,61.0542,0.0100
653,1.2231,0.0000,61.0126,0.0100
654,1304.1916,0.0000,42.4668,0.0100
654,1304.1916,0.0000,43.0704,0.0100
654,1304.1916,0.0000,50.4110,0.0100
654,1304.1916,0.0000,47.8552,0.0100
654,1304.1916,0.0000,43.3015,0.0100
654,1304.1916,0.0000,45.5101,0.0100
654,1304.1916,0.0000,42.7199,0.0100
654,1304.1916,0.0000,45.8191,0.0100
655,1.1528,0.0000,41.6989,0.0100
655,1.1528,0.0000,48.5038,0.0100
655,1.1528,0.0000,54.5073,0.0100
655,1.1528,0.0000,55.4359,0.0100
655,1.1528,0.0000,44.6571,0.0100
655,1.1528,0.0000,47.1133,0.0100
655,1.1528,0.0000,41.4992,0.0100
655,1.1528,0.0000,50.5056,0.0100
656,1518.6808,0.0000,60.8820,0.0100
656,1518.6808,0.0000,59.2824,0.0100
656,1518.6808,0.0000,58.5736,0.0100
656,1518.6808,0.0000,60.0374,0.0100
656,1518.6808,0.0000,59.5872,0.0100
656,1518.6808,0.0000,58.8836,0.0100
656,1518.6808,0.0000,61.8206,0.0100
656,1518.6808,0.0000,60.0569,0.0100
657,1.1833,0.0000,71.6003,0.0100
657,1.1833,0.0000,67.0455,0.0100
657,1.1833,0.0000,64.7160,0.0100
657,1.1833,0.0000,69.0988,0.0100
657,1.1833,0.0000,63.4209,0.0100
657,1.1833,0.0000,65.9173,0.0100
657,1.1833,0.0000,65.6326,0.0100
657,1.1833,0.0000,68.0346,0.0100
658,1233.9828,0.0000,19.1268,0.0100
658,1233.9828,0.0000,23.4296,0.0100
658,1233.9828,0.0000,23.8076,0.0100
658,1233.9828,0.0000,23.4094,0.0100
658,1233.9828,0.0000,23.2466,0.0100
658,1233.9828,0.0000,24.2683,0.0100
658,1233.9828,0.0000,26.9593,0.0100
658,1233.9828,0.0000,21.4088,0.0100
659,1.0380,0.0000,28.5073,0.0100
659,1.0380,0.0000,32.7950,0.0100
659,1.0380,0.0000,31.4633,0.0100
659,1.0380,0.0000,29.7986,0.0100
659,1.0380,0.0000,27.8106,0.0100
659,1.0380,0.0000,27.2227,0.0100
659,1.0380,0.0000,32.0326,0.0100
659,1.0380,0.0000,29.6973,0.0100
660,893.5635,0.0000,20.3832,0.0100
660,893.5635,0.0000,21.3617,0.0100
660,893.5635,0.0000,27.2766,0.0100
660,893.5635,0.0000,27.3279,0.0100
660,893.5635,0.0000,23.1482,0.0100
660,893.5635,0.0000,26.3984,0.0100
660,893.5635,0.0000,27.9512,0.0100
660,893.5635,0.0000,21.3364,0.0100
661,0.9414,0.0000,27.3606,0.0100
661,0.9414,0.0000,34.1301,0.0100
661,0.9414,0.0000,30.8488,0.0100
661,0.9414,0.0000,35.9578,0.0100
661,0.9414,0.0000,26.8669,0.0100
661,0.9414,0.0000,29.5369,0.0100
661,0.9414,0.0000,31.2110,0.0100
661,0.9414,0.0000,26.9883,0.0100
662,2120.8949,40.9974,45.4062,0.0100
662,2120.8949,58.2779,46.6199,0.0100
662,2120.8949,39.9882,52.6967,0.0100
662,2120.8949,48.5648,51.2263,0.0100
662,2120.8949,43.4079,48.4205,0.0100
662,2120.8949,48.3539,49.8907,0.0100
662,2120.8949,47.2132,48.3088,0.0100
662,2120.8949,67.8744,49.0441,0.0100
663,1.2507,0.0000,40.8924,0.0100
663,1.2507,0.0000,46.5694,0.0100
663,1.2507,0.0000,54.9457,0.0100
663,1.2507,0.0000,56.4963,0.0100
663,1.2507,0.0000,47.1276,0.0100
663,1.2507,0.0000,49.0574,0.0100
663,1.2507,0.0000,44.6039,0.0100
663,1.2507,0.0000,49.2349,0.0100
664,1270.6315,0.0000,65.9505,0.0100
664,1270.6315,0.0000,64.3634,0.0100
664,1270.6315,0.0000,64.7541,0.0100
664,1270.6315,0.0000,65.4949,0.0100
664,1270.6315,0.0000,64.4133,0.0100
664,1270.6315,0.0000,64.0555,0.0100
664,1270.6315,0.0000,65.9641,0.0100
664,1270.6315,0.0000,65.6325,0.0100
665,1.1302,0.0000,73.0485,0.0100
665,1.1302,0.0000,67.7537,0.0100
665,1.1302,0.0000,73.2427,0.0100
665,1.1302,0.0000,71.4632,0.0100
665,1.1302,0.0000,66.2602,0.0100
665,1.1302,0.0000,68.7593,0.0100
665,1.1302,0.0000,66.9329,0.0100
665,1.1302,0.0000,71.8223,0.0100
666,2780.1426,0.0000,52.8257,0.0100
666,2780.1426,0.0000,52.0584,0.0100
666,2780.1426,0.0000,55.5017,0.0100
666,2780.1426,0.0000,56.0901,0.0100
666,2780.1426,0.0000,54.0486,0.0100
666,2780.1426,0.0000,55.0911,0.0100
666,2780.1426,0.0000,55.7014,0.0100
666,2780.1426,0.0000,54.0097,0.0100
667,1.2260,0.0000,60.2477,0.0100
667,1.2260,0.0000,57.7999,0.0100
667,1.2260,0.0000,65.1809,0.0100
667,1.2260,0.0000,66.4537,0.0100
667,1.2260,0.0000,58.8600,0.0100
667,1.2260,0.0000,61.5653,0.0100
667,1.2260,0.0000,58.5942,0.0100
667,1.2260,0.0000,62.4166,0.0100
668,770.8598,0.0000,78.9022,0.0100
668,770.8598,0.0000,77.3287,0.0100
668,770.8598,0.0000,77.7563,0.0100
668,770.8598,0.0000,77.2994,0.0100
668,770.8598,0.0000,75.5759,0.0100
668,770.8598,0.0000,75.1083,0.0100
668,770.8598,0.0000,77.5003,0.0100
668,770.8598,0.0000,78.3419,0.0100
669,0.5880,0.0000,74.4827,0.0100
669,0.5880,0.0000,76.0519,0.0100
669,0.5880,0.0000,71.0550,0.0100
669,0.5880,0.0000,77.1082,0.0100
669,0.5880,0.0000,69.6950,0.0100
669,0.5880,0.0000,71.3499,0.0100
669,0.5880,0.0000,69.2371,0.0100
669,0.5880,0.0000,75.0563,0.0100
670,1223.9030,55.1515,21.8768,0.0100
670,1223.9030,46.1271,22.2415,0.0100
670,1223.9030,50.6193,29.0987,0.0100
670,1223.9030,31.2954,28.4704,0.0100
670,1223.9030,44.1449,23.4131,0.0100
670,1223.9030,48.7605,27.0438,0.0100
670,1223.9030,39.7302,25.5086,0.0100
670,1223.9030,32.9995,23.8733,0.0100
671,1.1491,0.0000,25.2391,0.0100
671,1.1491,0.0000,31.2600,0.0100
671,1.1491,0.0000,32.7771,0.0100
671,1.1491,0.0000,36.4292,0.0100
671,1.1491,0.0000,26.2961,0.0100
671,1.1491,0.0000,28.6366,0.0100
671,1.1491,0.0000,27.6703,0.0100
671,1.1491,0.0000,28.9857,0.0100
672,3384.1354,0.0000,49.2626,0.0100
672,3384.1354,0.0000,48.5346,0.0100
672,3384.1354,0.0000,48.7943,0.0100
672,3384.1354,0.0000,51.0505,0.0100
672,3384.1354,0.0000,49.8150,0.0100
672,3384.1354,0.0000,49.8073,0.0100
672,3384.1354,0.0000,51.8331,0.0100
672,3384.1354,0.0000,49.2187,0.0100
673,1.2087,0.0000,64.9629,0.0100
673,1.2087,0.0000,58.0045,0.0100
673,1.2087,0.0000,60.8084,0.0100
673,1.2087,0.0000,63.1445,0.0100
673,1.2087,0.0000,57.9341,0.0100
673,1.2087,0.0000,60.4358,0.0100
673,1.2087,0.0000,60.6583,0.0100
673,1.2087,0.0000,61.5257,0.0100
674,763.9983,0.0000,28.2240,0.0100
674,763.9983,0.0000,30.8894,0.0100
674,763.9983,0.0000,31.8996,0.0100
674,763.9983,0.0000,29.1723,0.0100
674,763.9983,0.0000,34.5777,0.0100
674,763.9983,0.0000,32.7407,0.0100
674,763.9983,0.0000,39.0073,0.0100
674,763.9983,0.0000,28.6237,0.0100
675,0.8178,0.0000,35.5764,0.0100
675,0.8178,0.0000,36.4696,0.0100
675,0.8178,0.0000,38.8332,0.0100
675,0.8178,0.0000,34.6346,0.0100
675,0.8178,0.0000,34.9582,0.0100
675,0.8178,0.0000,33.8252,0.0100
675,0.8178,0.0000,41.7543,0.0100
675,0.8178,0.0000,34.0167,0.0100
676,1017.5622,0.0000,71.5322,0.0100
676,1017.5622,0.0000,69.5334,0.0100
676,1017.5622,0.0000,68.9050,0.0100
676,1017.5622,0.0000,69.8042,0.0100
676,1017.5622,0.0000,69.1538,0.0100
676,1017.5622,0.0000,68.2421,0.0100
676,1017.5622,0.0000,70.8256,0.0100
676,1017.5622,0.0000,70.7110,0.0100
677,1.1030,0.0000,76.0235,0.0100
677,1.1030,0.0000,70.4439,0.0100
677,1.1030,0.0000,74.7220,0.0100
677,1.1030,0.0000,72.7386,0.0100
677,1.1030,0.0000,69.1284,0.0100
677,1.1030,0.0000,70.6588,0.0100
677,1.1030,0.0000,69.8158,0.0100
677,1.1030,0.0000,74.0931,0.0100
678,856.4830,74.6525,77.2286,0.0100
678,856.4830,88.7043,74.9357,0.0100
678,856.4830,63.9147,74.2046,0.0100
678,856.4830,67.5217,74.8670,0.0100
678,856.4830,78.8797,74.1943,0.0100
678,856.4830,66.6524,73.3820,0.0100
678,856.4830,67.3601,76.2844,0.0100
678,856.4830,84.9543,76.4228,0.0100
679,0.9413,0.0000,80.0053,0.0100
679,0.9413,0.0000,74.9721,0.0100
679,0.9413,0.0000,77.1134,0.0100
679,0.9413,0.0000,78.4727,0.0100
679,0.9413,0.0000,73.4107,0.0100
679,0.9413,0.0000,74.8335,0.0100
679,0.9413,0.0000,73.7572,0.0100
679,0.9413,0.0000,78.7527,0.0100
680,1095.0727,0.0000,41.5520,0.0100
680,1095.0727,0.0000,41.8734,0.0100
680,1095.0727,0.0000,50.0322,0.0100
680,1095.0727,0.0000,47.7742,0.0100
680,1095.0727,0.0000,42.5241,0.0100
680,1095.0727,0.0000,45.2043,0.0100
680,1095.0727,0.0000,41.5953,0.0100
680,1095.0727,0.0000,45.1436,0.0100
681,1.1042,0.0000,39.7740,0.0100
681,1.1042,0.0000,46.6761,0.0100
681,1.1042,0.0000,53.0011,0.0100
681,1.1042,0.0000,54.4640,0.0100
681,1.1042,0.0000,43.2662,0.0100
681,1.1042,0.0000,45.9576,0.0100
681,1.1042,0.0000,40.1410,0.0100
681,1.1042,0.0000,48.9454,0.0100
682,1611.2068,0.0000,54.4734,0.0100
682,1611.2068,0.0000,53.6540,0.0100
682,1611.2068,0.0000,52.5617,0.0100
682,1611.2068,0.0000,54.5624,0.0100
682,1611.2068,0.0000,55.4184,0.0100
682,1611.2068,0.0000,53.7622,0.0100
682,1611.2068,0.0000,57.2424,0.0100
682,1611.2068,0.0000,54.3279,0.0100
683,1.1918,0.0000,64.5000,0.0100
683,1.1918,0.0000,57.7938,0.0100
683,1.1918,0.0000,59.4282,0.0100
683,1.1918,0.0000,61.7105,0.0100
683,1.1918,0.0000,57.9576,0.0100
683,1.1918,0.0000,59.2403,0.0100
683,1.1918,0.0000,61.2870,0.0100
683,1.1918,0.0000,61.2371,0.0100
684,1491.7986,0.0000,59.3527,0.0100
684,1491.7986,0.0000,58.5127,0.0100
684,1491.7986,0.0000,61.3527,0.0100
684,1491.7986,0.0000,61.1026,0.0100
684,1491.7986,0.0000,59.4603,0.0100
684,1491.7986,0.0000,59.7645,0.0100
684,1491.7986,0.0000,60.2153,0.0100
684,1491.7986,0.0000,60.4630,0.0100
685,1.2008,0.0000,64.9266,0.0100
685,1.2008,0.0000,62.0476,0.0100
685,1.2008,0.0000,67.0555,0.0100
685,1.2008,0.0000,69.1044,0.0100
685,1.2008,0.0000,62.4131,0.0100
685,1.2008,0.0000,63.4856,0.0100
685,1.2008,0.0000,61.5914,0.0100
685,1.2008,0.0000,66.2512,0.0100
686,2682.3864,77.8020,25.5420,0.0100
686,2682.3864,67.7068,30.0189,0.0100
686,2682.3864,64.3802,28.7827,0.0100
686,2682.3864,93.3815,28.0115,0.0100
686,2682.3864,70.6903,28.4948,0.0100
686,2682.3864,59.8938,28.1944,0.0100
686,2682.3864,83.1672,30.4723,0.0100
686,2682.3864,71.8640,27.7899,0.0100
687,1.2447,0.0000,31.5714,0.0100
687,1.2447,0.0000,32.1086,0.0100
687,1.2447,0.0000,34.0418,0.0100
687,1.2447,0.0000,29.8214,0.0100
687,1.2447,0.0000,34.6543,0.0100
687,1.2447,0.0000,29.1834,0.0100
687,1.2447,0.0000,33.9148,0.0100
687,1.2447,0.0000,32.9328,0.0100
688,965.9769,0.0000,68.2342,0.0100
688,965.9769,0.0000,67.5352,0.0100
688,965.9769,0.0000,70.7050,0.0100
688,965.9769,0.0000,69.4466,0.0100
688,965.9769,0.0000,67.1385,0.0100
688,965.9769,0.0000,67.7233,0.0100
688,965.9769,0.0000,67.7812,0.0100
688,965.9769,0.0000,69.5038,0.0100
689,1.0391,0.0000,68.8344,0.0100
689,1.0391,0.0000,67.9448,0.0100
689,1.0391,0.0000,72.6964,0.0100
689,1.0391,0.0000,74.0453,0.0100
689,1.0391,0.0000,66.6790,0.0100
689,1.0391,0.0000,67.7921,0.0100
689,1.0391,0.0000,64.9899,0.0100
689,1.0391,0.0000,71.9593,0.0100
690,982.5958,0.0000,27.9832,0.0100
690,982.5958,0.0000,31.1807,0.0100
690,982.5958,0.0000,30.2782,0.0100
690,982.5958,0.0000,29.2011,0.0100
690,982.5958,0.0000,33.3194,0.0100
690,982.5958,0.0000,31.4487,0.0100
690,982.5958,0.0000,37.4155,0.0100
690,982.5958,0.0000,29.1287,0.0100
691,1.0816,0.0000,36.8454,0.0100
691,1.0816,0.0000,36.6440,0.0100
691,1.0816,0.0000,36.6993,0.0100
691,1.0816,0.0000,31.6420,0.0100
691,1.0816,0.0000,33.7772,0.0100
691,1.0816,0.0000,40.3963,0.0100
691,1.0816,0.0000,35.1755,0.0100
692,1226.3586,0.0000,64.5999,0.0100
692,1226.3586,0.0000,63.5059,0.0100
692,1226.3586,0.0000,65.8748,0.0100
692,1226.3586,0.0000,65.6734,0.0100
692,1226.3586,0.0000,64.0740,0.0100
692,1226.3586,0.0000,64.1682,0.0100
692,1226.3586,0.0000,64.8786,0.0100
692,1226.3586,0.0000,65.3875,0.0100
693,1.1608,0.0000,67.9667,0.0100
693,1.1608,0.0000,64.8759,0.0100
693,1.1608,0.0000,69.7409,0.0100
693,1.1608,0.0000,71.8178,0.0100
693,1.1608,0.0000,64.7843,0.0100
693,1.1608,0.0000,66.0868,0.0100
693,1.1608,0.0000,63.8309,0.0100
693,1.1608,0.0000,69.2530,0.0100
694,1097.7240,0.0000,37.5593,0.0100
694,1097.7240,0.0000,39.4848,0.0100
694,1097.7240,0.0000,37.6246,0.0100
694,1097.7240,0.0000,37.6006,0.0100
694,1097.7240,0.0000,41.5984,0.0100
694,1097.7240,0.0000,38.3464,0.0100
694,1097.7240,0.0000,44.3742,0.0100
694,1097.7240,0.0000,37.8735,0.0100
695,1.1214,0.0000,46.6668,0.0100
695,1.1214,0.0000,42.2325,0.0100
695,1.1214,0.0000,41.4303,0.0100
695,1.1214,0.0000,41.8605,0.0100
695,1.1214,0.0000,40.8476,0.0100
695,1.1214,0.0000,38.7186,0.0100
695,1.1214,0.0000,48.3557,0.0100
695,1.1214,0.0000,43.1820,0.0100
696,1069.6324,67.7928,64.3182,0.0100
696,1069.6324,58.1304,62.2825,0.0100
696,1069.6324,82.2360,60.4559,0.0100
696,1069.6324,48.9777,62.2855,0.0100
696,1069.6324,81.9953,63.8859,0.0100
696,1069.6324,47.2248,61.2726,0.0100
696,1069.6324,52.7839,65.6053,0.0100
696,1069.6324,48.2820,63.6300,0.0100
697,1.0917,0.0000,72.2230,0.0100
697,1.0917,0.0000,64.3702,0.0100
697,1.0917,0.0000,65.5423,0.0100
697,1.0917,0.0000,68.1047,0.0100
697,1.0917,0.0000,64.4505,0.0100
697,1.0917,0.0000,65.4333,0.0100
697,1.0917,0.0000,67.1405,0.0100
697,1.0917,0.0000,68.3496,0.0100
698,621.3686,0.0000,77.5537,0.0100
698,621.3686,0.0000,77.3909,0.0100
698,621.3686,0.0000,81.7260,0.0100
698,621.3686,0.0000,79.7369,0.0100
698,621.3686,0.0000,75.2488,0.0100
698,621.3686,0.0000,75.5995,0.0100
698,621.3686,0.0000,74.3514,0.0100
698,621.3686,0.0000,79.8851,0.0100
699,0.6368,0.0000,72.8703,0.0100
699,0.6368,0.0000,74.8731,0.0100
699,0.6368,0.0000,73.4526,0.0100
699,0.6368,0.0000,81.4831,0.0100
699,0.6368,0.0000,71.5562,0.0100
699,0.6368,0.0000,69.8687,0.0100
699,0.6368,0.0000,79.6288,0.0100
700,687.3399,0.0000,87.2081,0.0100
700,687.3399,0.0000,84.1417,0.0100
700,687.3399,0.0000,81.2088,0.0100
700,687.3399,0.0000,82.3301,0.0100
700,687.3399,0.0000,83.1426,0.0100
700,687.3399,0.0000,80.2086,0.0100
700,687.3399,0.0000,85.6007,0.0100
700,687.3399,0.0000,85.7319,0.0100
701,0.6939,0.0000,88.9047,0.0100
701,0.6939,0.0000,82.2987,0.0100
701,0.6939,0.0000,82.3432,0.0100
701,0.6939,0.0000,83.9325,0.0100
701,0.6939,0.0000,80.2999,0.0100
701,0.6939,0.0000,81.2707,0.0100
701,0.6939,0.0000,82.5311,0.0100
701,0.6939,0.0000,86.6570,0.0100
702,981.0375,0.0000,69.7072,0.0100
702,981.0375,0.0000,67.3977,0.0100
702,981.0375,0.0000,65.3322,0.0100
702,981.0375,0.0000,66.9915,0.0100
702,981.0375,0.0000,68.6125,0.0100
702,981.0375,0.0000,65.9316,0.0100
702,981.0375,0.0000,70.2164,0.0100
702,981.0375,0.0000,68.9928,0.0100
703,1.0516,0.0000,75.6020,0.0100
703,1.0516,0.0000,67.7381,0.0100
703,1.0516,0.0000,68.8176,0.0100
703,1.0516,0.0000,68.8193,0.0100
703,1.0516,0.0000,0.0000,0.0100
703,1.0516,0.0000,71.5019,0.0100
703,1.0516,0.0000,70.3098,0.0100
703,1.0516,0.0000,72.0735,0.0100
704,1257.4038,0.0000,20.3301,0.0100
704,1257.4038,0.0000,21.2164,0.0100
704,1257.4038,0.0000,25.8045,0.0100
704,1257.4038,0.0000,25.9997,0.0100
704,1257.4038,0.0000,22.1927,0.0100
704,1257.4038,0.0000,25.2980,0.0100
704,1257.4038,0.0000,25.2707,0.0100
704,1257.4038,0.0000,21.2806,0.0100
705,1.1734,0.0000,25.8810,0.0100
705,1.1734,0.0000,29.6490,0.0100
705,1.1734,0.0000,30.9668,0.0100
705,1.1734,0.0000,33.3768,0.0100
705,1.1734,0.0000,25.1219,0.0100
705,1.1734,0.0000,27.5545,0.0100
705,1.1734,0.0000,28.5691,0.0100
705,1.1734,0.0000,0.0000,0.0100
706,2640.3964,47.3634,44.2568,0.0100
706,2640.3964,63.7372,44.9173,0.0100
706,2640.3964,51.6273,50.2760,0.0100
706,2640.3964,61.5353,48.8729,0.0100
706,2640.3964,45.0116,46.9367,0.0100
706,2640.3964,58.8954,47.8151,0.0100
706,2640.3964,65.0146,46.5566,0.0100
706,2640.3964,60.6391,47.4591,0.0100
707,1.2357,0.0000,47.7119,0.0100
707,1.2357,0.0000,52.1862,0.0100
707,1.2357,0.0000,58.2242,0.0100
707,1.2357,0.0000,59.9463,0.0100
707,1.2357,0.0000,51.3861,0.0100
707,1.2357,0.0000,53.1176,0.0100
707,1.2357,0.0000,48.4332,0.0100
707,1.2357,0.0000,54.8758,0.0100
708,2314.0015,0.0000,58.6238,0.0100
708,2314.0015,0.0000,57.2635,0.0100
708,2314.0015,0.0000,57.9651,0.0100
708,2314.0015,0.0000,60.2643,0.0100
708,2314.0015,0.0000,59.0011,0.0100
708,2314.0015,0.0000,59.2372,0.0100
708,2314.0015,0.0000,60.6391,0.0100
708,2314.0015,0.0000,59.0523,0.0100
709,1.2276,0.0000,71.1715,0.0100
709,1.2276,0.0000,64.0761,0.0100
709,1.2276,0.0000,68.1679,0.0100
709,1.2276,0.0000,71.2694,0.0100
709,1.2276,0.0000,64.7383,0.0100
709,1.2276,0.0000,68.3495,0.0100
709,1.2276,0.0000,66.0816,0.0100
709,1.2276,0.0000,68.8029,0.0100
710,887.7768,0.0000,23.8206,0.0100
710,887.7768,0.0000,25.1469,0.0100
710,887.7768,0.0000,29.5590,0.0100
710,887.7768,0.0000,29.3413,0.0100
710,887.7768,0.0000,27.2920,0.0100
710,887.7768,0.0000,29.5603,0.0100
710,887.7768,0.0000,32.5438,0.0100
710,887.7768,0.0000,24.0733,0.0100
711,0.9468,0.0000,31.3091,0.0100
711,0.9468,0.0000,36.3401,0.0100
711,0.9468,0.0000,33.2355,0.0100
711,0.9468,0.0000,36.7360,0.0100
711,0.9468,0.0000,30.0799,0.0100
711,0.9468,0.0000,31.5173,0.0100
711,0.9468,0.0000,35.5247,0.0100
711,0.9468,0.0000,29.5332,0.0100
712,1091.7152,0.0000,22.3784,0.0100
712,1091.7152,0.0000,21.9343,0.0100
712,1091.7152,0.0000,29.0587,0.0100
712,1091.7152,0.0000,29.1054,0.0100
712,1091.7152,0.0000,23.7878,0.0100
712,1091.7152,0.0000,27.7134,0.0100
712,1091.7152,0.0000,27.1238,0.0100
712,1091.7152,0.0000,23.4214,0.0100
713,0.9673,0.0000,26.4043,0.0100
713,0.9673,0.0000,30.6956,0.0100
713,0.9673,0.0000,31.7355,0.0100
713,0.9673,0.0000,36.5348,0.0100
713,0.9673,0.0000,27.3865,0.0100
713,0.9673,0.0000,29.1758,0.0100
713,0.9673,0.0000,30.6165,0.0100
713,0.9673,0.0000,27.9828,0.0100
714,1023.5657,0.0000,22.7085,0.0100
714,1023.5657,0.0000,22.8233,0.0100
714,1023.5657,0.0000,29.8766,0.0100
714,1023.5657,0.0000,29.8530,0.0100
714,1023.5657,0.0000,24.2417,0.0100
714,1023.5657,0.0000,28.2271,0.0100
714,1023.5657,0.0000,28.0843,0.0100
714,1023.5657,0.0000,23.7269,0.0100
715,1.1032,0.0000,26.9458,0.0100
715,1.1032,0.0000,31.4403,0.0100
715,1.1032,0.0000,33.7130,0.0100
715,1.1032,0.0000,36.8843,0.0100
715,1.1032,0.0000,26.8950,0.0100
715,1.1032,0.0000,29.2840,0.0100
715,1.1032,0.0000,30.8765,0.0100
715,1.1032,0.0000,28.2236,0.0100
716,7716.2764,48.6808,29.9201,0.0100
716,7716.2764,37.1978,34.0662,0.0100
716,7716.2764,44.4200,32.4477,0.0100
716,7716.2764,39.2587,30.0742,0.0100
716,7716.2764,38.8574,31.2437,0.0100
716,7716.2764,42.0844,30.6878,0.0100
716,7716.2764,45.7701,32.1983,0.0100
716,7716.2764,49.8851,32.3269,0.0100
717,1.2374,0.0000,32.5443,0.0100
717,1.2374,0.0000,35.9122,0.0100
717,1.2374,0.0000,34.4515,0.0100
717,1.2374,0.0000,32.9060,0.0100
717,1.2374,0.0000,30.1737,0.0100
717,1.2374,0.0000,30.2283,0.0100
717,1.2374,0.0000,33.5737,0.0100
717,1.2374,0.0000,33.4553,0.0100
718,648.5393,0.0000,37.2875,0.0100
718,648.5393,0.0000,38.4236,0.0100
718,648.5393,0.0000,40.6968,0.0100
718,648.5393,0.0000,36.2950,0.0100
718,648.5393,0.0000,44.3661,0.0100
718,648.5393,0.0000,41.8149,0.0100
718,648.5393,0.0000,48.8292,0.0100
718,648.5393,0.0000,35.8251,0.0100
719,0.6801,0.0000,42.7648,0.0100
719,0.6801,0.0000,42.7155,0.0100
719,0.6801,0.0000,45.1170,0.0100
719,0.6801,0.0000,39.6677,0.0100
719,0.6801,0.0000,42.3090,0.0100
719,0.6801,0.0000,0.0000,0.0100
719,0.6801,0.0000,49.8380,0.0100
719,0.6801,0.0000,39.0664,0.0100
720,1016.2072,0.0000,25.0865,0.0100
720,1016.2072,0.0000,23.9892,0.0100
720,1016.2072,0.0000,32.5062,0.0100
720,1016.2072,0.0000,32.2854,0.0100
720,1016.2072,0.0000,26.1022,0.0100
720,1016.2072,0.0000,30.5570,0.0100
720,1016.2072,0.0000,29.4406,0.0100
720,1016.2072,0.0000,26.0558,0.0100
721,0.9043,0.0000,29.5365,0.0100
721,0.9043,0.0000,35.4629,0.0100
721,0.9043,0.0000,37.6765,0.0100
721,0.9043,0.0000,39.6113,0.0100
721,0.9043,0.0000,28.6983,0.0100
721,0.9043,0.0000,32.3360,0.0100
721,0.9043,0.0000,30.7674,0.0100
721,0.9043,0.0000,32.8166,0.0100
722,1724.1825,0.0000,66.1522,0.0100
722,1724.1825,0.0000,64.7196,0.0100
722,1724.1825,0.0000,65.6169,0.0100
722,1724.1825,0.0000,67.4670,0.0100
722,1724.1825,0.0000,66.2311,0.0100
722,1724.1825,0.0000,66.1714,0.0100
722,1724.1825,0.0000,67.3892,0.0100
722,1724.1825,0.0000,66.7070,0.0100
723,1.2111,0.0000,76.2163,0.0100
723,1.2111,0.0000,76.3695,0.0100
723,1.2111,0.0000,68.5779,0.0100
723,1.2111,0.0000,73.4516,0.0100
723,1.2111,0.0000,69.0882,0.0100
723,1.2111,0.0000,72.3601,0.0100
723,1.2111,0.0000,69.8854,0.0100
723,1.2111,0.0000,73.9533,0.0100
724,1129.4536,0.0000,71.6878,0.0100
724,1129.4536,0.0000,70.4574,0.0100
724,1129.4536,0.0000,73.0131,0.0100
724,1129.4536,0.0000,72.9015,0.0100
724,1129.4536,0.0000,70.6905,0.0100
724,1129.4536,0.0000,70.9934,0.0100
724,1129.4536,0.0000,71.7188,0.0100
724,1129.4536,0.0000,72.3792,0.0100
725,1.1056,0.0000,74.1843,0.0100
725,1.1056,0.0000,70.6945,0.0100
725,1.1056,0.0000,75.4903,0.0100
725,1.1056,0.0000,78.2114,0.0100
725,1.1056,0.0000,70.2620,0.0100
725,1.1056,0.0000,72.0794,0.0100
725,1.1056,0.0000,69.0887,0.0100
725,1.1056,0.0000,75.2808,0.0100
726,639.8315,0.0000,37.1895,0.0100
726,639.8315,0.0000,38.3430,0.0100
726,639.8315,0.0000,41.1676,0.0100
726,639.8315,0.0000,36.5636,0.0100
726,639.8315,0.0000,44.5681,0.0100
726,639.8315,0.0000,41.7719,0.0100
726,639.8315,0.0000,49.2621,0.0100
726,639.8315,0.0000,35.9113,0.0100
727,0.6345,0.0000,42.3204,0.0100
727,0.6345,0.0000,42.4955,0.0100
727,0.6345,0.0000,45.3093,0.0100
727,0.6345,0.0000,40.0584,0.0100
727,0.6345,0.0000,42.4195,0.0100
727,0.6345,0.0000,38.3153,0.0100
727,0.6345,0.0000,49.9577,0.0100
727,0.6345,0.0000,38.8410,0.0100
728,2316.4892,47.1821,27.2838,0.0100
728,2316.4892,34.4614,31.8266,0.0100
728,2316.4892,20.2332,30.4005,0.0100
728,2316.4892,46.2302,29.7104,0.0100
728,2316.4892,33.4323,30.1727,0.0100
728,2316.4892,59.4613,30.0959,0.0100
728,2316.4892,51.3966,32.5293,0.0100
728,2316.4892,33.7382,29.5178,0.0100
729,1.2125,0.0000,35.8792,0.0100
729,1.2125,0.0000,37.3649,0.0100
729,1.2125,0.0000,35.0305,0.0100
729,1.2125,0.0000,36.4464,0.0100
729,1.2125,0.0000,32.5285,0.0100
729,1.2125,0.0000,31.7685,0.0100
729,1.2125,0.0000,36.6467,0.0100
729,1.2125,0.0000,35.8008,0.0100
730,1343.8276,0.0000,64.3016,0.0100
730,1343.8276,0.0000,63.6068,0.0100
730,1343.8276,0.0000,68.0744,0.0100
730,1343.8276,0.0000,67.0740,0.0100
730,1343.8276,0.0000,64.4611,0.0100
730,1343.8276,0.0000,65.3372,0.0100
730,1343.8276,0.0000,64.9769,0.0100
730,1343.8276,0.0000,66.0796,0.0100
731,1.2031,0.0000,65.9737,0.0100
731,1.2031,0.0000,64.1490,0.0100
731,1.2031,0.0000,70.4589,0.0100
731,1.2031,0.0000,72.8075,0.0100
731,1.2031,0.0000,64.9519,0.0100
731,1.2031,0.0000,65.8623,0.0100
731,1.2031,0.0000,63.1437,0.0100
731,1.2031,0.0000,68.7139,0.0100
732,1044.9253,0.0000,79.7719,0.0100
732,1044.9253,0.0000,78.1136,0.0100
732,1044.9253,0.0000,78.0594,0.0100
732,1044.9253,0.0000,79.1154,0.0100
732,1044.9253,0.0000,77.8398,0.0100
732,1044.9253,0.0000,77.1855,0.0100
732,1044.9253,0.0000,79.3731,0.0100
732,1044.9253,0.0000,79.7769,0.0100
733,1.1276,0.0000,83.5678,0.0100
733,1.1276,0.0000,82.7815,0.0100
733,1.1276,0.0000,80.2781,0.0100
733,1.1276,0.0000,76.1206,0.0100
733,1.1276,0.0000,76.6845,0.0100
733,1.1276,0.0000,78.2760,0.0100
733,1.1276,0.0000,76.4498,0.0100
733,1.1276,0.0000,81.5140,0.0100
734,2359.3337,0.0000,48.1405,0.0100
734,2359.3337,0.0000,49.1239,0.0100
734,2359.3337,0.0000,47.4080,0.0100
734,2359.3337,0.0000,49.2482,0.0100
734,2359.3337,0.0000,50.1866,0.0100
734,2359.3337,0.0000,48.5631,0.0100
734,2359.3337,0.0000,52.1297,0.0100
734,2359.3337,0.0000,48.2219,0.0100
735,1.2437,0.0000,52.3055,0.0100
735,1.2437,0.0000,45.7393,0.0100
735,1.2437,0.0000,48.5364,0.0100
735,1.2437,0.0000,50.7524,0.0100
735,1.2437,0.0000,45.6968,0.0100
735,1.2437,0.0000,48.3574,0.0100
735,1.2437,0.0000,51.8213,0.0100
735,1.2437,0.0000,48.8041,0.0100
736,1252.8301,59.6373,67.9269,0.0100
736,1252.8301,39.9964,67.0027,0.0100
736,1252.8301,34.8715,71.0116,0.0100
736,1252.8301,45.6719,69.9960,0.0100
736,1252.8301,51.2917,67.5545,0.0100
736,1252.8301,41.1685,68.0867,0.0100
736,1252.8301,32.7141,68.2367,0.0100
736,1252.8301,33.0334,69.2310,0.0100
737,1.1547,0.0000,69.7852,0.0100
737,1.1547,0.0000,67.2662,0.0100
737,1.1547,0.0000,73.2555,0.0100
737,1.1547,0.0000,75.5884,0.0100
737,1.1547,0.0000,67.4971,0.0100
737,1.1547,0.0000,68.5031,0.0100
737,1.1547,0.0000,65.8438,0.0100
737,1.1547,0.0000,71.7401,0.0100
738,725.7891,0.0000,28.3064,0.0100
738,725.7891,0.0000,26.4319,0.0100
738,725.7891,0.0000,38.1993,0.0100
738,725.7891,0.0000,37.5326,0.0100
738,725.7891,0.0000,30.9096,0.0100
738,725.7891,0.0000,35.4455,0.0100
738,725.7891,0.0000,37.0145,0.0100
738,725.7891,0.0000,28.5954,0.0100
739,0.8176,0.0000,30.4993,0.0100
739,0.8176,0.0000,33.5810,0.0100
739,0.8176,0.0000,39.6149,0.0100
739,0.8176,0.0000,42.1230,0.0100
739,0.8176,0.0000,30.1572,0.0100
739,0.8176,0.0000,32.6710,0.0100
739,0.8176,0.0000,36.1457,0.0100
739,0.8176,0.0000,29.5650,0.0100
740,1185.0506,0.0000,58.7940,0.0100
740,1185.0506,0.0000,58.5564,0.0100
740,1185.0506,0.0000,65.4518,0.0100
740,1185.0506,0.0000,63.3139,0.0100
740,1185.0506,0.0000,59.0930,0.0100
740,1185.0506,0.0000,60.4198,0.0100
740,1185.0506,0.0000,58.6268,0.0100
740,1185.0506,0.0000,61.5527,0.0100
741,1.1505,0.0000,57.0241,0.0100
741,1.1505,0.0000,66.6172,0.0100
741,1.1505,0.0000,59.5944,0.0100
741,1.1505,0.0000,68.3295,0.0100
741,1.1505,0.0000,58.0953,0.0100
741,1.1505,0.0000,59.8789,0.0100
741,1.1505,0.0000,55.6110,0.0100
741,1.1505,0.0000,63.1971,0.0100
742,778.0392,0.0000,29.1432,0.0100
742,778.0392,0.0000,31.3192,0.0100
742,778.0392,0.0000,34.8069,0.0100
742,778.0392,0.0000,32.9422,0.0100
742,778.0392,0.0000,34.3483,0.0100
742,778.0392,0.0000,34.8190,0.0100
742,778.0392,0.0000,39.7908,0.0100
742,778.0392,0.0000,28.7983,0.0100
743,0.4587,0.0000,35.3610,0.0100
743,0.4587,0.0000,36.9864,0.0100
743,0.4587,0.0000,37.8228,0.0100
743,0.4587,0.0000,36.1825,0.0100
743,0.4587,0.0000,32.9896,0.0100
743,0.4587,0.0000,33.4871,0.0100
743,0.4587,0.0000,37.9695,0.0100
743,0.4587,0.0000,33.4224,0.0100
744,2214.4053,0.0000,25.9082,0.0100
744,2214.4053,0.0000,26.9599,0.0100
744,2214.4053,0.0000,29.6712,0.0100
744,2214.4053,0.0000,29.0068,0.0100
744,2214.4053,0.0000,26.9763,0.0100
744,2214.4053,0.0000,28.6343,0.0100
744,2214.4053,0.0000,27.9850,0.0100
744,2214.4053,0.0000,27.3069,0.0100
745,1.2196,0.0000,28.0678,0.0100
745,1.2196,0.0000,32.7437,0.0100
745,1.2196,0.0000,32.9764,0.0100
745,1.2196,0.0000,35.4744,0.0100
745,1.2196,0.0000,27.5593,0.0100
745,1.2196,0.0000,30.0818,0.0100
745,1.2196,0.0000,29.5252,0.0100
745,1.2196,0.0000,30.2763,0.0100
746,942.1066,60.6352,85.4932,0.0100
746,942.1066,37.9424,82.6705,0.0100
746,942.1066,36.1746,81.2724,0.0100
746,942.1066,57.3912,82.4184,0.0100
746,942.1066,61.0852,82.0073,0.0100
746,942.1066,52.3572,80.2455,0.0100
746,942.1066,67.1214,83.8978,0.0100
746,942.1066,63.0102,83.8452,0.0100
747,1.0479,0.0000,88.8394,0.0100
747,1.0479,0.0000,80.7207,0.0100
747,1.0479,0.0000,82.8924,0.0100
747,1.0479,0.0000,84.8782,0.0100
747,1.0479,0.0000,79.4576,0.0100
747,1.0479,0.0000,81.1286,0.0100
747,1.0479,0.0000,80.3196,0.0100
747,1.0479,0.0000,84.9783,0.0100
748,867.2271,0.0000,88.3550,0.0100
748,867.2271,0.0000,85.8157,0.0100
748,867.2271,0.0000,85.3391,0.0100
748,867.2271,0.0000,85.6890,0.0100
748,867.2271,0.0000,84.3664,0.0100
748,867.2271,0.0000,83.2244,0.0100
748,867.2271,0.0000,86.5727,0.0100
748,867.2271,0.0000,86.8824,0.0100
749,0.9162,0.0000,89.6435,0.0100
749,0.9162,0.0000,83.1459,0.0100
749,0.9162,0.0000,86.2462,0.0100
749,0.9162,0.0000,87.4719,0.0100
749,0.9162,0.0000,81.0373,0.0100
749,0.9162,0.0000,82.9596,0.0100
749,0.9162,0.0000,81.1915,0.0100
749,0.9162,0.0000,87.1810,0.0100
750,1033.4084,0.0000,28.0927,0.0100
750,1033.4084,0.0000,26.6397,0.0100
750,1033.4084,0.0000,36.2132,0.0100
750,1033.4084,0.0000,35.5695,0.0100
750,1033.4084,0.0000,29.2853,0.0100
750,1033.4084,0.0000,33.8227,0.0100
750,1033.4084,0.0000,32.2813,0.0100
750,1033.4084,0.0000,29.2833,0.0100
751,1.0888,0.0000,29.5777,0.0100
751,1.0888,0.0000,34.6226,0.0100
751,1.0888,0.0000,37.6064,0.0100
751,1.0888,0.0000,42.2776,0.0100
751,1.0888,0.0000,30.2572,0.0100
751,1.0888,0.0000,33.2005,0.0100
751,1.0888,0.0000,32.6196,0.0100
751,1.0888,0.0000,32.1296,0.0100
752,934.3144,0.0000,85.3466,0.0100
752,934.3144,0.0000,82.6780,0.0100
752,934.3144,0.0000,80.7338,0.0100
752,934.3144,0.0000,82.1109,0.0100
752,934.3144,0.0000,82.3634,0.0100
752,934.3144,0.0000,80.3344,0.0100
752,934.3144,0.0000,84.1836,0.0100
752,934.3144,0.0000,84.0327,0.0100
753,1.0268,0.0000,89.4490,0.0100
753,1.0268,0.0000,80.6952,0.0100
753,1.0268,0.0000,82.2014,0.0100
753,1.0268,0.0000,84.4518,0.0100
753,1.0268,0.0000,79.6811,0.0100
753,1.0268,0.0000,81.4497,0.0100
753,1.0268,0.0000,80.9553,0.0100
753,1.0268,0.0000,85.4698,0.0100
754,841.2751,0.0000,27.2888,0.0100
754,841.2751,0.0000,25.5039,0.0100
754,841.2751,0.0000,35.3650,0.0100
754,841.2751,0.0000,34.5364,0.0100
754,841.2751,0.0000,28.2184,0.0100
754,841.2751,0.0000,32.5502,0.0100
754,841.2751,0.0000,32.4674,0.0100
754,841.2751,0.0000,27.3008,0.0100
755,0.4816,0.0000,29.8117,0.0100
755,0.4816,0.0000,35.0195,0.0100
755,0.4816,0.0000,36.1952,0.0100
755,0.4816,0.0000,40.3160,0.0100
755,0.4816,0.0000,29.6713,0.0100
755,0.4816,0.0000,31.6379,0.0100
755,0.4816,0.0000,31.8546,0.0100
755,0.4816,0.0000,31.0613,0.0100
756,1418.9709,0.0000,60.2284,0.0100
756,1418.9709,0.0000,61.6142,0.0100
756,1418.9709,0.0000,58.4289,0.0100
756,1418.9709,0.0000,60.2304,0.0100
756,1418.9709,0.0000,62.1291,0.0100
756,1418.9709,0.0000,59.4705,0.0100
756,1418.9709,0.0000,63.8551,0.0100
756,1418.9709,0.0000,60.4667,0.0100
757,1.1847,0.0000,71.0176,0.0100
757,1.1847,0.0000,61.0518,0.0100
757,1.1847,0.0000,62.4884,0.0100
757,1.1847,0.0000,64.5305,0.0100
757,1.1847,0.0000,61.5412,0.0100
757,1.1847,0.0000,62.3731,0.0100
757,1.1847,0.0000,65.2028,0.0100
757,1.1847,0.0000,64.6691,0.0100
758,643.5874,51.1745,31.7308,0.0100
758,643.5874,49.7925,29.4567,0.0100
758,643.5874,42.2276,42.2120,0.0100
758,643.5874,51.1264,41.1430,0.0100
758,643.5874,57.5541,35.3724,0.0100
758,643.5874,56.3354,39.6879,0.0100
758,643.5874,54.7052,42.7403,0.0100
758,643.5874,52.7908,31.2968,0.0100
759,0.7038,0.0000,33.2151,0.0100
759,0.7038,0.0000,34.9867,0.0100
759,0.7038,0.0000,43.2376,0.0100
759,0.7038,0.0000,44.5905,0.0100
759,0.7038,0.0000,33.1960,0.0100
759,0.7038,0.0000,35.1069,0.0100
759,0.7038,0.0000,40.0020,0.0100
759,0.7038,0.0000,29.9560,0.0100
760,753.3617,0.0000,83.7156,0.0100
760,753.3617,0.0000,83.2427,0.0100
760,753.3617,0.0000,86.3139,0.0100
760,753.3617,0.0000,84.4712,0.0100
760,753.3617,0.0000,81.0867,0.0100
760,753.3617,0.0000,81.0338,0.0100
760,753.3617,0.0000,81.6129,0.0100
760,753.3617,0.0000,84.6568,0.0100
761,0.8443,0.0000,80.2040,0.0100
761,0.8443,0.0000,79.4823,0.0100
761,0.8443,0.0000,85.3750,0.0100
761,0.8443,0.0000,85.2536,0.0100
761,0.8443,0.0000,76.8458,0.0100
761,0.8443,0.0000,77.7716,0.0100
761,0.8443,0.0000,75.5401,0.0100
761,0.8443,0.0000,82.9256,0.0100
762,3580.0068,0.0000,55.2520,0.0100
762,3580.0068,0.0000,55.3455,0.0100
762,3580.0068,0.0000,59.4158,0.0100
762,3580.0068,0.0000,59.4563,0.0100
762,3580.0068,0.0000,57.9409,0.0100
762,3580.0068,0.0000,58.3870,0.0100
762,3580.0068,0.0000,58.7561,0.0100
762,3580.0068,0.0000,57.5844,0.0100
763,1.2302,0.0000,67.1359,0.0100
763,1.2302,0.0000,63.3940,0.0100
763,1.2302,0.0000,69.8123,0.0100
763,1.2302,0.0000,72.4417,0.0100
763,1.2302,0.0000,64.6227,0.0100
763,1.2302,0.0000,66.7060,0.0100
763,1.2302,0.0000,63.5472,0.0100
763,1.2302,0.0000,68.0107,0.0100
764,759.0305,0.0000,28.4921,0.0100
764,759.0305,0.0000,27.1408,0.0100
764,759.0305,0.0000,37.2673,0.0100
764,759.0305,0.0000,36.6162,0.0100
764,759.0305,0.0000,31.0762,0.0100
764,759.0305,0.0000,35.3108,0.0100
764,759.0305,0.0000,37.5056,0.0100
764,759.0305,0.0000,28.1906,0.0100
765,0.8416,0.0000,31.7856,0.0100
765,0.8416,0.0000,34.2832,0.0100
765,0.8416,0.0000,39.9282,0.0100
765,0.8416,0.0000,41.8179,0.0100
765,0.8416,0.0000,31.0600,0.0100
765,0.8416,0.0000,33.0247,0.0100
765,0.8416,0.0000,37.1651,0.0100
765,0.8416,0.0000,29.1896,0.0100
766,1148.0621,0.0000,30.3459,0.0100
766,1148.0621,0.0000,34.2554,0.0100
766,1148.0621,0.0000,32.7950,0.0100
766,1148.0621,0.0000,31.9749,0.0100
766,1148.0621,0.0000,35.2585,0.0100
766,1148.0621,0.0000,33.9231,0.0100
766,1148.0621,0.0000,39.1810,0.0100
766,1148.0621,0.0000,31.7056,0.0100
767,1.1096,0.0000,40.5112,0.0100
767,1.1096,0.0000,40.4746,0.0100
767,1.1096,0.0000,39.6194,0.0100
767,1.1096,0.0000,38.1327,0.0100
767,1.1096,0.0000,36.5423,0.0100
767,1.1096,0.0000,34.7627,0.0100
767,1.1096,0.0000,42.4304,0.0100
767,1.1096,0.0000,38.9749,0.0100
768,1706.5445,101.9730,60.6573,0.0100
768,1706.5445,72.5465,59.9172,0.0100
768,1706.5445,59.0673,58.4942,0.0100
768,1706.5445,66.8658,60.1536,0.0100
768,1706.5445,66.6273,61.5070,0.0100
768,1706.5445,78.5475,59.2001,0.0100
768,1706.5445,61.9754,63.1846,0.0100
768,1706.5445,89.5639,60.0088,0.0100
769,1.1803,0.0000,71.5194,0.0100
769,1.1803,0.0000,62.0928,0.0100
769,1.1803,0.0000,63.9476,0.0100
769,1.1803,0.0000,65.6575,0.0100
769,1.1803,0.0000,62.1178,0.0100
769,1.1803,0.0000,63.1647,0.0100
769,1.1803,0.0000,65.4055,0.0100
769,1.1803,0.0000,65.5978,0.0100
770,688.3564,0.0000,36.9364,0.0100
770,688.3564,0.0000,38.7376,0.0100
770,688.3564,0.0000,41.6317,0.0100
770,688.3564,0.0000,37.3688,0.0100
770,688.3564,0.0000,44.2964,0.0100
770,688.3564,0.0000,42.3824,0.0100
770,688.3564,0.0000,48.9836,0.0100
770,688.3564,0.0000,35.9646,0.0100
771,0.7193,0.0000,41.8525,0.0100
771,0.7193,0.0000,42.4108,0.0100
771,0.7193,0.0000,45.4644,0.0100
771,0.7193,0.0000,40.8523,0.0100
771,0.7193,0.0000,41.7232,0.0100
771,0.7193,0.0000,38.9972,0.0100
771,0.7193,0.0000,49.0046,0.0100
771,0.7193,0.0000,38.4653,0.0100
772,2729.1084,0.0000,54.2859,0.0100
772,2729.1084,0.0000,54.5041,0.0100
772,2729.1084,0.0000,53.7478,0.0100
772,2729.1084,0.0000,55.5183,0.0100
772,2729.1084,0.0000,55.8399,0.0100
772,2729.1084,0.0000,54.2750,0.0100
772,2729.1084,0.0000,57.5495,0.0100
772,2729.1084,0.0000,54.2459,0.0100
773,1.2067,0.0000,67.6034,0.0100
773,1.2067,0.0000,58.6079,0.0100
773,1.2067,0.0000,60.5880,0.0100
773,1.2067,0.0000,62.3264,0.0100
773,1.2067,0.0000,58.6650,0.0100
773,1.2067,0.0000,60.3161,0.0100
773,1.2067,0.0000,62.2965,0.0100
773,1.2067,0.0000,61.9703,0.0100
774,882.6499,0.0000,35.2487,0.0100
774,882.6499,0.0000,37.8551,0.0100
774,882.6499,0.0000,37.3982,0.0100
774,882.6499,0.0000,35.2250,0.0100
774,882.6499,0.0000,41.0361,0.0100
774,882.6499,0.0000,38.4965,0.0100
774,882.6499,0.0000,45.2757,0.0100
774,882.6499,0.0000,35.4779,0.0100
775,0.9612,0.0000,43.8748,0.0100
775,0.9612,0.0000,42.8912,0.0100
775,0.9612,0.0000,43.0892,0.0100
775,0.9612,0.0000,39.7607,0.0100
775,0.9612,0.0000,39.8765,0.0100
775,0.9612,0.0000,37.0000,0.0100
775,0.9612,0.0000,47.0970,0.0100
775,0.9612,0.0000,40.4654,0.0100
776,3058.4539,65.1598,38.5864,0.0100
776,3058.4539,67.7816,39.2599,0.0100
776,3058.4539,78.0438,44.4992,0.0100
776,3058.4539,80.6192,41.9615,0.0100
776,3058.4539,71.7310,40.5164,0.0100
776,3058.4539,74.7773,41.0849,0.0100
776,3058.4539,86.0151,39.2626,0.0100
776,3058.4539,90.3394,40.7576,0.0100
777,1.2313,0.0000,33.2526,0.0100
777,1.2313,0.0000,38.0218,0.0100
777,1.2313,0.0000,42.1536,0.0100
777,1.2313,0.0000,45.3584,0.0100
777,1.2313,0.0000,36.1768,0.0100
777,1.2313,0.0000,38.6965,0.0100
777,1.2313,0.0000,34.6972,0.0100
777,1.2313,0.0000,37.7004,0.0100
778,961.0144,0.0000,31.5436,0.0100
778,961.0144,0.0000,35.2875,0.0100
778,961.0144,0.0000,34.6816,0.0100
778,961.0144,0.0000,32.8047,0.0100
778,961.0144,0.0000,37.4082,0.0100
778,961.0144,0.0000,36.0975,0.0100
778,961.0144,0.0000,41.7686,0.0100
778,961.0144,0.0000,32.5734,0.0100
779,1.0581,0.0000,40.2127,0.0100
779,1.0581,0.0000,40.2740,0.0100
779,1.0581,0.0000,40.7740,0.0100
779,1.0581,0.0000,37.6503,0.0100
779,1.0581,0.0000,37.0523,0.0100
779,1.0581,0.0000,35.3483,0.0100
779,1.0581,0.0000,43.2565,0.0100
779,1.0581,0.0000,37.5539,0.0100
780,975.4071,0.0000,86.0422,0.0100
780,975.4071,0.0000,83.6349,0.0100
780,975.4071,0.0000,82.0904,0.0100
780,975.4071,0.0000,82.5974,0.0100
780,975.4071,0.0000,82.7435,0.0100
780,975.4071,0.0000,80.2501,0.0100
780,975.4071,0.0000,84.4625,0.0100
780,975.4071,0.0000,84.2471,0.0100
781,1.0618,0.0000,89.4994,0.0100
781,1.0618,0.0000,80.8719,0.0100
781,1.0618,0.0000,82.8921,0.0100
781,1.0618,0.0000,84.1183,0.0100
781,1.0618,0.0000,79.0266,0.0100
781,1.0618,0.0000,80.1673,0.0100
781,1.0618,0.0000,80.0299,0.0100
781,1.0618,0.0000,84.6409,0.0100
782,898.0620,0.0000,84.4310,0.0100
782,898.0620,0.0000,83.2080,0.0100
782,898.0620,0.0000,85.1546,0.0100
782,898.0620,0.0000,83.6060,0.0100
782,898.0620,0.0000,81.4991,0.0100
782,898.0620,0.0000,80.9942,0.0100
782,898.0620,0.0000,82.9368,0.0100
782,898.0620,0.0000,84.0048,0.0100
783,0.9868,0.0000,83.2026,0.0100
783,0.9868,0.0000,79.4085,0.0100
783,0.9868,0.0000,84.5823,0.0100
783,0.9868,0.0000,84.8118,0.0100
783,0.9868,0.0000,77.7081,0.0100
783,0.9868,0.0000,78.3792,0.0100
783,0.9868,0.0000,76.7341,0.0100
783,0.9868,0.0000,82.6581,0.0100
784,14220.5677,59.5686,50.3498,0.0100
784,14220.5677,62.4638,50.1977,0.0100
784,14220.5677,49.2581,53.3722,0.0100
784,14220.5677,63.1562,53.4291,0.0100
784,14220.5677,51.3756,53.1860,0.0100
784,14220.5677,71.0253,53.4347,0.0100
784,14220.5677,79.2057,54.1189,0.0100
784,14220.5677,70.7470,52.3387,0.0100
785,1.2662,0.0000,77.7694,0.0100
785,1.2662,0.0000,68.5932,0.0100
785,1.2662,0.0000,74.2630,0.0100
785,1.2662,0.0000,76.2979,0.0100
785,1.2662,0.0000,70.9166,0.0100
785,1.2662,0.0000,72.9020,0.0100
785,1.2662,0.0000,71.7446,0.0100
785,1.2662,0.0000,72.8944,0.0100
786,1265.7326,0.0000,27.6495,0.0100
786,1265.7326,0.0000,26.9406,0.0100
786,1265.7326,0.0000,33.6614,0.0100
786,1265.7326,0.0000,33.0272,0.0100
786,1265.7326,0.0000,28.2581,0.0100
786,1265.7326,0.0000,31.9769,0.0100
786,1265.7326,0.0000,31.0353,0.0100
786,1265.7326,0.0000,27.6537,0.0100
787,1.0887,0.0000,30.7374,0.0100
787,1.0887,0.0000,35.0340,0.0100
787,1.0887,0.0000,34.0285,0.0100
787,1.0887,0.0000,39.4127,0.0100
787,1.0887,0.0000,31.9499,0.0100
787,1.0887,0.0000,32.8308,0.0100
787,1.0887,0.0000,33.2629,0.0100
787,1.0887,0.0000,31.8567,0.0100
788,1194.4516,0.0000,28.5077,0.0100
788,1194.4516,0.0000,33.0806,0.0100
788,1194.4516,0.0000,32.9075,0.0100
788,1194.4516,0.0000,32.1563,0.0100
788,1194.4516,0.0000,33.3721,0.0100
788,1194.4516,0.0000,34.6318,0.0100
788,1194.4516,0.0000,37.9574,0.0100
788,1194.4516,0.0000,30.3033,0.0100
789,1.1808,0.0000,36.8038,0.0100
789,1.1808,0.0000,38.5708,0.0100
789,1.1808,0.0000,38.5828,0.0100
789,1.1808,0.0000,36.8863,0.0100
789,1.1808,0.0000,34.8980,0.0100
789,1.1808,0.0000,33.9055,0.0100
789,1.1808,0.0000,39.6655,0.0100
789,1.1808,0.0000,35.1982,0.0100
790,932.5563,47.7386,40.0302,0.0100
790,932.5563,56.3457,42.5781,0.0100
790,932.5563,46.9399,40.9410,0.0100
790,932.5563,60.9163,39.6355,0.0100
790,932.5563,33.8011,44.9165,0.0100
790,932.5563,51.2762,42.5704,0.0100
790,932.5563,46.9248,49.7333,0.0100
790,932.5563,57.5339,39.7803,0.0100
791,1.0160,0.0000,48.7301,0.0100
791,1.0160,0.0000,0.0000,0.0100
791,1.0160,0.0000,45.7301,0.0100
791,1.0160,0.0000,43.3531,0.0100
791,1.0160,0.0000,43.5613,0.0100
791,1.0160,0.0000,39.9928,0.0100
791,1.0160,0.0000,50.9361,0.0100
791,1.0160,0.0000,44.2871,0.0100
792,1148.8568,0.0000,31.0102,0.0100
792,1148.8568,0.0000,35.1548,0.0100
792,1148.8568,0.0000,33.8680,0.0100
792,1148.8568,0.0000,33.3248,0.0100
792,1148.8568,0.0000,36.1681,0.0100
792,1148.8568,0.0000,35.5141,0.0100
792,1148.8568,0.0000,40.2884,0.0100
792,1148.8568,0.0000,32.1882,0.0100
793,1.1283,0.0000,40.9605,0.0100
793,1.1283,0.0000,41.2029,0.0100
793,1.1283,0.0000,40.6633,0.0100
793,1.1283,0.0000,38.9088,0.0100
793,1.1283,0.0000,37.4373,0.0100
793,1.1283,0.0000,36.0707,0.0100
793,1.1283,0.0000,42.5565,0.0100
793,1.1283,0.0000,38.5040,0.0100
794,1085.4064,0.0000,27.8911,0.0100
794,1085.4064,0.0000,30.6328,0.0100
794,1085.4064,0.0000,32.5757,0.0100
794,1085.4064,0.0000,31.6057,0.0100
794,1085.4064,0.0000,31.0175,0.0100
794,1085.4064,0.0000,32.8923,0.0100
794,1085.4064,0.0000,35.5433,0.0100
794,1085.4064,0.0000,27.7974,0.0100
795,0.9458,0.0000,36.0822,0.0100
795,0.9458,0.0000,38.1259,0.0100
795,0.9458,0.0000,39.4106,0.0100
795,0.9458,0.0000,37.9752,0.0100
795,0.9458,0.0000,31.0639,0.0100
795,0.9458,0.0000,34.1096,0.0100
795,0.9458,0.0000,34.0673,0.0100
795,0.9458,0.0000,34.5399,0.0100
796,877.0490,0.0000,29.3788,0.0100
796,877.0490,0.0000,29.3123,0.0100
796,877.0490,0.0000,36.4453,0.0100
796,877.0490,0.0000,35.9143,0.0100
796,877.0490,0.0000,31.9789,0.0100
796,877.0490,0.0000,35.8122,0.0100
796,877.0490,0.0000,38.0797,0.0100
796,877.0490,0.0000,28.8258,0.0100
797,0.9771,0.0000,34.5252,0.0100
797,0.9771,0.0000,36.5088,0.0100
797,0.9771,0.0000,40.5806,0.0100
797,0.9771,0.0000,41.5688,0.0100
797,0.9771,0.0000,32.9582,0.0100
797,0.9771,0.0000,34.9563,0.0100
797,0.9771,0.0000,38.8610,0.0100
797,0.9771,0.0000,30.5972,0.0100
798,975.8323,0.0000,91.2111,0.0100
798,975.8323,0.0000,87.0846,0.0100
798,975.8323,0.0000,84.7294,0.0100
798,975.8323,0.0000,85.2066,0.0100
798,975.8323,0.0000,86.5049,0.0100
798,975.8323,0.0000,82.8914,0.0100
798,975.8323,0.0000,87.8590,0.0100
798,975.8323,0.0000,87.3585,0.0100
799,1.0659,0.0000,95.4128,0.0100
799,1.0659,0.0000,83.7790,0.0100
799,1.0659,0.0000,85.3246,0.0100
799,1.0659,0.0000,86.0500,0.0100
799,1.0659,0.0000,82.1615,0.0100
799,1.0659,0.0000,82.3830,0.0100
799,1.0659,0.0000,83.1849,0.0100
799,1.0659,0.0000,87.2284,0.0100
800,814.0327,0.0000,101.0988,0.0100
800,814.0327,0.0000,96.9151,0.0100
800,814.0327,0.0000,95.5812,0.0100
800,814.0327,0.0000,94.8884,0.0100
800,814.0327,0.0000,94.4702,0.0100
800,814.0327,0.0000,92.0555,0.0100
800,814.0327,0.0000,96.4390,0.0100
800,814.0327,0.0000,96.9432,0.0100
801,0.8924,0.0000,100.4417,0.0100
801,0.8924,0.0000,91.5743,0.0100
801,0.8924,0.0000,94.4616,0.0100
801,0.8924,0.0000,93.5650,0.0100
801,0.8924,0.0000,88.9686,0.0100
801,0.8924,0.0000,89.4041,0.0100
801,0.8924,0.0000,88.4458,0.0100
801,0.8924,0.0000,94.3350,0.0100
802,1617.1158,63.7829,59.0064,0.0100
802,1617.1158,41.3772,58.9747,0.0100
802,1617.1158,42.0725,56.1306,0.0100
802,1617.1158,56.4232,57.1007,0.0100
802,1617.1158,42.5929,59.6417,0.0100
802,1617.1158,62.7343,56.4999,0.0100
802,1617.1158,63.8950,61.4740,0.0100
802,1617.1158,51.8546,56.7562,0.0100
803,1.1292,0.0000,60.8737,0.0100
803,1.1292,0.0000,52.0081,0.0100
803,1.1292,0.0000,54.7305,0.0100
803,1.1292,0.0000,55.5291,0.0100
803,1.1292,0.0000,52.1609,0.0100
803,1.1292,0.0000,52.7376,0.0100
803,1.1292,0.0000,57.9678,0.0100
803,1.1292,0.0000,53.6712,0.0100
804,2175.3998,0.0000,65.7439,0.0100
804,2175.3998,0.0000,64.7424,0.0100
804,2175.3998,0.0000,63.4106,0.0100
804,2175.3998,0.0000,65.1312,0.0100
804,2175.3998,0.0000,66.1291,0.0100
804,2175.3998,0.0000,63.4458,0.0100
804,2175.3998,0.0000,67.2927,0.0100
804,2175.3998,0.0000,64.0503,0.0100
805,1.2202,0.0000,77.9391,0.0100
805,1.2202,0.0000,67.3560,0.0100
805,1.2202,0.0000,69.4989,0.0100
805,1.2202,0.0000,71.1340,0.0100
805,1.2202,0.0000,67.2702,0.0100
805,1.2202,0.0000,67.9096,0.0100
805,1.2202,0.0000,69.4844,0.0100
805,1.2202,0.0000,70.1780,0.0100
806,1597.5488,0.0000,78.0720,0.0100
806,1597.5488,0.0000,75.6907,0.0100
806,1597.5488,0.0000,74.7234,0.0100
806,1597.5488,0.0000,75.9034,0.0100
806,1597.5488,0.0000,76.2098,0.0100
806,1597.5488,0.0000,73.7233,0.0100
806,1597.5488,0.0000,77.4431,0.0100
806,1597.5488,0.0000,75.9456,0.0100
807,1.2076,0.0000,88.2813,0.0100
807,1.2076,0.0000,76.7308,0.0100
807,1.2076,0.0000,79.7521,0.0100
807,1.2076,0.0000,81.7363,0.0100
807,1.2076,0.0000,76.4485,0.0100
807,1.2076,0.0000,77.8201,0.0100
807,1.2076,0.0000,76.9594,0.0100
807,1.2076,0.0000,80.4735,0.0100
808,914.9822,0.0000,71.8757,0.0100
808,914.9822,0.0000,70.0346,0.0100
808,914.9822,0.0000,78.3618,0.0100
808,914.9822,0.0000,74.5436,0.0100
808,914.9822,0.0000,69.7533,0.0100
808,914.9822,0.0000,70.9777,0.0100
808,914.9822,0.0000,68.4108,0.0100
808,914.9822,0.0000,72.7256,0.0100
809,0.9615,0.0000,65.8513,0.0100
809,0.9615,0.0000,67.4388,0.0100
809,0.9615,0.0000,76.8875,0.0100
809,0.9615,0.0000,76.5684,0.0100
809,0.9615,0.0000,65.6203,0.0100
809,0.9615,0.0000,67.1861,0.0100
809,0.9615,0.0000,62.1041,0.0100
809,0.9615,0.0000,71.5403,0.0100
810,732.5953,66.8286,37.3732,0.0100
810,732.5953,58.0067,38.4681,0.0100
810,732.5953,61.8505,42.3739,0.0100
810,732.5953,47.3496,40.0515,0.0100
810,732.5953,48.5294,44.0062,0.0100
810,732.5953,47.8858,43.1900,0.0100
810,732.5953,50.7407,49.7694,0.0100
810,732.5953,65.4512,36.0017,0.0100
811,0.8288,0.0000,41.5488,0.0100
811,0.8288,0.0000,42.4825,0.0100
811,0.8288,0.0000,46.0114,0.0100
811,0.8288,0.0000,43.7069,0.0100
811,0.8288,0.0000,41.5781,0.0100
811,0.8288,0.0000,40.8170,0.0100
811,0.8288,0.0000,49.5128,0.0100
811,0.8288,0.0000,37.3864,0.0100
812,1211.2208,0.0000,84.9366,0.0100
812,1211.2208,0.0000,82.6931,0.0100
812,1211.2208,0.0000,80.6245,0.0100
812,1211.2208,0.0000,81.6376,0.0100
812,1211.2208,0.0000,82.6186,0.0100
812,1211.2208,0.0000,79.4270,0.0100
812,1211.2208,0.0000,83.8733,0.0100
812,1211.2208,0.0000,82.7419,0.0100
813,1.0233,0.0000,89.2957,0.0100
813,1.0233,0.0000,80.6656,0.0100
813,1.0233,0.0000,83.0025,0.0100
813,1.0233,0.0000,84.9489,0.0100
813,1.0233,0.0000,78.5298,0.0100
813,1.0233,0.0000,81.2259,0.0100
813,1.0233,0.0000,79.4812,0.0100
813,1.0233,0.0000,84.0124,0.0100
814,671.4956,0.0000,112.6250,0.0100
814,671.4956,0.0000,108.4764,0.0100
814,671.4956,0.0000,104.4871,0.0100
814,671.4956,0.0000,103.9643,0.0100
814,671.4956,0.0000,105.5333,0.0100
814,671.4956,0.0000,100.9193,0.0100
814,671.4956,0.0000,107.7858,0.0100
814,671.4956,0.0000,108.2657,0.0100
815,0.7422,0.0000,110.7771,0.0100
815,0.7422,0.0000,101.8462,0.0100
815,0.7422,0.0000,101.5412,0.0100
815,0.7422,0.0000,100.8044,0.0100
815,0.7422,0.0000,98.6126,0.0100
815,0.7422,0.0000,97.4545,0.0100
815,0.7422,0.0000,99.5431,0.0100
815,0.7422,0.0000,104.5625,0.0100
816,1413.4711,0.0000,27.4703,0.0100
816,1413.4711,0.0000,27.7582,0.0100
816,1413.4711,0.0000,32.5814,0.0100
816,1413.4711,0.0000,32.4821,0.0100
816,1413.4711,0.0000,28.8186,0.0100
816,1413.4711,0.0000,31.8540,0.0100
816,1413.4711,0.0000,31.7997,0.0100
816,1413.4711,0.0000,27.7015,0.0100
817,1.1646,0.0000,32.3061,0.0100
817,1.1646,0.0000,36.3258,0.0100
817,1.1646,0.0000,37.1578,0.0100
817,1.1646,0.0000,40.1749,0.0100
817,1.1646,0.0000,31.1234,0.0100
817,1.1646,0.0000,33.8206,0.0100
817,1.1646,0.0000,0.0000,0.0100
817,1.1646,0.0000,32.6250,0.0100
818,829.1429,0.0000,95.0090,0.0100
818,829.1429,0.0000,93.5881,0.0100
818,829.1429,0.0000,95.6461,0.0100
818,829.1429,0.0000,93.3766,0.0100
818,829.1429,0.0000,91.1380,0.0100
818,829.1429,0.0000,90.2546,0.0100
818,829.1429,0.0000,92.0462,0.0100
818,829.1429,0.0000,93.8999,0.0100
819,0.9251,0.0000,91.1840,0.0100
819,0.9251,0.0000,87.8072,0.0100
819,0.9251,0.0000,93.5202,0.0100
819,0.9251,0.0000,92.4370,0.0100
819,0.9251,0.0000,85.6675,0.0100
819,0.9251,0.0000,85.5012,0.0100
819,0.9251,0.0000,83.4809,0.0100
819,0.9251,0.0000,90.3940,0.0100
820,955.5546,0.0000,96.2473,0.0100
820,955.5546,0.0000,94.5085,0.0100
820,955.5546,0.0000,93.4620,0.0100
820,955.5546,0.0000,93.2615,0.0100
820,955.5546,0.0000,93.2408,0.0100
820,955.5546,0.0000,90.9751,0.0100
820,955.5546,0.0000,94.1502,0.0100
820,955.5546,0.0000,94.7915,0.0100
821,1.0514,0.0000,97.1613,0.0100
821,1.0514,0.0000,90.1237,0.0100
821,1.0514,0.0000,92.9204,0.0100
821,1.0514,0.0000,93.4703,0.0100
821,1.0514,0.0000,88.1550,0.0100
821,1.0514,0.0000,89.0492,0.0100
821,1.0514,0.0000,86.8826,0.0100
821,1.0514,0.0000,93.2741,0.0100
822,804.0647,0.0000,38.8398,0.0100
822,804.0647,0.0000,41.2805,0.0100
822,804.0647,0.0000,41.8117,0.0100
822,804.0647,0.0000,38.7114,0.0100
822,804.0647,0.0000,45.3051,0.0100
822,804.0647,0.0000,43.2658,0.0100
822,804.0647,0.0000,49.6203,0.0100
822,804.0647,0.0000,38.1278,0.0100
823,0.8494,0.0000,46.7518,0.0100
823,0.8494,0.0000,46.3900,0.0100
823,0.8494,0.0000,47.7730,0.0100
823,0.8494,0.0000,43.2636,0.0100
823,0.8494,0.0000,43.7864,0.0100
823,0.8494,0.0000,41.8301,0.0100
823,0.8494,0.0000,0.0000,0.0100
823,0.8494,0.0000,42.4017,0.0100
824,925.1568,58.3159,32.1775,0.0100
824,925.1568,57.6189,35.3494,0.0100
824,925.1568,56.9747,36.7657,0.0100
824,925.1568,67.3128,35.6836,0.0100
824,925.1568,54.2465,38.0471,0.0100
824,925.1568,67.0202,38.5568,0.0100
824,925.1568,58.5236,42.5734,0.0100
824,925.1568,46.4220,32.2238,0.0100
825,1.0160,0.0000,0.0000,0.0100
825,1.0160,0.0000,40.7151,0.0100
825,1.0160,0.0000,42.6040,0.0100
825,1.0160,0.0000,40.6190,0.0100
825,1.0160,0.0000,37.6414,0.0100
825,1.0160,0.0000,37.8195,0.0100
825,1.0160,0.0000,43.7918,0.0100
825,1.0160,0.0000,36.4048,0.0100
826,2280.1482,0.0000,69.6886,0.0100
826,2280.1482,0.0000,70.0790,0.0100
826,2280.1482,0.0000,69.4761,0.0100
826,2280.1482,0.0000,71.5330,0.0100
826,2280.1482,0.0000,71.8870,0.0100
826,2280.1482,0.0000,69.5581,0.0100
826,2280.1482,0.0000,72.6744,0.0100
826,2280.1482,0.0000,70.2224,0.0100
827,1.2402,0.0000,0.0000,0.0100
827,1.2402,0.0000,74.7674,0.0100
827,1.2402,0.0000,77.4979,0.0100
827,1.2402,0.0000,80.3165,0.0100
827,1.2402,0.0000,75.4908,0.0100
827,1.2402,0.0000,76.0916,0.0100
827,1.2402,0.0000,76.0681,0.0100
827,1.2402,0.0000,78.3604,0.0100
828,1271.7742,0.0000,83.0054,0.0100
828,1271.7742,0.0000,82.0083,0.0100
828,1271.7742,0.0000,79.9960,0.0100
828,1271.7742,0.0000,81.2349,0.0100
828,1271.7742,0.0000,82.3922,0.0100
828,1271.7742,0.0000,79.3276,0.0100
828,1271.7742,0.0000,83.6608,0.0100
828,1271.7742,0.0000,82.4909,0.0100
829,1.1653,0.0000,90.0094,0.0100
829,1.1653,0.0000,80.6962,0.0100
829,1.1653,0.0000,82.4944,0.0100
829,1.1653,0.0000,84.3149,0.0100
829,1.1653,0.0000,80.0695,0.0100
829,1.1653,0.0000,80.3435,0.0100
829,1.1653,0.0000,80.7056,0.0100
829,1.1653,0.0000,84.4088,0.0100
830,1880.4506,0.0000,47.1459,0.0100
830,1880.4506,0.0000,47.1291,0.0100
830,1880.4506,0.0000,55.0360,0.0100
830,1880.4506,0.0000,51.4111,0.0100
830,1880.4506,0.0000,48.2938,0.0100
830,1880.4506,0.0000,49.7705,0.0100
830,1880.4506,0.0000,46.8266,0.0100
830,1880.4506,0.0000,49.3674,0.0100
831,1.2224,0.0000,43.9227,0.0100
831,1.2224,0.0000,49.2351,0.0100
831,1.2224,0.0000,55.1097,0.0100
831,1.2224,0.0000,55.4307,0.0100
831,1.2224,0.0000,46.0629,0.0100
831,1.2224,0.0000,48.2600,0.0100
831,1.2224,0.0000,42.1158,0.0100
831,1.2224,0.0000,49.3685,0.0100
832,1641.7885,60.2249,73.3314,0.0100
832,1641.7885,65.5236,73.7117,0.0100
832,1641.7885,46.3706,72.1604,0.0100
832,1641.7885,59.7474,74.0281,0.0100
832,1641.7885,57.5727,75.2539,0.0100
832,1641.7885,77.9438,72.2227,0.0100
832,1641.7885,63.9221,76.4585,0.0100
832,1641.7885,40.6769,74.3299,0.0100
833,1.1725,0.0000,83.1551,0.0100
833,1.1725,0.0000,74.5458,0.0100
833,1.1725,0.0000,76.9086,0.0100
833,1.1725,0.0000,78.8009,0.0100
833,1.1725,0.0000,74.5591,0.0100
833,1.1725,0.0000,0.0000,0.0100
833,1.1725,0.0000,75.0644,0.0100
833,1.1725,0.0000,78.5183,0.0100
834,740.8555,0.0000,87.4347,0.0100
834,740.8555,0.0000,90.0950,0.0100
834,740.8555,0.0000,96.1206,0.0100
834,740.8555,0.0000,92.1758,0.0100
834,740.8555,0.0000,87.6563,0.0100
834,740.8555,0.0000,87.9776,0.0100
834,740.8555,0.0000,86.3619,0.0100
834,740.8555,0.0000,91.6462,0.0100
835,0.8451,0.0000,80.0799,0.0100
835,0.8451,0.0000,83.7548,0.0100
835,0.8451,0.0000,93.1023,0.0100
835,0.8451,0.0000,90.8107,0.0100
835,0.8451,0.0000,81.4360,0.0100
835,0.8451,0.0000,81.5274,0.0100
835,0.8451,0.0000,77.9303,0.0100
835,0.8451,0.0000,87.6040,0.0100
836,869.9727,0.0000,93.8952,0.0100
836,869.9727,0.0000,95.0215,0.0100
836,869.9727,0.0000,96.1031,0.0100
836,869.9727,0.0000,94.7484,0.0100
836,869.9727,0.0000,92.9458,0.0100
836,869.9727,0.0000,91.9435,0.0100
836,869.9727,0.0000,94.1982,0.0100
836,869.9727,0.0000,95.5792,0.0100
837,0.9536,0.0000,90.4253,0.0100
837,0.9536,0.0000,88.6404,0.0100
837,0.9536,0.0000,93.6561,0.0100
837,0.9536,0.0000,93.2148,0.0100
837,0.9536,0.0000,87.1066,0.0100
837,0.9536,0.0000,87.0697,0.0100
837,0.9536,0.0000,84.9162,0.0100
837,0.9536,0.0000,91.9094,0.0100
838,1672.6537,0.0000,42.0957,0.0100
838,1672.6537,0.0000,47.1280,0.0100
838,1672.6537,0.0000,44.0290,0.0100
838,1672.6537,0.0000,44.1800,0.0100
838,1672.6537,0.0000,46.6672,0.0100
838,1672.6537,0.0000,44.4692,0.0100
838,1672.6537,0.0000,49.3411,0.0100
838,1672.6537,0.0000,44.1605,0.0100
839,1.2070,0.0000,50.4198,0.0100
839,1.2070,0.0000,48.5384,0.0100
839,1.2070,0.0000,45.9926,0.0100
839,1.2070,0.0000,46.8362,0.0100
839,1.2070,0.0000,44.9167,0.0100
839,1.2070,0.0000,42.2787,0.0100
839,1.2070,0.0000,50.6883,0.0100
839,1.2070,0.0000,47.9277,0.0100
840,1334.8729,0.0000,80.1138,0.0100
840,1334.8729,0.0000,81.1659,0.0100
840,1334.8729,0.0000,83.5206,0.0100
840,1334.8729,0.0000,82.7183,0.0100
840,1334.8729,0.0000,81.2813,0.0100
840,1334.8729,0.0000,80.6034,0.0100
840,1334.8729,0.0000,82.2506,0.0100
840,1334.8729,0.0000,82.7319,0.0100
841,1.1630,0.0000,82.5561,0.0100
841,1.1630,0.0000,79.1070,0.0100
841,1.1630,0.0000,84.9084,0.0100
841,1.1630,0.0000,86.0157,0.0100
841,1.1630,0.0000,78.9956,0.0100
841,1.1630,0.0000,79.7958,0.0100
841,1.1630,0.0000,77.2953,0.0100
841,1.1630,0.0000,83.2051,0.0100
842,2144.4140,55.5609,60.4952,0.0100
842,2144.4140,66.7267,62.5397,0.0100
842,2144.4140,37.2529,68.7085,0.0100
842,2144.4140,58.9434,65.9239,0.0100
842,2144.4140,80.4401,64.4553,0.0100
842,2144.4140,52.9293,64.8908,0.0100
842,2144.4140,65.9783,64.1203,0.0100
842,2144.4140,65.3351,65.0412,0.0100
843,1.2401,0.0000,66.7141,0.0100
843,1.2401,0.0000,71.0221,0.0100
843,1.2401,0.0000,74.6444,0.0100
843,1.2401,0.0000,75.5646,0.0100
843,1.2401,0.0000,69.8405,0.0100
843,1.2401,0.0000,69.5628,0.0100
843,1.2401,0.0000,65.6657,0.0100
843,1.2401,0.0000,73.1348,0.0100
844,792.8995,0.0000,34.4791,0.0100
844,792.8995,0.0000,36.5828,0.0100
844,792.8995,0.0000,41.8458,0.0100
844,792.8995,0.0000,40.7003,0.0100
844,792.8995,0.0000,40.6715,0.0100
844,792.8995,0.0000,42.1963,0.0100
844,792.8995,0.0000,46.4957,0.0100
844,792.8995,0.0000,34.4286,0.0100
845,0.8729,0.0000,38.8457,0.0100
845,0.8729,0.0000,41.8066,0.0100
845,0.8729,0.0000,44.7765,0.0100
845,0.8729,0.0000,44.5446,0.0100
845,0.8729,0.0000,38.9321,0.0100
845,0.8729,0.0000,39.4986,0.0100
845,0.8729,0.0000,0.0000,0.0100
845,0.8729,0.0000,35.4667,0.0100
846,942.3221,0.0000,76.8664,0.0100
846,942.3221,0.0000,74.5547,0.0100
846,942.3221,0.0000,84.0454,0.0100
846,942.3221,0.0000,80.4124,0.0100
846,942.3221,0.0000,76.5454,0.0100
846,942.3221,0.0000,77.0652,0.0100
846,942.3221,0.0000,75.4864,0.0100
846,942.3221,0.0000,79.3504,0.0100
847,0.7552,0.0000,69.6017,0.0100
847,0.7552,0.0000,73.5941,0.0100
847,0.7552,0.0000,79.1084,0.0100
847,0.7552,0.0000,0.0000,0.0100
847,0.7552,0.0000,72.6161,0.0100
847,0.7552,0.0000,71.1336,0.0100
847,0.7552,0.0000,68.5663,0.0100
847,0.7552,0.0000,75.9132,0.0100
848,1398.0605,0.0000,28.2300,0.0100
848,1398.0605,0.0000,33.7533,0.0100
848,1398.0605,0.0000,33.2499,0.0100
848,1398.0605,0.0000,32.5452,0.0100
848,1398.0605,0.0000,32.9049,0.0100
848,1398.0605,0.0000,34.2017,0.0100
848,1398.0605,0.0000,36.6974,0.0100
848,1398.0605,0.0000,30.9654,0.0100
849,1.1651,0.0000,37.4973,0.0100
849,1.1651,0.0000,40.9406,0.0100
849,1.1651,0.0000,40.0667,0.0100
849,1.1651,0.0000,38.6307,0.0100
849,1.1651,0.0000,35.6084,0.0100
849,1.1651,0.0000,35.5388,0.0100
849,1.1651,0.0000,38.9600,0.0100
849,1.1651,0.0000,37.2152,0.0100
850,1490.8103,93.6756,32.9249,0.0100
850,1490.8103,74.6321,40.0857,0.0100
850,1490.8103,62.9237,38.1048,0.0100
850,1490.8103,80.6025,38.0503,0.0100
850,1490.8103,72.0865,38.5943,0.0100
850,1490.8103,76.2674,39.2236,0.0100
850,1490.8103,69.9673,42.2635,0.0100
850,1490.8103,98.7316,36.6868,0.0100
851,1.2085,0.0000,40.4495,0.0100
851,1.2085,0.0000,44.2872,0.0100
851,1.2085,0.0000,42.4011,0.0100
851,1.2085,0.0000,41.7524,0.0100
851,1.2085,0.0000,39.7749,0.0100
851,1.2085,0.0000,37.4791,0.0100
851,1.2085,0.0000,43.6461,0.0100
851,1.2085,0.0000,41.5765,0.0100
852,3024.1260,0.0000,56.8518,0.0100
852,3024.1260,0.0000,60.1237,0.0100
852,3024.1260,0.0000,58.1885,0.0100
852,3024.1260,0.0000,59.9559,0.0100
852,3024.1260,0.0000,60.1725,0.0100
852,3024.1260,0.0000,58.6325,0.0100
852,3024.1260,0.0000,62.1775,0.0100
852,3024.1260,0.0000,58.7264,0.0100
853,1.2395,0.0000,72.2014,0.0100
853,1.2395,0.0000,68.7211,0.0100
853,1.2395,0.0000,68.8392,0.0100
853,1.2395,0.0000,69.6009,0.0100
853,1.2395,0.0000,66.2546,0.0100
853,1.2395,0.0000,66.3094,0.0100
853,1.2395,0.0000,68.9778,0.0100
853,1.2395,0.0000,70.5514,0.0100
854,811.6144,0.0000,37.0238,0.0100
854,811.6144,0.0000,40.8493,0.0100
854,811.6144,0.0000,42.4022,0.0100
854,811.6144,0.0000,39.8528,0.0100
854,811.6144,0.0000,44.7363,0.0100
854,811.6144,0.0000,43.9685,0.0100
854,811.6144,0.0000,49.2935,0.0100
854,811.6144,0.0000,37.5074,0.0100
855,0.8644,0.0000,43.3556,0.0100
855,0.8644,0.0000,45.3568,0.0100
855,0.8644,0.0000,47.3976,0.0100
855,0.8644,0.0000,44.0863,0.0100
855,0.8644,0.0000,42.7027,0.0100
855,0.8644,0.0000,41.7314,0.0100
855,0.8644,0.0000,49.2061,0.0100
855,0.8644,0.0000,40.9781,0.0100
856,3015.7487,114.5111,61.9815,0.0100
856,3015.7487,93.6322,64.0365,0.0100
856,3015.7487,93.2567,69.0989,0.0100
856,3015.7487,85.0278,68.0471,0.0100
856,3015.7487,109.8785,66.7356,0.0100
856,3015.7487,96.4584,67.1824,0.0100
856,3015.7487,77.7383,67.2586,0.0100
856,3015.7487,68.0991,66.7869,0.0100
857,1.2182,0.0000,68.1190,0.0100
857,1.2182,0.0000,69.0565,0.0100
857,1.2182,0.0000,76.8823,0.0100
857,1.2182,0.0000,78.5841,0.0100
857,1.2182,0.0000,70.7298,0.0100
857,1.2182,0.0000,72.0618,0.0100
857,1.2182,0.0000,68.0725,0.0100
857,1.2182,0.0000,74.0998,0.0100
858,759.1567,0.0000,101.3453,0.0100
858,759.1567,0.0000,104.3990,0.0100
858,759.1567,0.0000,104.7097,0.0100
858,759.1567,0.0000,103.7205,0.0100
858,759.1567,0.0000,101.6342,0.0100
858,759.1567,0.0000,101.4072,0.0100
858,759.1567,0.0000,103.9078,0.0100
858,759.1567,0.0000,105.4570,0.0100
859,0.6281,0.0000,87.1225,0.0100
859,0.6281,0.0000,86.1528,0.0100
859,0.6281,0.0000,93.4604,0.0100
859,0.6281,0.0000,93.9186,0.0100
859,0.6281,0.0000,86.5953,0.0100
859,0.6281,0.0000,87.6696,0.0100
859,0.6281,0.0000,84.2820,0.0100
859,0.6281,0.0000,91.0457,0.0100
860,693.6785,0.0000,89.1352,0.0100
860,693.6785,0.0000,92.5861,0.0100
860,693.6785,0.0000,98.7965,0.0100
860,693.6785,0.0000,95.0956,0.0100
860,693.6785,0.0000,89.8991,0.0100
860,693.6785,0.0000,90.6852,0.0100
860,693.6785,0.0000,88.8101,0.0100
860,693.6785,0.0000,94.7433,0.0100
861,0.7006,0.0000,79.2705,0.0100
861,0.7006,0.0000,84.7027,0.0100
861,0.7006,0.0000,94.4692,0.0100
861,0.7006,0.0000,92.3049,0.0100
861,0.7006,0.0000,81.8007,0.0100
861,0.7006,0.0000,82.9639,0.0100
861,0.7006,0.0000,78.5466,0.0100
861,0.7006,0.0000,89.8051,0.0100
862,832.7230,0.0000,34.0902,0.0100
862,832.7230,0.0000,37.8188,0.0100
862,832.7230,0.0000,40.7564,0.0100
862,832.7230,0.0000,39.2748,0.0100
862,832.7230,0.0000,40.4664,0.0100
862,832.7230,0.0000,41.0177,0.0100
862,832.7230,0.0000,45.7410,0.0100
862,832.7230,0.0000,34.6560,0.0100
863,0.4765,0.0000,38.6854,0.0100
863,0.4765,0.0000,42.1516,0.0100
863,0.4765,0.0000,41.7522,0.0100
863,0.4765,0.0000,40.7135,0.0100
863,0.4765,0.0000,37.2477,0.0100
863,0.4765,0.0000,38.0668,0.0100
863,0.4765,0.0000,40.8293,0.0100
863,0.4765,0.0000,37.6179,0.0100
864,4789.3721,88.1756,49.9792,0.0100
864,4789.3721,74.1981,52.4763,0.0100
864,4789.3721,70.4223,57.9042,0.0100
864,4789.3721,60.5730,55.3770,0.0100
864,4789.3721,59.9661,54.8480,0.0100
864,4789.3721,60.1112,55.3116,0.0100
864,4789.3721,71.3773,53.8435,0.0100
864,4789.3721,66.6011,54.8659,0.0100
865,1.2322,0.0000,49.5969,0.0100
865,1.2322,0.0000,57.0317,0.0100
865,1.2322,0.0000,63.3579,0.0100
865,1.2322,0.0000,64.3474,0.0100
865,1.2322,0.0000,55.8020,0.0100
865,1.2322,0.0000,58.2053,0.0100
865,1.2322,0.0000,50.8894,0.0100
865,1.2322,0.0000,59.4436,0.0100
866,1304.3663,0.0000,55.5706,0.0100
866,1304.3663,0.0000,56.5418,0.0100
866,1304.3663,0.0000,66.2976,0.0100
866,1304.3663,0.0000,62.5723,0.0100
866,1304.3663,0.0000,57.7492,0.0100
866,1304.3663,0.0000,60.4183,0.0100
866,1304.3663,0.0000,56.3106,0.0100
866,1304.3663,0.0000,60.1026,0.0100
867,1.1535,0.0000,49.5972,0.0100
867,1.1535,0.0000,56.9505,0.0100
867,1.1535,0.0000,64.6380,0.0100
867,1.1535,0.0000,65.4428,0.0100
867,1.1535,0.0000,54.4972,0.0100
867,1.1535,0.0000,56.9807,0.0100
867,1.1535,0.0000,49.9789,0.0100
867,1.1535,0.0000,58.9295,0.0100
868,705.7920,0.0000,36.7722,0.0100
868,705.7920,0.0000,34.6773,0.0100
868,705.7920,0.0000,49.1246,0.0100
868,705.7920,0.0000,47.7475,0.0100
868,705.7920,0.0000,40.6500,0.0100
868,705.7920,0.0000,45.3754,0.0100
868,705.7920,0.0000,47.2193,0.0100
868,705.7920,0.0000,37.1094,0.0100
869,0.7999,0.0000,36.3814,0.0100
869,0.7999,0.0000,40.3839,0.0100
869,0.7999,0.0000,47.2817,0.0100
869,0.7999,0.0000,49.8778,0.0100
869,0.7999,0.0000,36.9667,0.0100
869,0.7999,0.0000,39.6249,0.0100
869,0.7999,0.0000,42.9558,0.0100
869,0.7999,0.0000,34.9413,0.0100
870,1082.9600,0.0000,90.6869,0.0100
870,1082.9600,0.0000,92.3878,0.0100
870,1082.9600,0.0000,91.0596,0.0100
870,1082.9600,0.0000,92.2467,0.0100
870,1082.9600,0.0000,91.8649,0.0100
870,1082.9600,0.0000,89.9891,0.0100
870,1082.9600,0.0000,93.6113,0.0100
870,1082.9600,0.0000,93.8593,0.0100
871,1.1008,0.0000,90.7803,0.0100
871,1.1008,0.0000,86.9005,0.0100
871,1.1008,0.0000,89.3963,0.0100
871,1.1008,0.0000,91.1985,0.0100
871,1.1008,0.0000,84.7511,0.0100
871,1.1008,0.0000,86.6169,0.0100
871,1.1008,0.0000,84.3698,0.0100
871,1.1008,0.0000,91.2075,0.0100
872,1028.1617,0.0000,34.7145,0.0100
872,1028.1617,0.0000,39.1543,0.0100
872,1028.1617,0.0000,38.4399,0.0100
872,1028.1617,0.0000,37.1322,0.0100
872,1028.1617,0.0000,41.7419,0.0100
872,1028.1617,0.0000,40.2201,0.0100
872,1028.1617,0.0000,45.7631,0.0100
872,1028.1617,0.0000,36.6256,0.0100
873,1.0735,0.0000,43.8835,0.0100
873,1.0735,0.0000,44.5763,0.0100
873,1.0735,0.0000,44.1286,0.0100
873,1.0735,0.0000,41.8969,0.0100
873,1.0735,0.0000,41.0074,0.0100
873,1.0735,0.0000,39.6813,0.0100
873,1.0735,0.0000,45.7033,0.0100
873,1.0735,0.0000,41.8787,0.0100
874,766.5163,0.0000,105.1117,0.0100
874,766.5163,0.0000,107.3687,0.0100
874,766.5163,0.0000,105.5987,0.0100
874,766.5163,0.0000,105.6263,0.0100
874,766.5163,0.0000,104.5448,0.0100
874,766.5163,0.0000,102.9982,0.0100
874,766.5163,0.0000,107.2455,0.0100
874,766.5163,0.0000,108.0916,0.0100
875,0.8514,0.0000,99.9826,0.0100
875,0.8514,0.0000,98.5436,0.0100
875,0.8514,0.0000,101.6381,0.0100
875,0.8514,0.0000,100.6201,0.0100
875,0.8514,0.0000,96.0717,0.0100
875,0.8514,0.0000,96.9837,0.0100
875,0.8514,0.0000,95.1278,0.0100
875,0.8514,0.0000,102.3163,0.0100
876,1296.3777,78.3703,33.3446,0.0100
876,1296.3777,54.1707,39.6272,0.0100
876,1296.3777,81.0373,38.1176,0.0100
876,1296.3777,81.7837,37.7120,0.0100
876,1296.3777,57.6278,39.5230,0.0100
876,1296.3777,58.0436,39.4622,0.0100
876,1296.3777,43.0310,43.3039,0.0100
876,1296.3777,61.9231,36.4200,0.0100
877,1.1465,0.0000,42.3070,0.0100
877,1.1465,0.0000,44.8025,0.0100
877,1.1465,0.0000,43.1933,0.0100
877,1.1465,0.0000,42.4793,0.0100
877,1.1465,0.0000,40.2717,0.0100
877,1.1465,0.0000,38.4945,0.0100
877,1.1465,0.0000,44.0023,0.0100
877,1.1465,0.0000,42.2605,0.0100
878,1814.4582,0.0000,78.0338,0.0100
878,1814.4582,0.0000,79.9981,0.0100
878,1814.4582,0.0000,80.7699,0.0100
878,1814.4582,0.0000,82.5192,0.0100
878,1814.4582,0.0000,81.3441,0.0100
878,1814.4582,0.0000,80.6469,0.0100
878,1814.4582,0.0000,82.9763,0.0100
878,1814.4582,0.0000,82.3012,0.0100
879,1.2258,0.0000,85.1693,0.0100
879,1.2258,0.0000,80.2397,0.0100
879,1.2258,0.0000,85.2355,0.0100
879,1.2258,0.0000,87.6465,0.0100
879,1.2258,0.0000,79.9408,0.0100
879,1.2258,0.0000,82.9419,0.0100
879,1.2258,0.0000,80.2350,0.0100
879,1.2258,0.0000,85.5674,0.0100
880,650.7465,0.0000,98.4392,0.0100
880,650.7465,0.0000,102.0235,0.0100
880,650.7465,0.0000,107.0528,0.0100
880,650.7465,0.0000,103.7312,0.0100
880,650.7465,0.0000,98.6670,0.0100
880,650.7465,0.0000,99.1997,0.0100
880,650.7465,0.0000,97.9952,0.0100
880,650.7465,0.0000,104.0184,0.0100
881,0.7153,0.0000,87.7949,0.0100
881,0.7153,0.0000,92.3351,0.0100
881,0.7153,0.0000,101.5699,0.0100
881,0.7153,0.0000,99.1606,0.0100
881,0.7153,0.0000,89.4317,0.0100
881,0.7153,0.0000,90.6990,0.0100
881,0.7153,0.0000,86.7382,0.0100
881,0.7153,0.0000,97.5260,0.0100
882,960.8155,0.0000,93.8512,0.0100
882,960.8155,0.0000,96.1477,0.0100
882,960.8155,0.0000,97.4929,0.0100
882,960.8155,0.0000,96.8504,0.0100
882,960.8155,0.0000,94.4975,0.0100
882,960.8155,0.0000,94.5541,0.0100
882,960.8155,0.0000,96.5662,0.0100
882,960.8155,0.0000,97.7749,0.0100
883,1.0489,0.0000,89.4895,0.0100
883,1.0489,0.0000,88.3106,0.0100
883,1.0489,0.0000,93.7440,0.0100
883,1.0489,0.0000,94.0697,0.0100
883,1.0489,0.0000,87.5011,0.0100
883,1.0489,0.0000,88.5381,0.0100
883,1.0489,0.0000,85.8295,0.0100
883,1.0489,0.0000,92.9300,0.0100
884,799.7814,0.0000,104.5027,0.0100
884,799.7814,0.0000,106.0821,0.0100
884,799.7814,0.0000,102.8625,0.0100
884,799.7814,0.0000,103.7526,0.0100
884,799.7814,0.0000,104.2040,0.0100
884,799.7814,0.0000,101.2172,0.0100
884,799.7814,0.0000,106.5139,0.0100
884,799.7814,0.0000,107.2480,0.0100
885,0.8694,0.0000,101.8853,0.0100
885,0.8694,0.0000,98.1977,0.0100
885,0.8694,0.0000,99.1567,0.0100
885,0.8694,0.0000,99.4351,0.0100
885,0.8694,0.0000,95.3021,0.0100
885,0.8694,0.0000,96.1056,0.0100
885,0.8694,0.0000,95.9921,0.0100
885,0.8694,0.0000,102.5049,0.0100
886,795.8951,0.0000,102.3372,0.0100
886,795.8951,0.0000,103.7037,0.0100
886,795.8951,0.0000,99.9129,0.0100
886,795.8951,0.0000,100.9597,0.0100
886,795.8951,0.0000,102.5481,0.0100
886,795.8951,0.0000,98.7954,0.0100
886,795.8951,0.0000,104.5496,0.0100
886,795.8951,0.0000,104.9465,0.0100
887,0.9050,0.0000,101.4628,0.0100
887,0.9050,0.0000,96.3061,0.0100
887,0.9050,0.0000,96.8376,0.0100
887,0.9050,0.0000,97.3886,0.0100
887,0.9050,0.0000,94.1513,0.0100
887,0.9050,0.0000,93.6727,0.0100
887,0.9050,0.0000,95.3802,0.0100
887,0.9050,0.0000,100.5591,0.0100
888,846.7334,68.0751,98.2240,0.0100
888,846.7334,71.4311,98.8223,0.0100
888,846.7334,69.8082,95.7765,0.0100
888,846.7334,86.6939,97.2157,0.0100
888,846.7334,57.0098,99.0447,0.0100
888,846.7334,107.1364,95.2074,0.0100
888,846.7334,68.5351,100.7345,0.0100
888,846.7334,88.7262,99.9570,0.0100
889,0.4509,0.0000,90.8450,0.0100
889,0.4509,0.0000,81.7012,0.0100
889,0.4509,0.0000,85.8915,0.0100
889,0.4509,0.0000,87.7380,0.0100
889,0.4509,0.0000,82.6254,0.0100
889,0.4509,0.0000,84.9197,0.0100
889,0.4509,0.0000,82.0310,0.0100
889,0.4509,0.0000,86.9514,0.0100
890,1507.1007,0.0000,33.8655,0.0100
890,1507.1007,0.0000,40.2372,0.0100
890,1507.1007,0.0000,38.5544,0.0100
890,1507.1007,0.0000,38.2570,0.0100
890,1507.1007,0.0000,39.1154,0.0100
890,1507.1007,0.0000,39.5240,0.0100
890,1507.1007,0.0000,42.5566,0.0100
890,1507.1007,0.0000,37.0261,0.0100
891,1.1833,0.0000,42.7174,0.0100
891,1.1833,0.0000,45.3333,0.0100
891,1.1833,0.0000,43.4074,0.0100
891,1.1833,0.0000,42.9735,0.0100
891,1.1833,0.0000,40.3921,0.0100
891,1.1833,0.0000,38.4323,0.0100
891,1.1833,0.0000,43.4560,0.0100
891,1.1833,0.0000,42.9621,0.0100
892,1656.5146,0.0000,61.8337,0.0100
892,1656.5146,0.0000,64.7528,0.0100
892,1656.5146,0.0000,62.0404,0.0100
892,1656.5146,0.0000,63.5764,0.0100
892,1656.5146,0.0000,65.8069,0.0100
892,1656.5146,0.0000,63.4534,0.0100
892,1656.5146,0.0000,68.3619,0.0100
892,1656.5146,0.0000,63.4790,0.0100
893,1.1450,0.0000,62.0966,0.0100
893,1.1450,0.0000,55.2695,0.0100
893,1.1450,0.0000,58.6939,0.0100
893,1.1450,0.0000,60.0653,0.0100
893,1.1450,0.0000,55.6065,0.0100
893,1.1450,0.0000,56.7537,0.0100
893,1.1450,0.0000,61.6459,0.0100
893,1.1450,0.0000,58.7447,0.0100
894,698.7810,0.0000,112.1546,0.0100
894,698.7810,0.0000,112.8913,0.0100
894,698.7810,0.0000,108.6060,0.0100
894,698.7810,0.0000,109.3330,0.0100
894,698.7810,0.0000,110.9718,0.0100
894,698.7810,0.0000,106.7594,0.0100
894,698.7810,0.0000,113.3402,0.0100
894,698.7810,0.0000,114.2261,0.0100
895,0.7778,0.0000,108.7988,0.0100
895,0.7778,0.0000,104.0174,0.0100
895,0.7778,0.0000,103.7545,0.0100
895,0.7778,0.0000,104.1074,0.0100
895,0.7778,0.0000,101.4732,0.0100
895,0.7778,0.0000,100.7211,0.0100
895,0.7778,0.0000,102.8170,0.0100
895,0.7778,0.0000,108.4052,0.0100
896,1440.5922,0.0000,68.9247,0.0100
896,1440.5922,0.0000,70.9187,0.0100
896,1440.5922,0.0000,67.9922,0.0100
896,1440.5922,0.0000,69.9491,0.0100
896,1440.5922,0.0000,72.4315,0.0100
896,1440.5922,0.0000,69.4678,0.0100
896,1440.5922,0.0000,74.6026,0.0100
896,1440.5922,0.0000,70.3314,0.0100
897,1.1930,0.0000,75.3240,0.0100
897,1.1930,0.0000,67.7744,0.0100
897,1.1930,0.0000,68.9574,0.0100
897,1.1930,0.0000,70.2992,0.0100
897,1.1930,0.0000,67.9109,0.0100
897,1.1930,0.0000,67.2465,0.0100
897,1.1930,0.0000,71.6873,0.0100
897,1.1930,0.0000,71.1606,0.0100
898,801.5064,75.8619,35.9491,0.0100
898,801.5064,49.2138,33.4554,0.0100
898,801.5064,42.6034,46.5204,0.0100
898,801.5064,98.0018,45.6207,0.0100
898,801.5064,82.8564,38.1897,0.0100
898,801.5064,89.4421,43.5310,0.0100
898,801.5064,69.7312,43.9535,0.0100
898,801.5064,85.0063,36.2465,0.0100
899,0.6566,0.0000,35.1291,0.0100
899,0.6566,0.0000,40.4149,0.0100
899,0.6566,0.0000,42.1639,0.0100
899,0.6566,0.0000,48.6480,0.0100
899,0.6566,0.0000,36.9597,0.0100
899,0.6566,0.0000,37.5148,0.0100
899,0.6566,0.0000,40.1303,0.0100
899,0.6566,0.0000,35.3735,0.0100
900,2303.6700,0.0000,44.8253,0.0100
900,2303.6700,0.0000,50.7598,0.0100
900,2303.6700,0.0000,48.1111,0.0100
900,2303.6700,0.0000,47.9558,0.0100
900,2303.6700,0.0000,49.9010,0.0100
900,2303.6700,0.0000,48.5420,0.0100
900,2303.6700,0.0000,52.4881,0.0100
900,2303.6700,0.0000,48.3051,0.0100
901,1.2436,0.0000,57.7139,0.0100
901,1.2436,0.0000,58.9437,0.0100
901,1.2436,0.0000,55.7109,0.0100
901,1.2436,0.0000,54.4517,0.0100
901,1.2436,0.0000,53.7710,0.0100
901,1.2436,0.0000,50.3997,0.0100
901,1.2436,0.0000,59.2059,0.0100
901,1.2436,0.0000,58.6925,0.0100
902,2021.1463,0.0000,77.3030,0.0100
902,2021.1463,0.0000,78.9028,0.0100
902,2021.1463,0.0000,78.4831,0.0100
902,2021.1463,0.0000,80.6130,0.0100
902,2021.1463,0.0000,80.3829,0.0100
902,2021.1463,0.0000,78.5959,0.0100
902,2021.1463,0.0000,82.2000,0.0100
902,2021.1463,0.0000,80.2745,0.0100
903,1.2158,0.0000,86.6187,0.0100
903,1.2158,0.0000,82.0206,0.0100
903,1.2158,0.0000,85.7144,0.0100
903,1.2158,0.0000,88.0981,0.0100
903,1.2158,0.0000,80.1633,0.0100
903,1.2158,0.0000,85.1862,0.0100
903,1.2158,0.0000,81.2827,0.0100
903,1.2158,0.0000,87.5444,0.0100
904,738.0566,0.0000,96.5338,0.0100
904,738.0566,0.0000,99.2885,0.0100
904,738.0566,0.0000,104.8293,0.0100
904,738.0566,0.0000,100.6946,0.0100
904,738.0566,0.0000,96.7775,0.0100
904,738.0566,0.0000,96.9749,0.0100
904,738.0566,0.0000,96.2853,0.0100
904,738.0566,0.0000,101.3624,0.0100
905,0.8052,0.0000,86.3587,0.0100
905,0.8052,0.0000,89.8192,0.0100
905,0.8052,0.0000,99.1602,0.0100
905,0.8052,0.0000,96.6937,0.0100
905,0.8052,0.0000,87.9724,0.0100
905,0.8052,0.0000,88.2072,0.0100
905,0.8052,0.0000,84.7786,0.0100
905,0.8052,0.0000,95.0508,0.0100
906,1471.0140,79.7367,31.1772,0.0100
906,1471.0140,94.0983,35.9501,0.0100
906,1471.0140,72.5454,36.4936,0.0100
906,1471.0140,72.0195,36.5853,0.0100
906,1471.0140,106.7783,35.0024,0.0100
906,1471.0140,43.4685,37.2998,0.0100
906,1471.0140,75.5774,38.4212,0.0100
906,1471.0140,85.1050,33.4200,0.0100
907,1.1812,0.0000,37.2362,0.0100
907,1.1812,0.0000,42.3400,0.0100
907,1.1812,0.0000,42.1718,0.0100
907,1.1812,0.0000,40.8377,0.0100
907,1.1812,0.0000,34.5205,0.0100
907,1.1812,0.0000,36.4548,0.0100
907,1.1812,0.0000,35.8493,0.0100
907,1.1812,0.0000,38.4771,0.0100
908,608.4441,0.0000,55.0209,0.0100
908,608.4441,0.0000,55.8298,0.0100
908,608.4441,0.0000,59.8065,0.0100
908,608.4441,0.0000,53.4779,0.0100
908,608.4441,0.0000,65.0504,0.0100
908,608.4441,0.0000,60.1753,0.0100
908,608.4441,0.0000,68.9389,0.0100
908,608.4441,0.0000,52.7505,0.0100
909,0.6300,0.0000,56.5146,0.0100
909,0.6300,0.0000,57.2881,0.0100
909,0.6300,0.0000,59.0605,0.0100
909,0.6300,0.0000,53.3170,0.0100
909,0.6300,0.0000,57.7016,0.0100
909,0.6300,0.0000,0.0000,0.0100
909,0.6300,0.0000,63.1950,0.0100
909,0.6300,0.0000,51.6776,0.0100
910,2127.4400,0.0000,32.8859,0.0100
910,2127.4400,0.0000,37.1421,0.0100
910,2127.4400,0.0000,37.0316,0.0100
910,2127.4400,0.0000,36.8838,0.0100
910,2127.4400,0.0000,35.7959,0.0100
910,2127.4400,0.0000,37.3733,0.0100
910,2127.4400,0.0000,37.5532,0.0100
910,2127.4400,0.0000,35.4198,0.0100
911,1.2181,0.0000,37.0727,0.0100
911,1.2181,0.0000,41.5560,0.0100
911,1.2181,0.0000,40.3590,0.0100
911,1.2181,0.0000,41.4941,0.0100
911,1.2181,0.0000,35.7504,0.0100
911,1.2181,0.0000,36.4349,0.0100
911,1.2181,0.0000,37.4029,0.0100
911,1.2181,0.0000,38.2154,0.0100
912,7743.6751,64.4274,54.5703,0.0100
912,7743.6751,58.8298,56.2817,0.0100
912,7743.6751,38.2874,61.1332,0.0100
912,7743.6751,53.1932,58.8899,0.0100
912,7743.6751,72.3393,60.2146,0.0100
912,7743.6751,52.9221,59.9369,0.0100
912,7743.6751,113.5599,59.3041,0.0100
912,7743.6751,97.2162,59.0671,0.0100
913,1.2266,0.0000,59.1090,0.0100
913,1.2266,0.0000,64.1913,0.0100
913,1.2266,0.0000,70.6083,0.0100
913,1.2266,0.0000,71.9164,0.0100
913,1.2266,0.0000,65.5624,0.0100
913,1.2266,0.0000,66.7457,0.0100
913,1.2266,0.0000,60.5659,0.0100
913,1.2266,0.0000,68.0849,0.0100
914,950.3397,0.0000,78.0474,0.0100
914,950.3397,0.0000,79.0432,0.0100
914,950.3397,0.0000,88.2788,0.0100
914,950.3397,0.0000,83.7561,0.0100
914,950.3397,0.0000,79.0381,0.0100
914,950.3397,0.0000,80.7373,0.0100
914,950.3397,0.0000,77.8752,0.0100
914,950.3397,0.0000,82.6097,0.0100
915,1.0021,0.0000,67.8111,0.0100
915,1.0021,0.0000,72.6559,0.0100
915,1.0021,0.0000,82.8970,0.0100
915,1.0021,0.0000,81.9523,0.0100
915,1.0021,0.0000,71.9652,0.0100
915,1.0021,0.0000,73.2755,0.0100
915,1.0021,0.0000,67.7665,0.0100
915,1.0021,0.0000,78.2141,0.0100
916,986.8686,49.7455,95.2931,0.0100
916,986.8686,25.7167,95.5853,0.0100
916,986.8686,95.2893,92.9069,0.0100
916,986.8686,42.3128,93.7111,0.0100
916,986.8686,53.7911,96.6164,0.0100
916,986.8686,68.7294,92.1561,0.0100
916,986.8686,69.1917,97.6591,0.0100
916,986.8686,61.8104,96.5305,0.0100
917,0.9380,0.0000,91.4074,0.0100
917,0.9380,0.0000,82.3412,0.0100
917,0.9380,0.0000,86.4079,0.0100
917,0.9380,0.0000,87.5171,0.0100
917,0.9380,0.0000,85.5241,0.0100
917,0.9380,0.0000,83.5651,0.0100
917,0.9380,0.0000,85.5845,0.0100
917,0.9380,0.0000,87.2568,0.0100
918,681.8801,0.0000,42.8350,0.0100
918,681.8801,0.0000,41.4351,0.0100
918,681.8801,0.0000,54.0828,0.0100
918,681.8801,0.0000,53.2419,0.0100
918,681.8801,0.0000,48.3439,0.0100
918,681.8801,0.0000,52.2645,0.0100
918,681.8801,0.0000,56.0827,0.0100
918,681.8801,0.0000,42.0353,0.0100
919,0.7172,0.0000,0.0000,0.0100
919,0.7172,0.0000,45.5447,0.0100
919,0.7172,0.0000,52.0439,0.0100
919,0.7172,0.0000,54.1944,0.0100
919,0.7172,0.0000,43.7605,0.0100
919,0.7172,0.0000,42.9834,0.0100
919,0.7172,0.0000,49.7987,0.0100
919,0.7172,0.0000,37.7832,0.0100
920,1463.7232,0.0000,83.3188,0.0100
920,1463.7232,0.0000,84.6063,0.0100
920,1463.7232,0.0000,83.0960,0.0100
920,1463.7232,0.0000,84.2764,0.0100
920,1463.7232,0.0000,85.8720,0.0100
920,1463.7232,0.0000,82.5166,0.0100
920,1463.7232,0.0000,87.0861,0.0100
920,1463.7232,0.0000,85.1437,0.0100
921,1.1534,0.0000,88.9368,0.0100
921,1.1534,0.0000,80.8326,0.0100
921,1.1534,0.0000,84.5432,0.0100
921,1.1534,0.0000,85.5256,0.0100
921,1.1534,0.0000,81.3069,0.0100
921,1.1534,0.0000,81.6337,0.0100
921,1.1534,0.0000,81.0758,0.0100
921,1.1534,0.0000,85.3220,0.0100
922,938.8883,0.0000,52.6152,0.0100
922,938.8883,0.0000,56.4573,0.0100
922,938.8883,0.0000,54.6747,0.0100
922,938.8883,0.0000,53.9064,0.0100
922,938.8883,0.0000,60.5435,0.0100
922,938.8883,0.0000,55.3968,0.0100
922,938.8883,0.0000,63.9041,0.0100
922,938.8883,0.0000,53.9833,0.0100
923,1.0159,0.0000,59.5831,0.0100
923,1.0159,0.0000,56.1735,0.0100
923,1.0159,0.0000,54.0575,0.0100
923,1.0159,0.0000,53.5455,0.0100
923,1.0159,0.0000,54.7069,0.0100
923,1.0159,0.0000,49.5210,0.0100
923,1.0159,0.0000,60.5468,0.0100
923,1.0159,0.0000,54.8599,0.0100
924,1314.4568,0.0000,63.1037,0.0100
924,1314.4568,0.0000,66.4009,0.0100
924,1314.4568,0.0000,63.1844,0.0100
924,1314.4568,0.0000,63.9184,0.0100
924,1314.4568,0.0000,67.6888,0.0100
924,1314.4568,0.0000,64.0901,0.0100
924,1314.4568,0.0000,69.7805,0.0100
924,1314.4568,0.0000,64.1259,0.0100
925,1.1614,0.0000,68.8344,0.0100
925,1.1614,0.0000,61.6834,0.0100
925,1.1614,0.0000,62.1052,0.0100
925,1.1614,0.0000,62.9359,0.0100
925,1.1614,0.0000,61.5028,0.0100
925,1.1614,0.0000,59.0724,0.0100
925,1.1614,0.0000,66.6924,0.0100
925,1.1614,0.0000,63.8938,0.0100
926,1562.7389,0.0000,55.8792,0.0100
926,1562.7389,0.0000,56.1078,0.0100
926,1562.7389,0.0000,65.4965,0.0100
926,1562.7389,0.0000,61.3041,0.0100
926,1562.7389,0.0000,57.6466,0.0100
926,1562.7389,0.0000,59.6931,0.0100
926,1562.7389,0.0000,56.0493,0.0100
926,1562.7389,0.0000,59.2869,0.0100
927,1.2035,0.0000,49.2442,0.0100
927,1.2035,0.0000,55.5507,0.0100
927,1.2035,0.0000,62.5383,0.0100
927,1.2035,0.0000,62.4636,0.0100
927,1.2035,0.0000,53.0640,0.0100
927,1.2035,0.0000,55.3398,0.0100
927,1.2035,0.0000,48.4200,0.0100
927,1.2035,0.0000,57.1118,0.0100
928,757.2131,37.5798,49.9862,0.0100
928,757.2131,82.7835,52.7584,0.0100
928,757.2131,84.7190,53.5893,0.0100
928,757.2131,52.2568,49.9445,0.0100
928,757.2131,44.0594,58.5886,0.0100
928,757.2131,67.2522,54.6444,0.0100
928,757.2131,47.3366,62.1643,0.0100
928,757.2131,44.0733,50.1131,0.0100
929,0.8093,0.0000,55.0154,0.0100
929,0.8093,0.0000,55.1532,0.0100
929,0.8093,0.0000,55.0677,0.0100
929,0.8093,0.0000,50.8514,0.0100
929,0.8093,0.0000,53.2126,0.0100
929,0.8093,0.0000,47.4302,0.0100
929,0.8093,0.0000,58.3825,0.0100
929,0.8093,0.0000,50.7307,0.0100
930,1069.4290,0.0000,90.6314,0.0100
930,1069.4290,0.0000,91.4060,0.0100
930,1069.4290,0.0000,88.5684,0.0100
930,1069.4290,0.0000,89.6299,0.0100
930,1069.4290,0.0000,92.5386,0.0100
930,1069.4290,0.0000,88.1900,0.0100
930,1069.4290,0.0000,93.3097,0.0100
930,1069.4290,0.0000,91.6776,0.0100
931,1.0891,0.0000,91.8786,0.0100
931,1.0891,0.0000,83.6871,0.0100
931,1.0891,0.0000,85.9459,0.0100
931,1.0891,0.0000,86.6116,0.0100
931,1.0891,0.0000,83.9938,0.0100
931,1.0891,0.0000,83.6295,0.0100
931,1.0891,0.0000,83.5234,0.0100
931,1.0891,0.0000,87.4163,0.0100
932,1103.7551,0.0000,80.7663,0.0100
932,1103.7551,0.0000,82.8262,0.0100
932,1103.7551,0.0000,89.4964,0.0100
932,1103.7551,0.0000,85.7882,0.0100
932,1103.7551,0.0000,82.5305,0.0100
932,1103.7551,0.0000,83.3574,0.0100
932,1103.7551,0.0000,82.4854,0.0100
932,1103.7551,0.0000,85.0843,0.0100
933,1.1192,0.0000,72.6545,0.0100
933,1.1192,0.0000,75.1932,0.0100
933,1.1192,0.0000,83.6995,0.0100
933,1.1192,0.0000,83.3919,0.0100
933,1.1192,0.0000,75.6679,0.0100
933,1.1192,0.0000,75.2766,0.0100
933,1.1192,0.0000,71.6691,0.0100
933,1.1192,0.0000,79.9148,0.0100
934,757.1331,0.0000,49.8348,0.0100
934,757.1331,0.0000,53.1879,0.0100
934,757.1331,0.0000,53.9382,0.0100
934,757.1331,0.0000,50.5513,0.0100
934,757.1331,0.0000,59.2228,0.0100
934,757.1331,0.0000,55.4721,0.0100
934,757.1331,0.0000,62.9295,0.0100
934,757.1331,0.0000,50.3390,0.0100
935,0.8154,0.0000,54.7818,0.0100
935,0.8154,0.0000,55.2148,0.0100
935,0.8154,0.0000,55.2197,0.0100
935,0.8154,0.0000,51.5281,0.0100
935,0.8154,0.0000,53.6598,0.0100
935,0.8154,0.0000,47.7174,0.0100
935,0.8154,0.0000,58.8033,0.0100
935,0.8154,0.0000,50.8571,0.0100
936,1060.6762,0.0000,73.1572,0.0100
936,1060.6762,0.0000,74.2095,0.0100
936,1060.6762,0.0000,84.0235,0.0100
936,1060.6762,0.0000,79.3211,0.0100
936,1060.6762,0.0000,74.6607,0.0100
936,1060.6762,0.0000,77.1232,0.0100
936,1060.6762,0.0000,73.2018,0.0100
936,1060.6762,0.0000,77.5608,0.0100
937,1.1582,0.0000,62.6931,0.0100
937,1.1582,0.0000,68.8224,0.0100
937,1.1582,0.0000,78.6713,0.0100
937,1.1582,0.0000,77.6174,0.0100
937,1.1582,0.0000,68.1315,0.0100
937,1.1582,0.0000,69.5055,0.0100
937,1.1582,0.0000,63.5511,0.0100
937,1.1582,0.0000,72.8294,0.0100
938,1401.6210,0.0000,85.8099,0.0100
938,1401.6210,0.0000,87.2883,0.0100
938,1401.6210,0.0000,85.9336,0.0100
938,1401.6210,0.0000,87.6412,0.0100
938,1401.6210,0.0000,88.2823,0.0100
938,1401.6210,0.0000,85.3368,0.0100
938,1401.6210,0.0000,89.5312,0.0100
938,1401.6210,0.0000,87.8494,0.0100
939,1.1324,0.0000,82.7512,0.0100
939,1.1324,0.0000,77.1337,0.0100
939,1.1324,0.0000,82.8956,0.0100
939,1.1324,0.0000,84.8157,0.0100
939,1.1324,0.0000,76.2175,0.0100
939,1.1324,0.0000,82.7078,0.0100
939,1.1324,0.0000,75.6845,0.0100
939,1.1324,0.0000,82.1491,0.0100
940,857.7163,111.3899,106.6581,0.0100
940,857.7163,85.7167,108.8793,0.0100
940,857.7163,103.1794,108.2637,0.0100
940,857.7163,118.5598,107.4386,0.0100
940,857.7163,102.2390,106.8055,0.0100
940,857.7163,129.7028,104.7258,0.0100
940,857.7163,107.0680,107.8615,0.0100
940,857.7163,104.6271,109.0855,0.0100
941,0.7946,0.0000,98.5018,0.0100
941,0.7946,0.0000,95.9287,0.0100
941,0.7946,0.0000,99.2721,0.0100
941,0.7946,0.0000,99.0787,0.0100
941,0.7946,0.0000,95.4900,0.0100
941,0.7946,0.0000,94.6398,0.0100
941,0.7946,0.0000,93.1169,0.0100
941,0.7946,0.0000,99.2114,0.0100
942,1401.8494,0.0000,47.4733,0.0100
942,1401.8494,0.0000,46.9070,0.0100
942,1401.8494,0.0000,56.3247,0.0100
942,1401.8494,0.0000,53.0631,0.0100
942,1401.8494,0.0000,48.7041,0.0100
942,1401.8494,0.0000,51.9062,0.0100
942,1401.8494,0.0000,48.4198,0.0100
942,1401.8494,0.0000,49.9051,0.0100
943,1.1621,0.0000,42.7767,0.0100
943,1.1621,0.0000,48.9803,0.0100
943,1.1621,0.0000,52.3853,0.0100
943,1.1621,0.0000,54.6865,0.0100
943,1.1621,0.0000,44.8204,0.0100
943,1.1621,0.0000,47.3225,0.0100
943,1.1621,0.0000,42.1601,0.0100
943,1.1621,0.0000,48.2748,0.0100
944,703.5441,0.0000,103.9316,0.0100
944,703.5441,0.0000,107.1694,0.0100
944,703.5441,0.0000,110.6364,0.0100
944,703.5441,0.0000,107.0742,0.0100
944,703.5441,0.0000,103.5643,0.0100
944,703.5441,0.0000,102.9018,0.0100
944,703.5441,0.0000,103.1294,0.0100
944,703.5441,0.0000,107.5027,0.0100
945,0.7569,0.0000,91.6940,0.0100
945,0.7569,0.0000,94.8296,0.0100
945,0.7569,0.0000,102.5176,0.0100
945,0.7569,0.0000,99.7654,0.0100
945,0.7569,0.0000,92.0874,0.0100
945,0.7569,0.0000,93.3162,0.0100
945,0.7569,0.0000,88.9239,0.0100
945,0.7569,0.0000,98.3576,0.0100
946,1599.8993,0.0000,32.3295,0.0100
946,1599.8993,0.0000,35.0567,0.0100
946,1599.8993,0.0000,37.1805,0.0100
946,1599.8993,0.0000,37.7266,0.0100
946,1599.8993,0.0000,34.9385,0.0100
946,1599.8993,0.0000,37.9946,0.0100
946,1599.8993,0.0000,37.5821,0.0100
946,1599.8993,0.0000,33.6835,0.0100
947,1.2062,0.0000,35.6032,0.0100
947,1.2062,0.0000,40.1335,0.0100
947,1.2062,0.0000,39.2634,0.0100
947,1.2062,0.0000,42.4595,0.0100
947,1.2062,0.0000,34.6851,0.0100
947,1.2062,0.0000,36.0854,0.0100
947,1.2062,0.0000,36.3720,0.0100
947,1.2062,0.0000,36.4824,0.0100
948,3150.9673,87.8769,56.3688,0.0100
948,3150.9673,90.5588,61.1351,0.0100
948,3150.9673,82.7615,58.9135,0.0100
948,3150.9673,94.2136,59.7207,0.0100
948,3150.9673,91.1573,60.5346,0.0100
948,3150.9673,80.1326,58.8217,0.0100
948,3150.9673,114.4372,62.5177,0.0100
948,3150.9673,104.9993,58.5713,0.0100
949,1.2240,0.0000,63.4643,0.0100
949,1.2240,0.0000,58.2478,0.0100
949,1.2240,0.0000,58.7427,0.0100
949,1.2240,0.0000,60.5754,0.0100
949,1.2240,0.0000,57.3127,0.0100
949,1.2240,0.0000,55.9109,0.0100
949,1.2240,0.0000,61.8353,0.0100
949,1.2240,0.0000,0.0000,0.0100
950,1193.6872,0.0000,55.2285,0.0100
950,1193.6872,0.0000,59.4534,0.0100
950,1193.6872,0.0000,56.4066,0.0100
950,1193.6872,0.0000,56.6532,0.0100
950,1193.6872,0.0000,61.3715,0.0100
950,1193.6872,0.0000,57.4125,0.0100
950,1193.6872,0.0000,63.6339,0.0100
950,1193.6872,0.0000,56.8181,0.0100
951,1.1624,0.0000,61.1103,0.0100
951,1.1624,0.0000,55.8105,0.0100
951,1.1624,0.0000,54.2977,0.0100
951,1.1624,0.0000,55.4340,0.0100
951,1.1624,0.0000,55.0444,0.0100
951,1.1624,0.0000,50.9799,0.0100
951,1.1624,0.0000,60.3087,0.0100
951,1.1624,0.0000,56.5766,0.0100
952,1505.2348,0.0000,83.8860,0.0100
952,1505.2348,0.0000,85.5504,0.0100
952,1505.2348,0.0000,89.0785,0.0100
952,1505.2348,0.0000,87.5695,0.0100
952,1505.2348,0.0000,86.1334,0.0100
952,1505.2348,0.0000,85.8602,0.0100
952,1505.2348,0.0000,86.8550,0.0100
952,1505.2348,0.0000,87.2763,0.0100
953,1.1986,0.0000,82.1503,0.0100
953,1.1986,0.0000,79.9887,0.0100
953,1.1986,0.0000,86.7527,0.0100
953,1.1986,0.0000,87.6482,0.0100
953,1.1986,0.0000,80.9221,0.0100
953,1.1986,0.0000,81.1319,0.0100
953,1.1986,0.0000,78.0768,0.0100
953,1.1986,0.0000,84.4244,0.0100
954,1258.6072,0.0000,42.7493,0.0100
954,1258.6072,0.0000,41.3503,0.0100
954,1258.6072,0.0000,51.5652,0.0100
954,1258.6072,0.0000,48.9012,0.0100
954,1258.6072,0.0000,43.4980,0.0100
954,1258.6072,0.0000,47.9302,0.0100
954,1258.6072,0.0000,44.8546,0.0100
954,1258.6072,0.0000,44.3130,0.0100
955,1.1639,0.0000,38.7247,0.0100
955,1.1639,0.0000,44.6843,0.0100
955,1.1639,0.0000,46.6015,0.0100
955,1.1639,0.0000,51.2571,0.0100
955,1.1639,0.0000,40.2465,0.0100
955,1.1639,0.0000,41.9043,0.0100
955,1.1639,0.0000,39.5979,0.0100
955,1.1639,0.0000,42.4880,0.0100
956,1446.5041,108.1381,33.1803,0.0100
956,1446.5041,90.5376,38.0617,0.0100
956,1446.5041,72.1296,38.5763,0.0100
956,1446.5041,84.2807,38.7493,0.0100
956,1446.5041,92.7435,37.1383,0.0100
956,1446.5041,74.1040,39.3819,0.0100
956,1446.5041,53.0782,40.5459,0.0100
956,1446.5041,97.4931,35.2871,0.0100
957,1.1036,0.0000,39.4744,0.0100
957,1.1036,0.0000,43.5234,0.0100
957,1.1036,0.0000,43.2023,0.0100
957,1.1036,0.0000,43.1207,0.0100
957,1.1036,0.0000,36.0863,0.0100
957,1.1036,0.0000,38.0763,0.0100
957,1.1036,0.0000,37.2303,0.0100
957,1.1036,0.0000,39.6398,0.0100
958,971.0419,0.0000,101.4500,0.0100
958,971.0419,0.0000,102.2121,0.0100
958,971.0419,0.0000,99.0168,0.0100
958,971.0419,0.0000,99.7661,0.0100
958,971.0419,0.0000,102.0866,0.0100
958,971.0419,0.0000,97.6414,0.0100
958,971.0419,0.0000,102.5321,0.0100
958,971.0419,0.0000,102.0798,0.0100
959,0.9785,0.0000,99.3171,0.0100
959,0.9785,0.0000,94.4591,0.0100
959,0.9785,0.0000,0.0000,0.0100
959,0.9785,0.0000,96.9902,0.0100
959,0.9785,0.0000,92.7711,0.0100
959,0.9785,0.0000,93.6839,0.0100
959,0.9785,0.0000,93.2640,0.0100
959,0.9785,0.0000,98.6335,0.0100
960,860.5459,0.0000,41.7132,0.0100
960,860.5459,0.0000,45.0039,0.0100
960,860.5459,0.0000,47.7419,0.0100
960,860.5459,0.0000,46.6798,0.0100
960,860.5459,0.0000,49.0213,0.0100
960,860.5459,0.0000,49.4264,0.0100
960,860.5459,0.0000,53.5674,0.0100
960,860.5459,0.0000,41.7445,0.0100
961,0.9246,0.0000,47.1321,0.0100
961,0.9246,0.0000,48.1332,0.0100
961,0.9246,0.0000,49.7747,0.0100
961,0.9246,0.0000,49.7543,0.0100
961,0.9246,0.0000,45.4851,0.0100
961,0.9246,0.0000,43.9630,0.0100
961,0.9246,0.0000,51.1277,0.0100
961,0.9246,0.0000,43.5973,0.0100
962,7839.8375,76.5868,44.1483,0.0100
962,7839.8375,55.0971,49.0583,0.0100
962,7839.8375,93.1522,46.2214,0.0100
962,7839.8375,92.5251,42.9273,0.0100
962,7839.8375,61.9046,45.7292,0.0100
962,7839.8375,98.3284,44.8497,0.0100
962,7839.8375,94.6903,45.6927,0.0100
962,7839.8375,56.0261,46.8934,0.0100
963,1.2465,0.0000,0.0000,0.0100
963,1.2465,0.0000,43.1949,0.0100
963,1.2465,0.0000,41.7171,0.0100
963,1.2465,0.0000,42.2088,0.0100
963,1.2465,0.0000,37.3761,0.0100
963,1.2465,0.0000,38.5859,0.0100
963,1.2465,0.0000,37.6983,0.0100
963,1.2465,0.0000,40.5641,0.0100
964,947.5257,0.0000,56.8723,0.0100
964,947.5257,0.0000,60.3174,0.0100
964,947.5257,0.0000,58.5297,0.0100
964,947.5257,0.0000,57.4006,0.0100
964,947.5257,0.0000,64.2974,0.0100
964,947.5257,0.0000,59.4365,0.0100
964,947.5257,0.0000,57.5686,0.0100
965,1.0421,0.0000,62.6645,0.0100
965,1.0421,0.0000,57.8987,0.0100
965,1.0421,0.0000,56.1230,0.0100
965,1.0421,0.0000,55.6104,0.0100
965,1.0421,0.0000,56.9180,0.0100
965,1.0421,0.0000,51.3664,0.0100
965,1.0421,0.0000,62.4133,0.0100
965,1.0421,0.0000,56.5910,0.0100
966,1261.0307,0.0000,78.9286,0.0100
966,1261.0307,0.0000,80.8632,0.0100
966,1261.0307,0.0000,77.5080,0.0100
966,1261.0307,0.0000,78.6876,0.0100
966,1261.0307,0.0000,82.2486,0.0100
966,1261.0307,0.0000,78.8493,0.0100
966,1261.0307,0.0000,83.7359,0.0100
966,1261.0307,0.0000,79.3984,0.0100
967,1.1985,0.0000,81.9285,0.0100
967,1.1985,0.0000,73.6403,0.0100
967,1.1985,0.0000,0.0000,0.0100
967,1.1985,0.0000,76.2440,0.0100
967,1.1985,0.0000,75.2854,0.0100
967,1.1985,0.0000,73.2868,0.0100
967,1.1985,0.0000,77.9465,0.0100
967,1.1985,0.0000,76.4472,0.0100
968,2445.4895,49.1570,62.6183,0.0100
968,2445.4895,52.0236,63.3950,0.0100
968,2445.4895,68.6691,70.4232,0.0100
968,2445.4895,71.2214,67.0977,0.0100
968,2445.4895,59.9744,65.1326,0.0100
968,2445.4895,76.1096,66.4765,0.0100
968,2445.4895,51.4139,63.6287,0.0100
968,2445.4895,47.8436,65.8362,0.0100
969,1.2281,0.0000,56.0607,0.0100
969,1.2281,0.0000,62.5970,0.0100
969,1.2281,0.0000,68.2722,0.0100
969,1.2281,0.0000,69.7143,0.0100
969,1.2281,0.0000,60.6791,0.0100
969,1.2281,0.0000,63.4039,0.0100
969,1.2281,0.0000,55.5297,0.0100
969,1.2281,0.0000,64.4184,0.0100
970,2531.1382,0.0000,71.1891,0.0100
970,2531.1382,0.0000,72.4875,0.0100
970,2531.1382,0.0000,78.2796,0.0100
970,2531.1382,0.0000,75.9225,0.0100
970,2531.1382,0.0000,74.9262,0.0100
970,2531.1382,0.0000,75.5902,0.0100
970,2531.1382,0.0000,74.4811,0.0100
970,2531.1382,0.0000,74.6164,0.0100
971,1.2226,0.0000,75.7172,0.0100
971,1.2226,0.0000,78.4770,0.0100
971,1.2226,0.0000,81.9192,0.0100
971,1.2226,0.0000,83.9429,0.0100
971,1.2226,0.0000,78.0157,0.0100
971,1.2226,0.0000,78.5848,0.0100
971,1.2226,0.0000,0.0000,0.0100
971,1.2226,0.0000,80.9579,0.0100
972,1240.6707,0.0000,87.5466,0.0100
972,1240.6707,0.0000,87.6847,0.0100
972,1240.6707,0.0000,84.7142,0.0100
972,1240.6707,0.0000,86.1213,0.0100
972,1240.6707,0.0000,89.5325,0.0100
972,1240.6707,0.0000,85.7790,0.0100
972,1240.6707,0.0000,90.4638,0.0100
972,1240.6707,0.0000,87.4927,0.0100
973,1.1752,0.0000,89.8962,0.0100
973,1.1752,0.0000,79.9285,0.0100
973,1.1752,0.0000,82.7224,0.0100
973,1.1752,0.0000,83.3136,0.0100
973,1.1752,0.0000,81.8135,0.0100
973,1.1752,0.0000,80.4375,0.0100
973,1.1752,0.0000,82.8312,0.0100
973,1.1752,0.0000,83.6186,0.0100
974,1185.1527,51.9466,39.1563,0.0100
974,1185.1527,52.5629,39.0857,0.0100
974,1185.1527,80.6940,47.3336,0.0100
974,1185.1527,81.5633,47.8883,0.0100
974,1185.1527,77.5020,40.2011,0.0100
974,1185.1527,69.0952,46.4540,0.0100
974,1185.1527,55.3205,45.1798,0.0100
974,1185.1527,54.9699,39.9627,0.0100
975,1.1670,0.0000,38.5097,0.0100
975,1.1670,0.0000,43.5979,0.0100
975,1.1670,0.0000,43.1244,0.0100
975,1.1670,0.0000,50.4875,0.0100
975,1.1670,0.0000,38.8823,0.0100
975,1.1670,0.0000,41.1608,0.0100
975,1.1670,0.0000,41.9492,0.0100
975,1.1670,0.0000,39.5607,0.0100
976,743.1733,0.0000,114.3971,0.0100
976,743.1733,0.0000,116.8740,0.0100
976,743.1733,0.0000,117.8647,0.0100
976,743.1733,0.0000,115.6657,0.0100
976,743.1733,0.0000,112.1750,0.0100
976,743.1733,0.0000,111.7721,0.0100
976,743.1733,0.0000,112.6265,0.0100
976,743.1733,0.0000,115.9800,0.0100
977,0.7842,0.0000,101.0459,0.0100
977,0.7842,0.0000,102.0451,0.0100
977,0.7842,0.0000,107.5491,0.0100
977,0.7842,0.0000,106.1021,0.0100
977,0.7842,0.0000,98.3496,0.0100
977,0.7842,0.0000,99.9314,0.0100
977,0.7842,0.0000,95.0921,0.0100
977,0.7842,0.0000,104.2856,0.0100
978,1561.8921,0.0000,75.5370,0.0100
978,1561.8921,0.0000,77.3255,0.0100
978,1561.8921,0.0000,74.2524,0.0100
978,1561.8921,0.0000,75.5031,0.0100
978,1561.8921,0.0000,78.2424,0.0100
978,1561.8921,0.0000,75.2663,0.0100
978,1561.8921,0.0000,79.6448,0.0100
978,1561.8921,0.0000,75.3806,0.0100
979,1.1686,0.0000,83.2509,0.0100
979,1.1686,0.0000,76.8518,0.0100
979,1.1686,0.0000,78.9956,0.0100
979,1.1686,0.0000,78.1540,0.0100
979,1.1686,0.0000,75.1529,0.0100
979,1.1686,0.0000,75.6939,0.0100
979,1.1686,0.0000,77.2054,0.0100
979,1.1686,0.0000,79.1488,0.0100
980,966.7063,0.0000,109.8816,0.0100
980,966.7063,0.0000,110.3103,0.0100
980,966.7063,0.0000,107.1237,0.0100
980,966.7063,0.0000,107.9117,0.0100
980,966.7063,0.0000,109.2227,0.0100
980,966.7063,0.0000,105.6656,0.0100
980,966.7063,0.0000,109.9473,0.0100
980,966.7063,0.0000,110.4720,0.0100
981,1.0258,0.0000,104.9909,0.0100
981,1.0258,0.0000,98.2257,0.0100
981,1.0258,0.0000,100.0107,0.0100
981,1.0258,0.0000,100.1403,0.0100
981,1.0258,0.0000,96.1339,0.0100
981,1.0258,0.0000,97.8387,0.0100
981,1.0258,0.0000,94.9725,0.0100
981,1.0258,0.0000,101.9533,0.0100
982,654.6200,0.0000,48.1869,0.0100
982,654.6200,0.0000,44.8287,0.0100
982,654.6200,0.0000,60.5259,0.0100
982,654.6200,0.0000,59.6726,0.0100
982,654.6200,0.0000,52.4012,0.0100
982,654.6200,0.0000,57.8752,0.0100
982,654.6200,0.0000,61.1227,0.0100
982,654.6200,0.0000,46.8891,0.0100
983,0.6775,0.0000,46.4184,0.0100
983,0.6775,0.0000,47.2705,0.0100
983,0.6775,0.0000,55.0277,0.0100
983,0.6775,0.0000,59.4985,0.0100
983,0.6775,0.0000,45.9789,0.0100
983,0.6775,0.0000,46.4641,0.0100
983,0.6775,0.0000,52.3405,0.0100
983,0.6775,0.0000,40.7858,0.0100
984,6058.9107,66.1315,66.2646,0.0100
984,6058.9107,34.1503,69.0230,0.0100
984,6058.9107,77.9707,67.8246,0.0100
984,6058.9107,54.1263,69.8540,0.0100
984,6058.9107,42.9098,69.3569,0.0100
984,6058.9107,75.8186,68.7913,0.0100
984,6058.9107,68.1975,70.9667,0.0100
984,6058.9107,52.5536,67.9755,0.0100
985,1.2305,0.0000,78.5481,0.0100
985,1.2305,0.0000,69.6729,0.0100
985,1.2305,0.0000,73.0211,0.0100
985,1.2305,0.0000,73.9476,0.0100
985,1.2305,0.0000,70.4602,0.0100
985,1.2305,0.0000,71.9353,0.0100
985,1.2305,0.0000,73.4761,0.0100
985,1.2305,0.0000,73.2211,0.0100
986,915.3882,0.0000,57.2946,0.0100
986,915.3882,0.0000,60.7028,0.0100
986,915.3882,0.0000,59.4214,0.0100
986,915.3882,0.0000,57.8864,0.0100
986,915.3882,0.0000,65.2761,0.0100
986,915.3882,0.0000,60.8938,0.0100
986,915.3882,0.0000,68.6786,0.0100
986,915.3882,0.0000,57.6613,0.0100
987,0.9651,0.0000,0.0000,0.0100
987,0.9651,0.0000,59.6215,0.0100
987,0.9651,0.0000,58.0718,0.0100
987,0.9651,0.0000,57.5545,0.0100
987,0.9651,0.0000,58.1871,0.0100
987,0.9651,0.0000,52.7024,0.0100
987,0.9651,0.0000,63.5408,0.0100
987,0.9651,0.0000,58.1662,0.0100
988,940.2189,0.0000,40.4167,0.0100
988,940.2189,0.0000,42.5346,0.0100
988,940.2189,0.0000,46.9351,0.0100
988,940.2189,0.0000,47.3303,0.0100
988,940.2189,0.0000,45.5089,0.0100
988,940.2189,0.0000,48.2279,0.0100
988,940.2189,0.0000,50.9392,0.0100
988,940.2189,0.0000,40.1994,0.0100
989,1.0434,0.0000,44.4267,0.0100
989,1.0434,0.0000,45.7125,0.0100
989,1.0434,0.0000,46.6787,0.0100
989,1.0434,0.0000,49.8547,0.0100
989,1.0434,0.0000,42.4436,0.0100
989,1.0434,0.0000,42.5880,0.0100
989,1.0434,0.0000,47.1200,0.0100
989,1.0434,0.0000,40.4063,0.0100
990,811.5049,74.7014,120.4481,0.0100
990,811.5049,73.4955,121.8576,0.0100
990,811.5049,75.0232,119.4250,0.0100
990,811.5049,73.9985,118.7693,0.0100
990,811.5049,51.4920,118.2775,0.0100
990,811.5049,48.8040,115.9336,0.0100
990,811.5049,45.1980,119.5460,0.0100
990,811.5049,42.4284,121.1723,0.0100
991,0.8541,0.0000,109.5111,0.0100
991,0.8541,0.0000,106.7249,0.0100
991,0.8541,0.0000,109.5064,0.0100
991,0.8541,0.0000,108.4211,0.0100
991,0.8541,0.0000,103.2900,0.0100
991,0.8541,0.0000,105.5763,0.0100
991,0.8541,0.0000,100.6967,0.0100
991,0.8541,0.0000,109.6279,0.0100
992,1806.1597,0.0000,69.3368,0.0100
992,1806.1597,0.0000,72.4711,0.0100
992,1806.1597,0.0000,69.3745,0.0100
992,1806.1597,0.0000,70.4880,0.0100
992,1806.1597,0.0000,73.0512,0.0100
992,1806.1597,0.0000,70.7164,0.0100
992,1806.1597,0.0000,74.7812,0.0100
992,1806.1597,0.0000,70.0208,0.0100
993,1.2158,0.0000,74.1968,0.0100
993,1.2158,0.0000,65.1576,0.0100
993,1.2158,0.0000,66.8922,0.0100
993,1.2158,0.0000,68.1583,0.0100
993,1.2158,0.0000,65.9089,0.0100
993,1.2158,0.0000,65.2650,0.0100
993,1.2158,0.0000,70.4639,0.0100
993,1.2158,0.0000,68.4163,0.0100
994,854.2966,0.0000,42.8602,0.0100
994,854.2966,0.0000,40.1769,0.0100
994,854.2966,0.0000,53.5883,0.0100
994,854.2966,0.0000,53.7751,0.0100
994,854.2966,0.0000,44.4913,0.0100
994,854.2966,0.0000,51.1565,0.0100
994,854.2966,0.0000,50.3475,0.0100
994,854.2966,0.0000,42.6559,0.0100
995,0.9345,0.0000,41.3329,0.0100
995,0.9345,0.0000,45.3416,0.0100
995,0.9345,0.0000,48.2569,0.0100
995,0.9345,0.0000,55.9049,0.0100
995,0.9345,0.0000,41.6612,0.0100
995,0.9345,0.0000,43.6499,0.0100
995,0.9345,0.0000,45.9170,0.0100
995,0.9345,0.0000,40.7395,0.0100
996,1540.7693,0.0000,46.1775,0.0100
996,1540.7693,0.0000,45.2279,0.0100
996,1540.7693,0.0000,53.7144,0.0100
996,1540.7693,0.0000,51.3454,0.0100
996,1540.7693,0.0000,46.9166,0.0100
996,1540.7693,0.0000,50.9004,0.0100
996,1540.7693,0.0000,47.8811,0.0100
996,1540.7693,0.0000,47.5019,0.0100
997,1.1966,0.0000,41.0110,0.0100
997,1.1966,0.0000,46.9512,0.0100
997,1.1966,0.0000,46.6781,0.0100
997,1.1966,0.0000,52.3400,0.0100
997,1.1966,0.0000,41.6124,0.0100
997,1.1966,0.0000,44.1284,0.0100
997,1.1966,0.0000,41.0775,0.0100
997,1.1966,0.0000,44.0605,0.0100
998,1015.4614,0.0000,84.6640,0.0100
998,1015.4614,0.0000,85.4904,0.0100
998,1015.4614,0.0000,93.7738,0.0100
998,1015.4614,0.0000,89.8806,0.0100
998,1015.4614,0.0000,84.2367,0.0100
998,1015.4614,0.0000,86.4620,0.0100
998,1015.4614,0.0000,83.0575,0.0100
998,1015.4614,0.0000,87.6519,0.0100
999,1.0841,0.0000,70.8444,0.0100
999,1.0841,0.0000,76.2326,0.0100
999,1.0841,0.0000,84.2691,0.0100
999,1.0841,0.0000,85.2834,0.0100
999,1.0841,0.0000,73.9206,0.0100
999,1.0841,0.0000,76.2507,0.0100
999,1.0841,0.0000,69.7807,0.0100
999,1.0841,0.0000,79.8052,0.0100
1000,1378.5724,87.8657,62.1866,0.0100
1000,1378.5724,79.0785,61.7942,0.0100
1000,1378.5724,74.9549,71.0177,0.0100
1000,1378.5724,57.0163,67.8004,0.0100
1000,1378.5724,66.6336,62.6752,0.0100
1000,1378.5724,69.1882,65.7968,0.0100
1000,1378.5724,87.0360,61.3633,0.0100
1000,1378.5724,64.5838,64.6924,0.0100
1001,1.1737,0.0000,52.8025,0.0100
1001,1.1737,0.0000,59.0194,0.0100
1001,1.1737,0.0000,63.9826,0.0100
1001,1.1737,0.0000,66.4209,0.0100
1001,1.1737,0.0000,55.2937,0.0100
1001,1.1737,0.0000,58.5830,0.0100
1001,1.1737,0.0000,51.0302,0.0100
1001,1.1737,0.0000,59.6826,0.0100
1002,3233.7041,0.0000,48.7398,0.0100
1002,3233.7041,0.0000,50.1320,0.0100
1002,3233.7041,0.0000,53.2086,0.0100
1002,3233.7041,0.0000,50.5232,0.0100
1002,3233.7041,0.0000,50.2397,0.0100
1002,3233.7041,0.0000,51.1002,0.0100
1002,3233.7041,0.0000,49.4286,0.0100
1002,3233.7041,0.0000,50.7780,0.0100
1003,1.2054,0.0000,41.4757,0.0100
1003,1.2054,0.0000,48.0300,0.0100
1003,1.2054,0.0000,46.0220,0.0100
1003,1.2054,0.0000,51.6378,0.0100
1003,1.2054,0.0000,42.6957,0.0100
1003,1.2054,0.0000,45.0650,0.0100
1003,1.2054,0.0000,41.0096,0.0100
1003,1.2054,0.0000,45.3833,0.0100
1004,1538.9812,0.0000,37.6145,0.0100
1004,1538.9812,0.0000,39.3074,0.0100
1004,1538.9812,0.0000,42.9683,0.0100
1004,1538.9812,0.0000,43.4002,0.0100
1004,1538.9812,0.0000,38.8504,0.0100
1004,1538.9812,0.0000,43.3504,0.0100
1004,1538.9812,0.0000,42.1728,0.0100
1004,1538.9812,0.0000,38.2635,0.0100
1005,1.1782,0.0000,39.9737,0.0100
1005,1.1782,0.0000,44.2031,0.0100
1005,1.1782,0.0000,42.2341,0.0100
1005,1.1782,0.0000,48.7582,0.0100
1005,1.1782,0.0000,38.2126,0.0100
1005,1.1782,0.0000,41.2274,0.0100
1005,1.1782,0.0000,40.5803,0.0100
1005,1.1782,0.0000,40.6237,0.0100
1006,1150.5029,65.4033,37.7432,0.0100
1006,1150.5029,64.3140,38.0393,0.0100
1006,1150.5029,55.9003,45.0088,0.0100
1006,1150.5029,73.8176,45.5705,0.0100
1006,1150.5029,41.1247,39.5788,0.0100
1006,1150.5029,90.1450,44.8826,0.0100
1006,1150.5029,77.5687,44.2601,0.0100
1006,1150.5029,35.2800,37.9644,0.0100
1007,1.1466,0.0000,38.9294,0.0100
1007,1.1466,0.0000,43.1447,0.0100
1007,1.1466,0.0000,42.2923,0.0100
1007,1.1466,0.0000,49.2606,0.0100
1007,1.1466,0.0000,37.9184,0.0100
1007,1.1466,0.0000,40.1831,0.0100
1007,1.1466,0.0000,41.6701,0.0100
1007,1.1466,0.0000,38.3835,0.0100
1008,1105.0386,0.0000,76.7460,0.0100
1008,1105.0386,0.0000,77.5466,0.0100
1008,1105.0386,0.0000,86.9594,0.0100
1008,1105.0386,0.0000,83.0626,0.0100
1008,1105.0386,0.0000,77.4322,0.0100
1008,1105.0386,0.0000,80.0731,0.0100
1008,1105.0386,0.0000,76.0663,0.0100
1008,1105.0386,0.0000,80.2164,0.0100
1009,1.1359,0.0000,62.7593,0.0100
1009,1.1359,0.0000,69.7841,0.0100
1009,1.1359,0.0000,77.2071,0.0100
1009,1.1359,0.0000,79.1223,0.0100
1009,1.1359,0.0000,67.4252,0.0100
1009,1.1359,0.0000,70.2469,0.0100
1009,1.1359,0.0000,63.2004,0.0100
1009,1.1359,0.0000,72.6983,0.0100
1010,1175.7866,0.0000,100.5296,0.0100
1010,1175.7866,0.0000,103.1430,0.0100
1010,1175.7866,0.0000,104.2626,0.0100
1010,1175.7866,0.0000,103.5571,0.0100
1010,1175.7866,0.0000,102.2514,0.0100
1010,1175.7866,0.0000,101.5254,0.0100
1010,1175.7866,0.0000,103.6998,0.0100
1010,1175.7866,0.0000,104.4762,0.0100
1011,1.1012,0.0000,93.2734,0.0100
1011,1.1012,0.0000,91.5761,0.0100
1011,1.1012,0.0000,96.5182,0.0100
1011,1.1012,0.0000,97.5971,0.0100
1011,1.1012,0.0000,89.8743,0.0100
1011,1.1012,0.0000,92.0062,0.0100
1011,1.1012,0.0000,87.7257,0.0100
1011,1.1012,0.0000,95.8868,0.0100
1012,2119.2243,0.0000,49.1602,0.0100
1012,2119.2243,0.0000,56.3197,0.0100
1012,2119.2243,0.0000,53.5198,0.0100
1012,2119.2243,0.0000,53.3394,0.0100
1012,2119.2243,0.0000,55.4097,0.0100
1012,2119.2243,0.0000,55.1394,0.0100
1012,2119.2243,0.0000,58.1665,0.0100
1012,2119.2243,0.0000,53.6081,0.0100
1013,1.2256,0.0000,54.1904,0.0100
1013,1.2256,0.0000,53.2390,0.0100
1013,1.2256,0.0000,51.0428,0.0100
1013,1.2256,0.0000,52.9237,0.0100
1013,1.2256,0.0000,51.6345,0.0100
1013,1.2256,0.0000,48.8193,0.0100
1013,1.2256,0.0000,54.8676,0.0100
1013,1.2256,0.0000,54.0591,0.0100
1014,1080.3438,0.0000,39.3566,0.0100
1014,1080.3438,0.0000,39.9016,0.0100
1014,1080.3438,0.0000,47.6553,0.0100
1014,1080.3438,0.0000,48.7875,0.0100
1014,1080.3438,0.0000,42.8715,0.0100
1014,1080.3438,0.0000,48.4974,0.0100
1014,1080.3438,0.0000,47.9687,0.0100
1014,1080.3438,0.0000,40.1229,0.0100
1015,1.1165,0.0000,40.8825,0.0100
1015,1.1165,0.0000,44.9402,0.0100
1015,1.1165,0.0000,44.5667,0.0100
1015,1.1165,0.0000,52.0659,0.0100
1015,1.1165,0.0000,40.5323,0.0100
1015,1.1165,0.0000,42.7805,0.0100
1015,1.1165,0.0000,44.7496,0.0100
1015,1.1165,0.0000,40.2243,0.0100
1016,944.6118,76.6053,43.0290,0.0100
1016,944.6118,114.6213,47.1788,0.0100
1016,944.6118,94.1985,49.1350,0.0100
1016,944.6118,77.1890,48.8150,0.0100
1016,944.6118,97.3114,50.4428,0.0100
1016,944.6118,132.9380,51.2492,0.0100
1016,944.6118,104.7995,55.0537,0.0100
1016,944.6118,76.3475,43.6173,0.0100
1017,1.0153,0.0000,48.5463,0.0100
1017,1.0153,0.0000,49.6087,0.0100
1017,1.0153,0.0000,49.4236,0.0100
1017,1.0153,0.0000,51.6825,0.0100
1017,1.0153,0.0000,46.2449,0.0100
1017,1.0153,0.0000,45.2099,0.0100
1017,1.0153,0.0000,51.7987,0.0100
1017,1.0153,0.0000,45.3627,0.0100
1018,938.9491,0.0000,54.6452,0.0100
1018,938.9491,0.0000,60.7927,0.0100
1018,938.9491,0.0000,58.7791,0.0100
1018,938.9491,0.0000,57.1851,0.0100
1018,938.9491,0.0000,63.7752,0.0100
1018,938.9491,0.0000,59.6938,0.0100
1018,938.9491,0.0000,67.5174,0.0100
1018,938.9491,0.0000,57.0391,0.0100
1019,0.5442,0.0000,59.9269,0.0100
1019,0.5442,0.0000,56.5136,0.0100
1019,0.5442,0.0000,52.4566,0.0100
1019,0.5442,0.0000,55.3163,0.0100
1019,0.5442,0.0000,54.0708,0.0100
1019,0.5442,0.0000,50.5719,0.0100
1019,0.5442,0.0000,57.6180,0.0100
1019,0.5442,0.0000,56.8939,0.0100
1020,1282.2895,0.0000,98.8579,0.0100
1020,1282.2895,0.0000,101.5542,0.0100
1020,1282.2895,0.0000,99.3032,0.0100
1020,1282.2895,0.0000,100.5678,0.0100
1020,1282.2895,0.0000,102.3495,0.0100
1020,1282.2895,0.0000,98.6290,0.0100
1020,1282.2895,0.0000,102.9670,0.0100
1020,1282.2895,0.0000,102.5505,0.0100
1021,1.1517,0.0000,97.7142,0.0100
1021,1.1517,0.0000,91.2471,0.0100
1021,1.1517,0.0000,94.4854,0.0100
1021,1.1517,0.0000,95.6480,0.0100
1021,1.1517,0.0000,91.1611,0.0100
1021,1.1517,0.0000,92.9109,0.0100
1021,1.1517,0.0000,90.2063,0.0100
1021,1.1517,0.0000,96.5163,0.0100
1022,1211.8176,0.0000,73.0552,0.0100
1022,1211.8176,0.0000,73.7075,0.0100
1022,1211.8176,0.0000,83.3171,0.0100
1022,1211.8176,0.0000,79.4573,0.0100
1022,1211.8176,0.0000,74.1325,0.0100
1022,1211.8176,0.0000,76.7958,0.0100
1022,1211.8176,0.0000,72.5014,0.0100
1022,1211.8176,0.0000,76.9287,0.0100
1023,1.1509,0.0000,60.2126,0.0100
1023,1.1509,0.0000,67.4173,0.0100
1023,1.1509,0.0000,74.3174,0.0100
1023,1.1509,0.0000,76.3827,0.0100
1023,1.1509,0.0000,64.6076,0.0100
1023,1.1509,0.0000,67.7277,0.0100
1023,1.1509,0.0000,60.0781,0.0100
1023,1.1509,0.0000,69.9029,0.0100
1024,670.9431,0.0000,116.9665,0.0100
1024,670.9431,0.0000,121.8586,0.0100
1024,670.9431,0.0000,124.2515,0.0100
1024,670.9431,0.0000,121.1267,0.0100
1024,670.9431,0.0000,116.6375,0.0100
1024,670.9431,0.0000,115.8620,0.0100
1024,670.9431,0.0000,116.3768,0.0100
1024,670.9431,0.0000,121.3420,0.0100
1025,0.7374,0.0000,100.0299,0.0100
1025,0.7374,0.0000,104.8662,0.0100
1025,0.7374,0.0000,111.5245,0.0100
1025,0.7374,0.0000,109.7210,0.0100
1025,0.7374,0.0000,100.5196,0.0100
1025,0.7374,0.0000,102.7107,0.0100
1025,0.7374,0.0000,97.4397,0.0100
1025,0.7374,0.0000,107.9528,0.0100
1026,2097.8828,70.5480,40.4902,0.0100
1026,2097.8828,96.1689,41.7892,0.0100
1026,2097.8828,89.0378,44.8170,0.0100
1026,2097.8828,66.9197,44.4428,0.0100
1026,2097.8828,90.6305,42.0166,0.0100
1026,2097.8828,88.0824,44.6190,0.0100
1026,2097.8828,100.9726,43.1898,0.0100
1026,2097.8828,60.0226,42.0195,0.0100
1027,1.2160,0.0000,38.5336,0.0100
1027,1.2160,0.0000,43.6495,0.0100
1027,1.2160,0.0000,41.2672,0.0100
1027,1.2160,0.0000,47.7070,0.0100
1027,1.2160,0.0000,38.2585,0.0100
1027,1.2160,0.0000,40.8851,0.0100
1027,1.2160,0.0000,39.2709,0.0100
1027,1.2160,0.0000,40.4281,0.0100
1028,1073.5189,0.0000,46.5980,0.0100
1028,1073.5189,0.0000,44.7002,0.0100
1028,1073.5189,0.0000,57.6233,0.0100
1028,1073.5189,0.0000,56.7675,0.0100
1028,1073.5189,0.0000,48.7257,0.0100
1028,1073.5189,0.0000,54.4886,0.0100
1028,1073.5189,0.0000,52.1441,0.0100
1028,1073.5189,0.0000,48.1878,0.0100
1029,1.1691,0.0000,40.7704,0.0100
1029,1.1691,0.0000,46.3722,0.0100
1029,1.1691,0.0000,47.9552,0.0100
1029,1.1691,0.0000,55.4254,0.0100
1029,1.1691,0.0000,42.1109,0.0100
1029,1.1691,0.0000,44.6900,0.0100
1029,1.1691,0.0000,44.4445,0.0100
1029,1.1691,0.0000,43.4602,0.0100
1030,948.3693,0.0000,112.7346,0.0100
1030,948.3693,0.0000,115.4686,0.0100
1030,948.3693,0.0000,112.3637,0.0100
1030,948.3693,0.0000,113.1381,0.0100
1030,948.3693,0.0000,115.0499,0.0100
1030,948.3693,0.0000,110.8663,0.0100
1030,948.3693,0.0000,115.6457,0.0100
1030,948.3693,0.0000,116.5946,0.0100
1031,1.0409,0.0000,105.1327,0.0100
1031,1.0409,0.0000,100.8300,0.0100
1031,1.0409,0.0000,102.2943,0.0100
1031,1.0409,0.0000,102.7438,0.0100
1031,1.0409,0.0000,99.5232,0.0100
1031,1.0409,0.0000,100.6389,0.0100
1031,1.0409,0.0000,98.5692,0.0100
1031,1.0409,0.0000,105.5759,0.0100
1032,1450.1264,0.0000,38.1654,0.0100
1032,1450.1264,0.0000,40.2623,0.0100
1032,1450.1264,0.0000,44.2332,0.0100
1032,1450.1264,0.0000,44.8417,0.0100
1032,1450.1264,0.0000,40.2516,0.0100
1032,1450.1264,0.0000,44.6427,0.0100
1032,1450.1264,0.0000,43.7581,0.0100
1032,1450.1264,0.0000,39.2470,0.0100
1033,1.1603,0.0000,40.4776,0.0100
1033,1.1603,0.0000,45.0424,0.0100
1033,1.1603,0.0000,42.7046,0.0100
1033,1.1603,0.0000,49.8104,0.0100
1033,1.1603,0.0000,38.8723,0.0100
1033,1.1603,0.0000,41.8822,0.0100
1033,1.1603,0.0000,41.7518,0.0100
1033,1.1603,0.0000,41.3088,0.0100
1034,1231.4311,0.0000,62.2307,0.0100
1034,1231.4311,0.0000,61.6102,0.0100
1034,1231.4311,0.0000,72.0442,0.0100
1034,1231.4311,0.0000,68.9081,0.0100
1034,1231.4311,0.0000,63.0647,0.0100
1034,1231.4311,0.0000,66.5937,0.0100
1034,1231.4311,0.0000,62.3392,0.0100
1034,1231.4311,0.0000,65.4815,0.0100
1035,1.1651,0.0000,52.1429,0.0100
1035,1.1651,0.0000,57.9102,0.0100
1035,1.1651,0.0000,63.3054,0.0100
1035,1.1651,0.0000,66.1947,0.0100
1035,1.1651,0.0000,54.7554,0.0100
1035,1.1651,0.0000,57.7474,0.0100
1035,1.1651,0.0000,50.9572,0.0100
1035,1.1651,0.0000,59.1627,0.0100
1036,882.4626,0.0000,60.2181,0.0100
1036,882.4626,0.0000,64.5109,0.0100
1036,882.4626,0.0000,63.0506,0.0100
1036,882.4626,0.0000,61.8510,0.0100
1036,882.4626,0.0000,69.7952,0.0100
1036,882.4626,0.0000,64.9704,0.0100
1036,882.4626,0.0000,73.2726,0.0100
1036,882.4626,0.0000,61.9462,0.0100
1037,0.9563,0.0000,64.5905,0.0100
1037,0.9563,0.0000,61.4785,0.0100
1037,0.9563,0.0000,58.7119,0.0100
1037,0.9563,0.0000,59.1005,0.0100
1037,0.9563,0.0000,60.4653,0.0100
1037,0.9563,0.0000,54.3115,0.0100
1037,0.9563,0.0000,66.2725,0.0100
1037,0.9563,0.0000,59.6482,0.0100
1038,716.5615,87.8816,49.6889,0.0100
1038,716.5615,94.6338,49.0359,0.0100
1038,716.5615,48.9668,60.2621,0.0100
1038,716.5615,78.0848,60.3381,0.0100
1038,716.5615,102.5227,55.6955,0.0100
1038,716.5615,83.3693,59.3764,0.0100
1038,716.5615,78.0617,64.0597,0.0100
1038,716.5615,82.9799,49.0594,0.0100
1039,0.7696,0.0000,49.4006,0.0100
1039,0.7696,0.0000,51.3678,0.0100
1039,0.7696,0.0000,54.5849,0.0100
1039,0.7696,0.0000,59.8147,0.0100
1039,0.7696,0.0000,49.3196,0.0100
1039,0.7696,0.0000,47.3858,0.0100
1039,0.7696,0.0000,56.2318,0.0100
1039,0.7696,0.0000,42.7606,0.0100
1040,882.9535,0.0000,113.3081,0.0100
1040,882.9535,0.0000,116.6403,0.0100
1040,882.9535,0.0000,117.8425,0.0100
1040,882.9535,0.0000,116.1614,0.0100
1040,882.9535,0.0000,113.7034,0.0100
1040,882.9535,0.0000,112.8928,0.0100
1040,882.9535,0.0000,115.5594,0.0100
1040,882.9535,0.0000,117.5725,0.0100
1041,0.9629,0.0000,99.9293,0.0100
1041,0.9629,0.0000,100.0873,0.0100
1041,0.9629,0.0000,105.4746,0.0100
1041,0.9629,0.0000,105.2672,0.0100
1041,0.9629,0.0000,98.1853,0.0100
1041,0.9629,0.0000,98.9971,0.0100
1041,0.9629,0.0000,95.3978,0.0100
1041,0.9629,0.0000,104.7491,0.0100
1042,1797.0231,0.0000,72.1900,0.0100
1042,1797.0231,0.0000,72.9276,0.0100
1042,1797.0231,0.0000,81.9547,0.0100
1042,1797.0231,0.0000,78.1278,0.0100
1042,1797.0231,0.0000,75.0190,0.0100
1042,1797.0231,0.0000,76.6285,0.0100
1042,1797.0231,0.0000,73.6873,0.0100
1042,1797.0231,0.0000,76.6984,0.0100
1043,1.1914,0.0000,61.7991,0.0100
1043,1.1914,0.0000,68.5334,0.0100
1043,1.1914,0.0000,74.7793,0.0100
1043,1.1914,0.0000,77.5969,0.0100
1043,1.1914,0.0000,66.9466,0.0100
1043,1.1914,0.0000,70.1191,0.0100
1043,1.1914,0.0000,61.7650,0.0100
1043,1.1914,0.0000,71.9974,0.0100
1044,1260.3372,0.0000,78.1912,0.0100
1044,1260.3372,0.0000,82.4638,0.0100
1044,1260.3372,0.0000,79.4315,0.0100
1044,1260.3372,0.0000,81.1045,0.0100
1044,1260.3372,0.0000,85.0221,0.0100
1044,1260.3372,0.0000,82.0726,0.0100
1044,1260.3372,0.0000,86.6041,0.0100
1044,1260.3372,0.0000,80.7950,0.0100
1045,1.0733,0.0000,69.4631,0.0100
1045,1.0733,0.0000,60.3402,0.0100
1045,1.0733,0.0000,65.8717,0.0100
1045,1.0733,0.0000,68.7786,0.0100
1045,1.0733,0.0000,64.5970,0.0100
1045,1.0733,0.0000,66.1923,0.0100
1045,1.0733,0.0000,69.4978,0.0100
1045,1.0733,0.0000,65.5753,0.0100
1046,801.9994,0.0000,124.2159,0.0100
1046,801.9994,0.0000,126.9302,0.0100
1046,801.9994,0.0000,123.9476,0.0100
1046,801.9994,0.0000,123.7006,0.0100
1046,801.9994,0.0000,124.6081,0.0100
1046,801.9994,0.0000,120.6317,0.0100
1046,801.9994,0.0000,126.0731,0.0100
1046,801.9994,0.0000,127.8848,0.0100
1047,0.9030,0.0000,112.0241,0.0100
1047,0.9030,0.0000,110.0625,0.0100
1047,0.9030,0.0000,111.9302,0.0100
1047,0.9030,0.0000,110.6227,0.0100
1047,0.9030,0.0000,107.5176,0.0100
1047,0.9030,0.0000,108.2102,0.0100
1047,0.9030,0.0000,105.6805,0.0100
1047,0.9030,0.0000,114.2028,0.0100
1048,942.4571,0.0000,41.6655,0.0100
1048,942.4571,0.0000,41.8411,0.0100
1048,942.4571,0.0000,50.3327,0.0100
1048,942.4571,0.0000,50.4723,0.0100
1048,942.4571,0.0000,44.7277,0.0100
1048,942.4571,0.0000,50.1183,0.0100
1048,942.4571,0.0000,51.3780,0.0100
1048,942.4571,0.0000,42.0728,0.0100
1049,0.9901,0.0000,44.2569,0.0100
1049,0.9901,0.0000,47.1825,0.0100
1049,0.9901,0.0000,47.7261,0.0100
1049,0.9901,0.0000,54.0660,0.0100
1049,0.9901,0.0000,42.8552,0.0100
1049,0.9901,0.0000,44.1837,0.0100
1049,0.9901,0.0000,47.9629,0.0100
1049,0.9901,0.0000,41.2266,0.0100
1050,1681.7972,94.5254,41.6056,0.0100
1050,1681.7972,83.1783,42.1207,0.0100
1050,1681.7972,78.7948,46.9541,0.0100
1050,1681.7972,76.9902,46.4670,0.0100
1050,1681.7972,66.8523,42.2178,0.0100
1050,1681.7972,72.8620,46.4896,0.0100
1050,1681.7972,95.9240,42.6810,0.0100
1051,1.1878,0.0000,40.3083,0.0100
1051,1.1878,0.0000,45.0920,0.0100
1051,1.1878,0.0000,43.0198,0.0100
1051,1.1878,0.0000,49.8989,0.0100
1051,1.1878,0.0000,39.5747,0.0100
1051,1.1878,0.0000,42.5141,0.0100
1051,1.1878,0.0000,41.5798,0.0100
1051,1.1878,0.0000,41.8374,0.0100
1052,785.4719,0.0000,127.3980,0.0100
1052,785.4719,0.0000,129.4743,0.0100
1052,785.4719,0.0000,126.0772,0.0100
1052,785.4719,0.0000,126.0922,0.0100
1052,785.4719,0.0000,127.7502,0.0100
1052,785.4719,0.0000,122.9893,0.0100
1052,785.4719,0.0000,128.7995,0.0100
1052,785.4719,0.0000,130.6940,0.0100
1053,0.8425,0.0000,114.9089,0.0100
1053,0.8425,0.0000,112.2294,0.0100
1053,0.8425,0.0000,113.7482,0.0100
1053,0.8425,0.0000,112.5569,0.0100
1053,0.8425,0.0000,109.5809,0.0100
1053,0.8425,0.0000,110.0164,0.0100
1053,0.8425,0.0000,108.0891,0.0100
1053,0.8425,0.0000,116.8400,0.0100
1054,902.9786,0.0000,119.8436,0.0100
1054,902.9786,0.0000,122.2164,0.0100
1054,902.9786,0.0000,119.7385,0.0100
1054,902.9786,0.0000,119.9439,0.0100
1054,902.9786,0.0000,121.1606,0.0100
1054,902.9786,0.0000,117.3614,0.0100
1054,902.9786,0.0000,122.1504,0.0100
1054,902.9786,0.0000,124.1153,0.0100
1055,0.9620,0.0000,108.8870,0.0100
1055,0.9620,0.0000,105.7896,0.0100
1055,0.9620,0.0000,108.0420,0.0100
1055,0.9620,0.0000,108.0821,0.0100
1055,0.9620,0.0000,103.8501,0.0100
1055,0.9620,0.0000,105.5341,0.0100
1055,0.9620,0.0000,101.8268,0.0100
1055,0.9620,0.0000,111.2663,0.0100
